#include "lvgl.h"

const LV_ATTRIBUTE_MEM_ALIGN LV_ATTRIBUTE_LARGE_CONST uint8_t emotion_funny_map[] = {
  0x5B, 0xFF, 0x5B, 0xFF, 0x5B, 0xFF, 0x5B, 0xFF, 0x5B, 0xFF, 0x5B, 0xFF, 0x5B, 0xFF, 0x5B, 0xFF,
  0x5B, 0xFF, 0x5B, 0xFF, 0x5B, 0xFF, 0x5B, 0xFF, 0x5B, 0xFF, 0x5B, 0xFF, 0x5B, 0xFF, 0x5B, 0xFF,
  0x5B, 0xFF, 0x5B, 0xFF, 0x5B, 0xFF, 0x5A, 0xFF, 0x5B, 0xFF, 0x5B, 0xFF, 0x5B, 0xFF, 0x5B, 0xFF,
  0x7B, 0xFF, 0x5B, 0xFF, 0x7B, 0xFF, 0x7B, 0xFF, 0x7B, 0xFF, 0x7B, 0xFF, 0x7B, 0xFF, 0x7B, 0xFF,
  0x7B, 0xFF, 0x7B, 0xFF, 0x7B, 0xFF, 0x7B, 0xFF, 0x7B, 0xFF, 0x7B, 0xFF, 0x7B, 0xFF, 0x7B, 0xFF,
  0x7B, 0xFF, 0x7B, 0xFF, 0x7B, 0xFF, 0x7C, 0xFF, 0x9C, 0xFF, 0x9C, 0xFF, 0x7B, 0xFF, 0x7C, 0xFF,
  0x9C, 0xFF, 0x7C, 0xFF, 0x7C, 0xFF, 0x9C, 0xFF, 0xBC, 0xFF, 0x9C, 0xFF, 0x1A, 0xEF, 0x37, 0xD6,
  0x53, 0xB5, 0x0F, 0x94, 0x2B, 0x73, 0xEA, 0x6A, 0xCA, 0x6A, 0xAA, 0x62, 0x89, 0x62, 0xAA, 0x62,
  0xCA, 0x62, 0xCA, 0x6A, 0xCA, 0x6A, 0x4C, 0x73, 0xEE, 0x8B, 0x70, 0x9C, 0x13, 0xAD, 0x16, 0xCE,
  0xFA, 0xEE, 0x9C, 0xFF, 0xBD, 0xFF, 0x9C, 0xFF, 0x9C, 0xFF, 0x9C, 0xFF, 0x9C, 0xFF, 0x9C, 0xFF,
  0x9C, 0xFF, 0x9C, 0xFF, 0x7C, 0xFF, 0x7B, 0xFF, 0x7B, 0xFF, 0x7B, 0xFF, 0x7B, 0xFF, 0x7B, 0xFF,
  0x7B, 0xFF, 0x7B, 0xFF, 0x7B, 0xFF, 0x7B, 0xFF, 0x7B, 0xFF, 0x7B, 0xFF, 0x7B, 0xFF, 0x7B, 0xFF,
  0x7B, 0xFF, 0x7B, 0xFF, 0x7B, 0xFF, 0x7B, 0xFF, 0x7B, 0xFF, 0x7B, 0xFF, 0x7B, 0xFF, 0x5B, 0xFF,
  0x5B, 0xFF, 0x5B, 0xFF, 0x5B, 0xFF, 0x5B, 0xFF, 0x5B, 0xFF, 0x5B, 0xFF, 0x5B, 0xFF, 0x5B, 0xFF,
  0x5B, 0xFF, 0x5B, 0xFF, 0x5B, 0xFF, 0x5B, 0xFF, 0x5B, 0xFF, 0x5B, 0xFF, 0x5B, 0xFF, 0x5B, 0xFF,
  0x5B, 0xFF, 0x5B, 0xFF, 0x5B, 0xFF, 0x5B, 0xFF, 0x5B, 0xFF, 0x5B, 0xFF, 0x5B, 0xFF, 0x5B, 0xFF,
  0x5B, 0xFF, 0x5B, 0xFF, 0x5B, 0xFF, 0x5B, 0xFF, 0x5B, 0xFF, 0x5B, 0xFF, 0x5B, 0xFF, 0x5B, 0xFF,
  0x5B, 0xFF, 0x5B, 0xFF, 0x5B, 0xFF, 0x5B, 0xFF, 0x5B, 0xFF, 0x5B, 0xFF, 0x5B, 0xFF, 0x5B, 0xFF,
  0x5B, 0xFF, 0x5B, 0xFF, 0x5B, 0xFF, 0x5B, 0xFF, 0x5B, 0xFF, 0x5B, 0xFF, 0x5B, 0xFF, 0x5B, 0xFF,
  0x5B, 0xFF, 0x5B, 0xFF, 0x5B, 0xFF, 0x7B, 0xFF, 0x7B, 0xFF, 0x7B, 0xFF, 0x7B, 0xFF, 0x7B, 0xFF,
  0x7B, 0xFF, 0x7B, 0xFF, 0x7B, 0xFF, 0x7B, 0xFF, 0x7B, 0xFF, 0x7B, 0xFF, 0x7B, 0xFF, 0x7B, 0xFF,
  0x7B, 0xFF, 0x7B, 0xFF, 0x9C, 0xFF, 0x7C, 0xFF, 0x9C, 0xFF, 0x9C, 0xFF, 0x9C, 0xFF, 0x7C, 0xFF,
  0x7C, 0xFF, 0x9C, 0xFF, 0x9C, 0xFF, 0x1A, 0xEF, 0x16, 0xD6, 0xF2, 0xAC, 0xCE, 0x8B, 0x2B, 0x7B,
  0xEA, 0x6A, 0xCA, 0x6A, 0xAA, 0x62, 0x89, 0x5A, 0x69, 0x5A, 0x69, 0x5A, 0x69, 0x5A, 0x69, 0x5A,
  0x69, 0x5A, 0x69, 0x5A, 0x69, 0x5A, 0x89, 0x5A, 0x89, 0x5A, 0x69, 0x5A, 0x89, 0x5A, 0xCA, 0x62,
  0x6C, 0x7B, 0x90, 0x9C, 0xF6, 0xC5, 0x1A, 0xEF, 0x9C, 0xFF, 0x9C, 0xFF, 0x9C, 0xFF, 0x7C, 0xFF,
  0x7C, 0xFF, 0x7C, 0xFF, 0x7B, 0xFF, 0x7B, 0xFF, 0x7B, 0xFF, 0x7B, 0xFF, 0x7B, 0xFF, 0x7B, 0xFF,
  0x7B, 0xFF, 0x7B, 0xFF, 0x7B, 0xFF, 0x7B, 0xFF, 0x7B, 0xFF, 0x7B, 0xFF, 0x7B, 0xFF, 0x7B, 0xFF,
  0x7B, 0xFF, 0x7B, 0xFF, 0x5B, 0xFF, 0x7B, 0xFF, 0x7B, 0xFF, 0x7B, 0xFF, 0x5B, 0xFF, 0x5B, 0xFF,
  0x5B, 0xFF, 0x5B, 0xFF, 0x5B, 0xFF, 0x5B, 0xFF, 0x5B, 0xFF, 0x5B, 0xFF, 0x5B, 0xFF, 0x5B, 0xFF,
  0x5B, 0xFF, 0x5B, 0xFF, 0x5B, 0xFF, 0x5B, 0xFF, 0x5B, 0xFF, 0x5B, 0xFF, 0x5B, 0xFF, 0x5B, 0xFF,
  0x5B, 0xFF, 0x5B, 0xFF, 0x5B, 0xFF, 0x5B, 0xFF, 0x5B, 0xFF, 0x5B, 0xFF, 0x5B, 0xFF, 0x5B, 0xFF,
  0x5B, 0xFF, 0x5B, 0xFF, 0x5B, 0xFF, 0x5B, 0xFF, 0x5B, 0xFF, 0x5B, 0xFF, 0x5B, 0xFF, 0x5B, 0xFF,
  0x7B, 0xFF, 0x7B, 0xFF, 0x7B, 0xFF, 0x7B, 0xFF, 0x5B, 0xFF, 0x5B, 0xFF, 0x5B, 0xFF, 0x5B, 0xFF,
  0x5B, 0xFF, 0x5B, 0xFF, 0x5B, 0xFF, 0x5B, 0xFF, 0x5B, 0xFF, 0x7B, 0xFF, 0x5B, 0xFF, 0x5B, 0xFF,
  0x5B, 0xFF, 0x5B, 0xFF, 0x7B, 0xFF, 0x7B, 0xFF, 0x7B, 0xFF, 0x7B, 0xFF, 0x7B, 0xFF, 0x7B, 0xFF,
  0x7B, 0xFF, 0x7B, 0xFF, 0x7B, 0xFF, 0x7B, 0xFF, 0x7B, 0xFF, 0x7B, 0xFF, 0x7B, 0xFF, 0x7B, 0xFF,
  0x7C, 0xFF, 0x9C, 0xFF, 0x9C, 0xFF, 0x9C, 0xFF, 0x9C, 0xFF, 0x9C, 0xFF, 0x7C, 0xFF, 0x9C, 0xFF,
  0xBC, 0xFF, 0x1A, 0xEF, 0x94, 0xC5, 0x0F, 0x94, 0x0A, 0x73, 0x89, 0x62, 0x69, 0x5A, 0x89, 0x5A,
  0xA9, 0x62, 0x89, 0x62, 0x69, 0x5A, 0x28, 0x52, 0x48, 0x52, 0x07, 0x4A, 0x28, 0x52, 0x28, 0x4A,
  0x07, 0x4A, 0x08, 0x4A, 0x28, 0x52, 0x48, 0x52, 0x69, 0x5A, 0x69, 0x5A, 0x69, 0x5A, 0x69, 0x5A,
  0x48, 0x52, 0x48, 0x52, 0x89, 0x62, 0x8D, 0x7B, 0x13, 0xAD, 0xB9, 0xDE, 0x9C, 0xFF, 0x9C, 0xFF,
  0x7C, 0xFF, 0x7B, 0xFF, 0x7B, 0xFF, 0x7B, 0xFF, 0x7B, 0xFF, 0x7B, 0xFF, 0x7B, 0xFF, 0x7B, 0xFF,
  0x7B, 0xFF, 0x7B, 0xFF, 0x7B, 0xFF, 0x7B, 0xFF, 0x7B, 0xFF, 0x7B, 0xFF, 0x7B, 0xFF, 0x7B, 0xFF,
  0x7B, 0xFF, 0x7B, 0xFF, 0x7B, 0xFF, 0x7B, 0xFF, 0x7B, 0xFF, 0x7B, 0xFF, 0x7B, 0xFF, 0x7B, 0xFF,
  0x5B, 0xFF, 0x5B, 0xFF, 0x5B, 0xFF, 0x5B, 0xFF, 0x5B, 0xFF, 0x5B, 0xFF, 0x5B, 0xFF, 0x5B, 0xFF,
  0x5B, 0xFF, 0x5B, 0xFF, 0x5B, 0xFF, 0x5B, 0xFF, 0x5B, 0xFF, 0x5B, 0xFF, 0x5B, 0xFF, 0x5B, 0xFF,
  0x5B, 0xFF, 0x5B, 0xFF, 0x5B, 0xFF, 0x5B, 0xFF, 0x5B, 0xFF, 0x5B, 0xFF, 0x5B, 0xFF, 0x5B, 0xFF,
  0x5B, 0xFF, 0x5B, 0xFF, 0x5B, 0xFF, 0x5B, 0xFF, 0x5B, 0xFF, 0x5B, 0xFF, 0x5B, 0xFF, 0x5B, 0xFF,
  0x7B, 0xFF, 0x7B, 0xFF, 0x7B, 0xFF, 0x7B, 0xFF, 0x5B, 0xFF, 0x5B, 0xFF, 0x5B, 0xFF, 0x5B, 0xFF,
  0x5B, 0xFF, 0x5B, 0xFF, 0x7B, 0xFF, 0x7B, 0xFF, 0x5B, 0xFF, 0x7B, 0xFF, 0x5B, 0xFF, 0x5B, 0xFF,
  0x7B, 0xFF, 0x7B, 0xFF, 0x7B, 0xFF, 0x7B, 0xFF, 0x7B, 0xFF, 0x7B, 0xFF, 0x7B, 0xFF, 0x7B, 0xFF,
  0x7B, 0xFF, 0x7B, 0xFF, 0x7B, 0xFF, 0x7C, 0xFF, 0x7B, 0xFF, 0x7B, 0xFF, 0x7B, 0xFF, 0x7B, 0xFF,
  0x7B, 0xFF, 0x9C, 0xFF, 0x9C, 0xFF, 0x9C, 0xFF, 0x7C, 0xFF, 0x9C, 0xFF, 0xBC, 0xFF, 0x3B, 0xF7,
  0xB5, 0xC5, 0xEE, 0x93, 0xEA, 0x6A, 0x89, 0x5A, 0x89, 0x5A, 0xA9, 0x62, 0x89, 0x5A, 0x48, 0x52,
  0x07, 0x4A, 0xE7, 0x49, 0xE7, 0x41, 0xE7, 0x41, 0xC6, 0x41, 0xA6, 0x41, 0xC6, 0x41, 0xE7, 0x41,
  0x07, 0x4A, 0x07, 0x4A, 0x48, 0x52, 0x69, 0x5A, 0x89, 0x5A, 0x89, 0x5A, 0x89, 0x5A, 0x69, 0x5A,
  0x28, 0x52, 0x07, 0x4A, 0x07, 0x4A, 0x07, 0x4A, 0x48, 0x52, 0x2C, 0x73, 0xF2, 0xAC, 0xF9, 0xE6,
  0x9C, 0xFF, 0x9C, 0xFF, 0x7B, 0xFF, 0x7B, 0xFF, 0x7B, 0xFF, 0x7B, 0xFF, 0x7B, 0xFF, 0x7B, 0xFF,
  0x7B, 0xFF, 0x7B, 0xFF, 0x7B, 0xFF, 0x7B, 0xFF, 0x7B, 0xFF, 0x7B, 0xFF, 0x7B, 0xFF, 0x7B, 0xFF,
  0x7B, 0xFF, 0x7B, 0xFF, 0x7B, 0xFF, 0x7B, 0xFF, 0x7B, 0xFF, 0x7B, 0xFF, 0x7B, 0xFF, 0x7B, 0xFF,
  0x7B, 0xFF, 0x7B, 0xFF, 0x5B, 0xFF, 0x5B, 0xFF, 0x5B, 0xFF, 0x5B, 0xFF, 0x5B, 0xFF, 0x5B, 0xFF,
  0x5B, 0xFF, 0x5B, 0xFF, 0x5B, 0xFF, 0x5B, 0xFF, 0x5B, 0xFF, 0x5B, 0xFF, 0x5B, 0xFF, 0x5B, 0xFF,
  0x5B, 0xFF, 0x5B, 0xFF, 0x5B, 0xFF, 0x5B, 0xFF, 0x5B, 0xFF, 0x5B, 0xFF, 0x5B, 0xFF, 0x5B, 0xFF,
  0x5B, 0xFF, 0x5B, 0xFF, 0x5B, 0xFF, 0x5B, 0xFF, 0x5B, 0xFF, 0x7B, 0xFF, 0x5B, 0xFF, 0x5B, 0xFF,
  0x5B, 0xFF, 0x5B, 0xFF, 0x5B, 0xFF, 0x7B, 0xFF, 0x7B, 0xFF, 0x7B, 0xFF, 0x7B, 0xFF, 0x5B, 0xFF,
  0x5B, 0xFF, 0x5B, 0xFF, 0x5B, 0xFF, 0x5B, 0xFF, 0x5B, 0xFF, 0x7B, 0xFF, 0x5B, 0xFF, 0x5B, 0xFF,
  0x7B, 0xFF, 0x7B, 0xFF, 0x7B, 0xFF, 0x7B, 0xFF, 0x7B, 0xFF, 0x7B, 0xFF, 0x7B, 0xFF, 0x7B, 0xFF,
  0x7B, 0xFF, 0x7B, 0xFF, 0x7B, 0xFF, 0x7B, 0xFF, 0x7B, 0xFF, 0x7B, 0xFF, 0x7B, 0xFF, 0x7B, 0xFF,
  0x7C, 0xFF, 0x7C, 0xFF, 0x9C, 0xFF, 0x7C, 0xFF, 0x9C, 0xFF, 0x9C, 0xFF, 0x36, 0xD6, 0x4F, 0x9C,
  0x0B, 0x73, 0x89, 0x62, 0x89, 0x62, 0xCA, 0x62, 0xEA, 0x6A, 0xAA, 0x62, 0x48, 0x5A, 0x07, 0x4A,
  0x07, 0x4A, 0x07, 0x4A, 0xE7, 0x49, 0xC6, 0x41, 0x48, 0x52, 0x28, 0x52, 0xE7, 0x41, 0xE7, 0x41,
  0xE7, 0x41, 0x07, 0x4A, 0x07, 0x4A, 0x07, 0x4A, 0x48, 0x52, 0x69, 0x5A, 0x69, 0x5A, 0x48, 0x52,
  0x28, 0x52, 0x08, 0x4A, 0x07, 0x4A, 0xE7, 0x49, 0xE7, 0x49, 0x07, 0x4A, 0x28, 0x52, 0x4C, 0x73,
  0xB5, 0xBD, 0x7B, 0xF7, 0x9C, 0xFF, 0x7B, 0xFF, 0x7B, 0xFF, 0x7B, 0xFF, 0x7B, 0xFF, 0x7B, 0xFF,
  0x7B, 0xFF, 0x7B, 0xFF, 0x7B, 0xFF, 0x7B, 0xFF, 0x7B, 0xFF, 0x7B, 0xFF, 0x7B, 0xFF, 0x7B, 0xFF,
  0x7B, 0xFF, 0x7B, 0xFF, 0x7B, 0xFF, 0x7B, 0xFF, 0x7B, 0xFF, 0x7B, 0xFF, 0x5B, 0xFF, 0x7B, 0xFF,
  0x5B, 0xFF, 0x5B, 0xFF, 0x5B, 0xFF, 0x5B, 0xFF, 0x5B, 0xFF, 0x5B, 0xFF, 0x5B, 0xFF, 0x5B, 0xFF,
  0x5B, 0xFF, 0x5B, 0xFF, 0x5B, 0xFF, 0x5B, 0xFF, 0x5B, 0xFF, 0x5B, 0xFF, 0x5B, 0xFF, 0x5B, 0xFF,
  0x5B, 0xFF, 0x5B, 0xFF, 0x5B, 0xFF, 0x5B, 0xFF, 0x5B, 0xFF, 0x5B, 0xFF, 0x5B, 0xFF, 0x5B, 0xFF,
  0x5B, 0xFF, 0x5B, 0xFF, 0x5B, 0xFF, 0x5B, 0xFF, 0x7B, 0xFF, 0x7B, 0xFF, 0x5B, 0xFF, 0x5B, 0xFF,
  0x5B, 0xFF, 0x5B, 0xFF, 0x7B, 0xFF, 0x7B, 0xFF, 0x7B, 0xFF, 0x7B, 0xFF, 0x7B, 0xFF, 0x7B, 0xFF,
  0x5B, 0xFF, 0x5B, 0xFF, 0x5B, 0xFF, 0x5B, 0xFF, 0x5B, 0xFF, 0x5B, 0xFF, 0x7B, 0xFF, 0x7B, 0xFF,
  0x7B, 0xFF, 0x7B, 0xFF, 0x7B, 0xFF, 0x7B, 0xFF, 0x7B, 0xFF, 0x7B, 0xFF, 0x7B, 0xFF, 0x7B, 0xFF,
  0x7B, 0xFF, 0x7B, 0xFF, 0x7B, 0xFF, 0x7B, 0xFF, 0x7C, 0xFF, 0x9C, 0xFF, 0x9C, 0xFF, 0x9C, 0xFF,
  0x9C, 0xFF, 0x9C, 0xFF, 0x7C, 0xFF, 0xBD, 0xFF, 0x5B, 0xF7, 0x53, 0xBD, 0xAD, 0x8B, 0xA9, 0x6A,
  0x68, 0x5A, 0x89, 0x5A, 0xAA, 0x62, 0xEA, 0x6A, 0xAA, 0x62, 0x48, 0x52, 0x07, 0x4A, 0xE7, 0x49,
  0xE7, 0x49, 0x28, 0x52, 0xE7, 0x49, 0x86, 0x39, 0x89, 0x62, 0x89, 0x62, 0xE7, 0x49, 0xC6, 0x41,
  0xE7, 0x41, 0xE7, 0x41, 0xC6, 0x41, 0x07, 0x4A, 0x28, 0x52, 0x49, 0x52, 0x69, 0x5A, 0x48, 0x52,
  0x07, 0x4A, 0xE7, 0x49, 0xE7, 0x41, 0xE7, 0x41, 0xC7, 0x41, 0xE7, 0x41, 0x07, 0x4A, 0x28, 0x52,
  0x69, 0x5A, 0x50, 0x94, 0xD9, 0xE6, 0x9C, 0xFF, 0x7B, 0xFF, 0x7B, 0xFF, 0x7B, 0xFF, 0x7B, 0xFF,
  0x7B, 0xFF, 0x7B, 0xFF, 0x7B, 0xFF, 0x7B, 0xFF, 0x7B, 0xFF, 0x7B, 0xFF, 0x7B, 0xFF, 0x7B, 0xFF,
  0x7B, 0xFF, 0x7B, 0xFF, 0x7B, 0xFF, 0x7B, 0xFF, 0x7B, 0xFF, 0x7B, 0xFF, 0x7B, 0xFF, 0x7B, 0xFF,
  0x7B, 0xFF, 0x5B, 0xFF, 0x5B, 0xFF, 0x5B, 0xFF, 0x5B, 0xFF, 0x5B, 0xFF, 0x5B, 0xFF, 0x5B, 0xFF,
  0x5B, 0xFF, 0x5B, 0xFF, 0x5B, 0xFF, 0x5B, 0xFF, 0x5B, 0xFF, 0x5B, 0xFF, 0x5B, 0xFF, 0x5B, 0xFF,
  0x5B, 0xFF, 0x5B, 0xFF, 0x5B, 0xFF, 0x5B, 0xFF, 0x5B, 0xFF, 0x5B, 0xFF, 0x5B, 0xFF, 0x5B, 0xFF,
  0x5B, 0xFF, 0x5B, 0xFF, 0x5B, 0xFF, 0x5B, 0xFF, 0x5B, 0xFF, 0x5B, 0xFF, 0x5B, 0xFF, 0x5B, 0xFF,
  0x5B, 0xFF, 0x5B, 0xFF, 0x7B, 0xFF, 0x7B, 0xFF, 0x5B, 0xFF, 0x5B, 0xFF, 0x5B, 0xFF, 0x7B, 0xFF,
  0x5B, 0xFF, 0x5B, 0xFF, 0x5B, 0xFF, 0x5B, 0xFF, 0x7B, 0xFF, 0x5B, 0xFF, 0x7B, 0xFF, 0x7B, 0xFF,
  0x7B, 0xFF, 0x7B, 0xFF, 0x7B, 0xFF, 0x7B, 0xFF, 0x7B, 0xFF, 0x7B, 0xFF, 0x7B, 0xFF, 0x7B, 0xFF,
  0x7B, 0xFF, 0x7B, 0xFF, 0x7B, 0xFF, 0x7C, 0xFF, 0x9C, 0xFF, 0x9C, 0xFF, 0x9C, 0xFF, 0x9C, 0xFF,
  0x9C, 0xFF, 0x7C, 0xFF, 0xDD, 0xFF, 0xFA, 0xEE, 0xD1, 0xAC, 0x4C, 0x83, 0x89, 0x62, 0x69, 0x5A,
  0x69, 0x5A, 0x89, 0x5A, 0xCA, 0x62, 0xEA, 0x6A, 0x69, 0x5A, 0x28, 0x52, 0x07, 0x4A, 0xE7, 0x41,
  0xE7, 0x49, 0xE7, 0x41, 0xC6, 0x41, 0xE7, 0x41, 0x69, 0x62, 0x89, 0x62, 0xC6, 0x41, 0xE7, 0x41,
  0xC6, 0x41, 0xC6, 0x41, 0xE7, 0x41, 0x07, 0x4A, 0x28, 0x52, 0x08, 0x4A, 0x08, 0x4A, 0x48, 0x52,
  0x28, 0x52, 0xE7, 0x49, 0xC7, 0x41, 0xC6, 0x41, 0xE7, 0x41, 0xE7, 0x41, 0xC7, 0x41, 0xE7, 0x41,
  0x28, 0x4A, 0x28, 0x52, 0x6D, 0x73, 0x57, 0xD6, 0x9C, 0xFF, 0x9C, 0xFF, 0x7B, 0xFF, 0x7B, 0xFF,
  0x7B, 0xFF, 0x7B, 0xFF, 0x7B, 0xFF, 0x7B, 0xFF, 0x7B, 0xFF, 0x7B, 0xFF, 0x7B, 0xFF, 0x7B, 0xFF,
  0x7B, 0xFF, 0x7B, 0xFF, 0x7B, 0xFF, 0x7B, 0xFF, 0x7B, 0xFF, 0x7B, 0xFF, 0x7B, 0xFF, 0x7B, 0xFF,
  0x7B, 0xFF, 0x7B, 0xFF, 0x7B, 0xFF, 0x5B, 0xFF, 0x5B, 0xFF, 0x5B, 0xFF, 0x5B, 0xFF, 0x5B, 0xFF,
  0x5B, 0xFF, 0x5B, 0xFF, 0x5B, 0xFF, 0x5B, 0xFF, 0x5B, 0xFF, 0x5B, 0xFF, 0x5B, 0xFF, 0x5B, 0xFF,
  0x5B, 0xFF, 0x5B, 0xFF, 0x5B, 0xFF, 0x5B, 0xFF, 0x5B, 0xFF, 0x5B, 0xFF, 0x5B, 0xFF, 0x5B, 0xFF,
  0x5B, 0xFF, 0x5B, 0xFF, 0x5B, 0xFF, 0x5B, 0xFF, 0x5B, 0xFF, 0x5B, 0xFF, 0x5B, 0xFF, 0x5B, 0xFF,
  0x5B, 0xFF, 0x5B, 0xFF, 0x7B, 0xFF, 0x7B, 0xFF, 0x7B, 0xFF, 0x5B, 0xFF, 0x5B, 0xFF, 0x5B, 0xFF,
  0x5B, 0xFF, 0x5B, 0xFF, 0x7B, 0xFF, 0x7B, 0xFF, 0x7B, 0xFF, 0x5B, 0xFF, 0x5B, 0xFF, 0x7B, 0xFF,
  0x7B, 0xFF, 0x7B, 0xFF, 0x7B, 0xFF, 0x7B, 0xFF, 0x7B, 0xFF, 0x7B, 0xFF, 0x7B, 0xFF, 0x7B, 0xFF,
  0x7B, 0xFF, 0x7B, 0xFF, 0x7B, 0xFF, 0x7B, 0xFF, 0x9C, 0xFF, 0x9C, 0xFF, 0x9C, 0xFF, 0x9C, 0xFF,
  0x7C, 0xFF, 0xDD, 0xFF, 0x98, 0xDE, 0x70, 0xAC, 0x4B, 0x83, 0x89, 0x62, 0x89, 0x5A, 0x68, 0x5A,
  0x68, 0x5A, 0xA9, 0x62, 0xEA, 0x6A, 0xAA, 0x62, 0x69, 0x5A, 0x28, 0x52, 0x07, 0x4A, 0xE7, 0x41,
  0x07, 0x4A, 0xA6, 0x39, 0xA6, 0x41, 0x28, 0x52, 0xEA, 0x72, 0x27, 0x52, 0xE7, 0x41, 0x28, 0x52,
  0xC6, 0x41, 0xA6, 0x39, 0xE7, 0x41, 0xE7, 0x49, 0x28, 0x4A, 0x69, 0x5A, 0x48, 0x52, 0x28, 0x4A,
  0x07, 0x4A, 0xE7, 0x49, 0xE7, 0x41, 0xC6, 0x41, 0xC6, 0x41, 0xC6, 0x41, 0xC7, 0x41, 0xC7, 0x41,
  0xC7, 0x41, 0x28, 0x52, 0x49, 0x52, 0xEB, 0x6A, 0xD6, 0xC5, 0x9C, 0xFF, 0x7C, 0xFF, 0x7B, 0xFF,
  0x7B, 0xFF, 0x7B, 0xFF, 0x7B, 0xFF, 0x7B, 0xFF, 0x7B, 0xFF, 0x7B, 0xFF, 0x7B, 0xFF, 0x7B, 0xFF,
  0x7B, 0xFF, 0x7B, 0xFF, 0x7B, 0xFF, 0x7B, 0xFF, 0x7B, 0xFF, 0x7B, 0xFF, 0x7B, 0xFF, 0x7B, 0xFF,
  0x7B, 0xFF, 0x7B, 0xFF, 0x7B, 0xFF, 0x5B, 0xFF, 0x5B, 0xFF, 0x5B, 0xFF, 0x5B, 0xFF, 0x5B, 0xFF,
  0x5B, 0xFF, 0x5B, 0xFF, 0x5B, 0xFF, 0x5B, 0xFF, 0x5B, 0xFF, 0x5B, 0xFF, 0x5B, 0xFF, 0x5B, 0xFF,
  0x5B, 0xFF, 0x5B, 0xFF, 0x5B, 0xFF, 0x5B, 0xFF, 0x5B, 0xFF, 0x5B, 0xFF, 0x5B, 0xFF, 0x5B, 0xFF,
  0x5B, 0xFF, 0x5B, 0xFF, 0x5B, 0xFF, 0x5B, 0xFF, 0x7B, 0xFF, 0x5B, 0xFF, 0x5B, 0xFF, 0x7B, 0xFF,
  0x5B, 0xFF, 0x5B, 0xFF, 0x7B, 0xFF, 0x7B, 0xFF, 0x5B, 0xFF, 0x5B, 0xFF, 0x5B, 0xFF, 0x5B, 0xFF,
  0x5B, 0xFF, 0x5B, 0xFF, 0x7B, 0xFF, 0x7B, 0xFF, 0x7B, 0xFF, 0x7B, 0xFF, 0x7B, 0xFF, 0x7B, 0xFF,
  0x7B, 0xFF, 0x7B, 0xFF, 0x7B, 0xFF, 0x7B, 0xFF, 0x7B, 0xFF, 0x7B, 0xFF, 0x7B, 0xFF, 0x7B, 0xFF,
  0x7B, 0xFF, 0x7B, 0xFF, 0x7B, 0xFF, 0x7B, 0xFF, 0x7B, 0xFF, 0x9C, 0xFF, 0x9C, 0xFF, 0x7C, 0xFF,
  0xDD, 0xFF, 0x77, 0xDE, 0x70, 0xAC, 0x8D, 0x8B, 0x89, 0x62, 0x89, 0x62, 0x68, 0x5A, 0x48, 0x52,
  0x48, 0x52, 0xA9, 0x62, 0x89, 0x62, 0x89, 0x5A, 0x68, 0x5A, 0x07, 0x4A, 0xE7, 0x41, 0xE7, 0x41,
  0x28, 0x4A, 0xC6, 0x41, 0xA6, 0x39, 0x07, 0x52, 0xCA, 0x6A, 0x07, 0x52, 0xE7, 0x41, 0xE7, 0x49,
  0xA6, 0x39, 0xC6, 0x41, 0xE7, 0x49, 0x07, 0x4A, 0x08, 0x4A, 0x69, 0x5A, 0x69, 0x5A, 0x28, 0x52,
  0xE7, 0x49, 0xE7, 0x41, 0xC6, 0x41, 0xC6, 0x41, 0xA6, 0x41, 0xA6, 0x39, 0xA6, 0x39, 0xC6, 0x41,
  0xC7, 0x41, 0xE7, 0x41, 0x49, 0x52, 0x49, 0x52, 0xAA, 0x62, 0x95, 0xBD, 0x9C, 0xFF, 0x7C, 0xFF,
  0x7B, 0xFF, 0x7B, 0xFF, 0x7B, 0xFF, 0x7B, 0xFF, 0x7B, 0xFF, 0x7B, 0xFF, 0x7B, 0xFF, 0x7B, 0xFF,
  0x7B, 0xFF, 0x7B, 0xFF, 0x7B, 0xFF, 0x7B, 0xFF, 0x7B, 0xFF, 0x7B, 0xFF, 0x7B, 0xFF, 0x7B, 0xFF,
  0x7B, 0xFF, 0x7B, 0xFF, 0x7B, 0xFF, 0x5B, 0xFF, 0x5B, 0xFF, 0x5B, 0xFF, 0x5B, 0xFF, 0x5B, 0xFF,
  0x5B, 0xFF, 0x7B, 0xFF, 0x5B, 0xFF, 0x7B, 0xFF, 0x5B, 0xFF, 0x5B, 0xFF, 0x5B, 0xFF, 0x5B, 0xFF,
  0x5B, 0xFF, 0x5B, 0xFF, 0x5B, 0xFF, 0x5B, 0xFF, 0x5B, 0xFF, 0x5B, 0xFF, 0x5B, 0xFF, 0x5B, 0xFF,
  0x5B, 0xFF, 0x5B, 0xFF, 0x5B, 0xFF, 0x5B, 0xFF, 0x5B, 0xFF, 0x7B, 0xFF, 0x7B, 0xFF, 0x5B, 0xFF,
  0x5B, 0xFF, 0x5B, 0xFF, 0x7B, 0xFF, 0x7B, 0xFF, 0x5B, 0xFF, 0x5B, 0xFF, 0x5B, 0xFF, 0x5B, 0xFF,
  0x5B, 0xFF, 0x7B, 0xFF, 0x5B, 0xFF, 0x5B, 0xFF, 0x7B, 0xFF, 0x7B, 0xFF, 0x7B, 0xFF, 0x7B, 0xFF,
  0x7B, 0xFF, 0x7B, 0xFF, 0x7B, 0xFF, 0x7B, 0xFF, 0x7B, 0xFF, 0x7B, 0xFF, 0x7B, 0xFF, 0x7B, 0xFF,
  0x7B, 0xFF, 0x7B, 0xFF, 0x7B, 0xFF, 0x7B, 0xFF, 0x7C, 0xFF, 0x9C, 0xFF, 0x7C, 0xFF, 0xDD, 0xFF,
  0x98, 0xDE, 0xB0, 0xB4, 0x2E, 0x9C, 0xA9, 0x62, 0x89, 0x62, 0x68, 0x5A, 0x48, 0x52, 0x28, 0x52,
  0x68, 0x5A, 0x69, 0x5A, 0xA9, 0x62, 0xA9, 0x62, 0x07, 0x4A, 0x07, 0x4A, 0x07, 0x4A, 0xE7, 0x41,
  0xC7, 0x41, 0xC6, 0x41, 0xC6, 0x41, 0x07, 0x52, 0x0B, 0x7B, 0x68, 0x5A, 0xC6, 0x41, 0x86, 0x39,
  0x85, 0x39, 0x85, 0x39, 0x86, 0x39, 0xA6, 0x39, 0x07, 0x4A, 0x69, 0x5A, 0x69, 0x5A, 0x28, 0x4A,
  0xE7, 0x41, 0xC7, 0x41, 0xC6, 0x39, 0xA6, 0x39, 0xA6, 0x39, 0xA6, 0x39, 0xA6, 0x39, 0xA6, 0x39,
  0xC6, 0x39, 0xC7, 0x41, 0x28, 0x4A, 0x89, 0x5A, 0x49, 0x52, 0xAA, 0x62, 0xD5, 0xC5, 0xBC, 0xFF,
  0x7C, 0xFF, 0x7B, 0xFF, 0x7B, 0xFF, 0x7B, 0xFF, 0x7B, 0xFF, 0x7B, 0xFF, 0x7B, 0xFF, 0x7B, 0xFF,
  0x7B, 0xFF, 0x7B, 0xFF, 0x7B, 0xFF, 0x7B, 0xFF, 0x7B, 0xFF, 0x7B, 0xFF, 0x7B, 0xFF, 0x7B, 0xFF,
  0x7B, 0xFF, 0x7B, 0xFF, 0x5B, 0xFF, 0x5B, 0xFF, 0x5B, 0xFF, 0x5B, 0xFF, 0x5B, 0xFF, 0x5B, 0xFF,
  0x5B, 0xFF, 0x7B, 0xFF, 0x7B, 0xFF, 0x7B, 0xFF, 0x5B, 0xFF, 0x5B, 0xFF, 0x5B, 0xFF, 0x5B, 0xFF,
  0x5B, 0xFF, 0x5B, 0xFF, 0x5B, 0xFF, 0x5B, 0xFF, 0x5B, 0xFF, 0x5B, 0xFF, 0x5B, 0xFF, 0x5B, 0xFF,
  0x5B, 0xFF, 0x5B, 0xFF, 0x5B, 0xFF, 0x5B, 0xFF, 0x5B, 0xFF, 0x7B, 0xFF, 0x7B, 0xFF, 0x5B, 0xFF,
  0x5B, 0xFF, 0x5B, 0xFF, 0x5B, 0xFF, 0x7B, 0xFF, 0x5B, 0xFF, 0x5B, 0xFF, 0x5B, 0xFF, 0x5B, 0xFF,
  0x5B, 0xFF, 0x7B, 0xFF, 0x7B, 0xFF, 0x7B, 0xFF, 0x7B, 0xFF, 0x5B, 0xFF, 0x7B, 0xFF, 0x7B, 0xFF,
  0x7B, 0xFF, 0x7B, 0xFF, 0x7B, 0xFF, 0x7B, 0xFF, 0x7B, 0xFF, 0x7B, 0xFF, 0x7B, 0xFF, 0x7B, 0xFF,
  0x7B, 0xFF, 0x7B, 0xFF, 0x9C, 0xFF, 0x9C, 0xFF, 0x9C, 0xFF, 0x7B, 0xFF, 0xBD, 0xFF, 0xB9, 0xE6,
  0xB0, 0xB4, 0xB1, 0xB4, 0x0A, 0x73, 0x89, 0x62, 0x69, 0x5A, 0x48, 0x5A, 0x28, 0x52, 0x28, 0x52,
  0x48, 0x52, 0x89, 0x5A, 0xCA, 0x62, 0x89, 0x5A, 0x28, 0x52, 0x07, 0x4A, 0xA6, 0x39, 0x85, 0x39,
  0xC6, 0x41, 0xE7, 0x41, 0xC6, 0x41, 0xE7, 0x49, 0xCA, 0x6A, 0x48, 0x5A, 0xA6, 0x41, 0xA6, 0x39,
  0xE7, 0x49, 0x07, 0x4A, 0xC6, 0x41, 0xA6, 0x39, 0x86, 0x39, 0xA6, 0x39, 0x07, 0x4A, 0x48, 0x52,
  0xE7, 0x49, 0xC6, 0x41, 0xA6, 0x39, 0x86, 0x39, 0x86, 0x39, 0x86, 0x39, 0xA6, 0x39, 0xA6, 0x39,
  0xA6, 0x39, 0xE7, 0x41, 0xE7, 0x41, 0x69, 0x52, 0x69, 0x5A, 0x48, 0x52, 0xAA, 0x62, 0xF6, 0xC5,
  0xBC, 0xFF, 0x7B, 0xFF, 0x7B, 0xFF, 0x7B, 0xFF, 0x7B, 0xFF, 0x7B, 0xFF, 0x7B, 0xFF, 0x7B, 0xFF,
  0x7B, 0xFF, 0x7B, 0xFF, 0x7B, 0xFF, 0x7B, 0xFF, 0x7B, 0xFF, 0x7B, 0xFF, 0x7B, 0xFF, 0x7B, 0xFF,
  0x7B, 0xFF, 0x7B, 0xFF, 0x7B, 0xFF, 0x7B, 0xFF, 0x7B, 0xFF, 0x5B, 0xFF, 0x5B, 0xFF, 0x5B, 0xFF,
  0x5B, 0xFF, 0x7B, 0xFF, 0x7B, 0xFF, 0x5B, 0xFF, 0x5B, 0xFF, 0x5B, 0xFF, 0x5B, 0xFF, 0x5B, 0xFF,
  0x5B, 0xFF, 0x5B, 0xFF, 0x5B, 0xFF, 0x5B, 0xFF, 0x5B, 0xFF, 0x5B, 0xFF, 0x5B, 0xFF, 0x5B, 0xFF,
  0x5B, 0xFF, 0x5B, 0xFF, 0x5B, 0xFF, 0x5B, 0xFF, 0x5B, 0xFF, 0x7B, 0xFF, 0x7B, 0xFF, 0x5B, 0xFF,
  0x5B, 0xFF, 0x7B, 0xFF, 0x5B, 0xFF, 0x5B, 0xFF, 0x5B, 0xFF, 0x5B, 0xFF, 0x7B, 0xFF, 0x5B, 0xFF,
  0x7B, 0xFF, 0x7B, 0xFF, 0x7B, 0xFF, 0x7B, 0xFF, 0x7B, 0xFF, 0x7B, 0xFF, 0x7B, 0xFF, 0x7B, 0xFF,
  0x7B, 0xFF, 0x7B, 0xFF, 0x7B, 0xFF, 0x7B, 0xFF, 0x7B, 0xFF, 0x7B, 0xFF, 0x7B, 0xFF, 0x7B, 0xFF,
  0x7B, 0xFF, 0x7C, 0xFF, 0x9C, 0xFF, 0x9C, 0xFF, 0x7C, 0xFF, 0xBC, 0xFF, 0x3B, 0xF7, 0xB0, 0xB4,
  0x12, 0xC5, 0x0E, 0x9C, 0xA9, 0x6A, 0x89, 0x62, 0x68, 0x5A, 0x48, 0x52, 0x28, 0x52, 0x07, 0x4A,
  0x28, 0x52, 0x69, 0x5A, 0xAA, 0x62, 0x48, 0x52, 0xC6, 0x41, 0xA6, 0x39, 0xC6, 0x41, 0x07, 0x4A,
  0x28, 0x4A, 0xC6, 0x41, 0x65, 0x31, 0xA6, 0x39, 0x07, 0x4A, 0xC6, 0x41, 0x86, 0x39, 0xC6, 0x41,
  0xE7, 0x49, 0xE7, 0x49, 0xC6, 0x41, 0xE7, 0x41, 0x28, 0x4A, 0x07, 0x4A, 0x86, 0x39, 0xA6, 0x39,
  0x07, 0x4A, 0xC7, 0x41, 0xA6, 0x39, 0x86, 0x39, 0x86, 0x31, 0x85, 0x31, 0x86, 0x39, 0xA6, 0x39,
  0xA6, 0x39, 0xC7, 0x41, 0x28, 0x4A, 0xE7, 0x41, 0x49, 0x52, 0x48, 0x52, 0x28, 0x52, 0xEB, 0x62,
  0x98, 0xDE, 0xBC, 0xFF, 0x7B, 0xFF, 0x7B, 0xFF, 0x7B, 0xFF, 0x7B, 0xFF, 0x7B, 0xFF, 0x7B, 0xFF,
  0x7B, 0xFF, 0x7B, 0xFF, 0x7B, 0xFF, 0x7B, 0xFF, 0x7B, 0xFF, 0x7B, 0xFF, 0x7B, 0xFF, 0x7B, 0xFF,
  0x7B, 0xFF, 0x7B, 0xFF, 0x7B, 0xFF, 0x7B, 0xFF, 0x7B, 0xFF, 0x5B, 0xFF, 0x5B, 0xFF, 0x5B, 0xFF,
  0x5B, 0xFF, 0x7B, 0xFF, 0x7B, 0xFF, 0x7B, 0xFF, 0x5B, 0xFF, 0x5B, 0xFF, 0x5B, 0xFF, 0x5B, 0xFF,
  0x5B, 0xFF, 0x5B, 0xFF, 0x5B, 0xFF, 0x5B, 0xFF, 0x5B, 0xFF, 0x5B, 0xFF, 0x5B, 0xFF, 0x5B, 0xFF,
  0x5B, 0xFF, 0x5B, 0xFF, 0x5B, 0xFF, 0x5B, 0xFF, 0x5B, 0xFF, 0x5B, 0xFF, 0x5B, 0xFF, 0x5B, 0xFF,
  0x7B, 0xFF, 0x7B, 0xFF, 0x5B, 0xFF, 0x5B, 0xFF, 0x5B, 0xFF, 0x5B, 0xFF, 0x7B, 0xFF, 0x7B, 0xFF,
  0x5B, 0xFF, 0x5B, 0xFF, 0x7B, 0xFF, 0x7B, 0xFF, 0x7B, 0xFF, 0x7B, 0xFF, 0x7B, 0xFF, 0x7B, 0xFF,
  0x7B, 0xFF, 0x7B, 0xFF, 0x7B, 0xFF, 0x7B, 0xFF, 0x7B, 0xFF, 0x7B, 0xFF, 0x7B, 0xFF, 0x7B, 0xFF,
  0x7B, 0xFF, 0x9C, 0xFF, 0x9C, 0xFF, 0x9C, 0xFF, 0x9C, 0xFF, 0x9C, 0xFF, 0x12, 0xBD, 0xD1, 0xBC,
  0x12, 0xBD, 0x6C, 0x83, 0xA9, 0x6A, 0x69, 0x62, 0x48, 0x5A, 0x27, 0x52, 0x07, 0x4A, 0x07, 0x4A,
  0x08, 0x4A, 0x69, 0x5A, 0x07, 0x4A, 0xC7, 0x41, 0x07, 0x4A, 0xE7, 0x41, 0xC6, 0x41, 0xE7, 0x41,
  0x07, 0x4A, 0xA6, 0x39, 0xA6, 0x39, 0xC6, 0x41, 0xC7, 0x41, 0xC6, 0x41, 0xE7, 0x49, 0xC6, 0x41,
  0x07, 0x4A, 0xC7, 0x41, 0xC6, 0x41, 0xC6, 0x41, 0x07, 0x4A, 0x69, 0x5A, 0x48, 0x52, 0xA6, 0x39,
  0x45, 0x31, 0xA6, 0x39, 0xC6, 0x39, 0x86, 0x39, 0x86, 0x39, 0x86, 0x39, 0x86, 0x39, 0x86, 0x39,
  0xA6, 0x39, 0xA6, 0x39, 0x28, 0x4A, 0x08, 0x4A, 0xE7, 0x41, 0x07, 0x4A, 0x07, 0x4A, 0x28, 0x52,
  0x6D, 0x7B, 0x3A, 0xF7, 0x9C, 0xFF, 0x7B, 0xFF, 0x7B, 0xFF, 0x7B, 0xFF, 0x7B, 0xFF, 0x7B, 0xFF,
  0x7B, 0xFF, 0x7B, 0xFF, 0x7B, 0xFF, 0x7B, 0xFF, 0x7B, 0xFF, 0x7B, 0xFF, 0x7B, 0xFF, 0x7B, 0xFF,
  0x7B, 0xFF, 0x7B, 0xFF, 0x7B, 0xFF, 0x7B, 0xFF, 0x7B, 0xFF, 0x7B, 0xFF, 0x5B, 0xFF, 0x5B, 0xFF,
  0x5B, 0xFF, 0x7B, 0xFF, 0x7B, 0xFF, 0x5B, 0xFF, 0x7B, 0xFF, 0x7B, 0xFF, 0x7B, 0xFF, 0x5B, 0xFF,
  0x5B, 0xFF, 0x5B, 0xFF, 0x5B, 0xFF, 0x5B, 0xFF, 0x5B, 0xFF, 0x5B, 0xFF, 0x5B, 0xFF, 0x5B, 0xFF,
  0x5B, 0xFF, 0x5B, 0xFF, 0x5B, 0xFF, 0x5B, 0xFF, 0x5B, 0xFF, 0x5B, 0xFF, 0x5B, 0xFF, 0x5B, 0xFF,
  0x7B, 0xFF, 0x7B, 0xFF, 0x5B, 0xFF, 0x5B, 0xFF, 0x5B, 0xFF, 0x5B, 0xFF, 0x7B, 0xFF, 0x7B, 0xFF,
  0x5B, 0xFF, 0x5B, 0xFF, 0x5B, 0xFF, 0x5B, 0xFF, 0x7B, 0xFF, 0x7B, 0xFF, 0x7B, 0xFF, 0x7B, 0xFF,
  0x7B, 0xFF, 0x7B, 0xFF, 0x7B, 0xFF, 0x7B, 0xFF, 0x7B, 0xFF, 0x7B, 0xFF, 0x7B, 0xFF, 0x7C, 0xFF,
  0x7C, 0xFF, 0x7C, 0xFF, 0x7C, 0xFF, 0x7C, 0xFF, 0xDD, 0xFF, 0xD5, 0xCD, 0x70, 0xAC, 0x73, 0xCD,
  0x6F, 0xA4, 0x2B, 0x7B, 0xA9, 0x6A, 0x68, 0x5A, 0x28, 0x52, 0x07, 0x52, 0x07, 0x4A, 0x07, 0x4A,
  0x28, 0x52, 0xC7, 0x41, 0xE7, 0x41, 0x89, 0x5A, 0x28, 0x4A, 0xE7, 0x41, 0xC7, 0x41, 0xC7, 0x41,
  0x65, 0x31, 0xC6, 0x41, 0x07, 0x4A, 0x08, 0x4A, 0xE7, 0x41, 0x28, 0x52, 0x28, 0x4A, 0xC6, 0x39,
  0x85, 0x31, 0xE7, 0x41, 0xC7, 0x41, 0xC7, 0x41, 0x07, 0x4A, 0x49, 0x52, 0x28, 0x52, 0xE7, 0x49,
  0xC6, 0x41, 0x45, 0x29, 0x65, 0x31, 0xA6, 0x39, 0x86, 0x39, 0x86, 0x39, 0xA6, 0x39, 0xA6, 0x39,
  0xA6, 0x39, 0xC7, 0x41, 0x08, 0x4A, 0x48, 0x52, 0xE7, 0x41, 0xC6, 0x41, 0xE7, 0x41, 0x07, 0x4A,
  0x28, 0x52, 0x70, 0x94, 0xBC, 0xFF, 0x7B, 0xFF, 0x7B, 0xFF, 0x7B, 0xFF, 0x7B, 0xFF, 0x7B, 0xFF,
  0x7B, 0xFF, 0x7B, 0xFF, 0x7B, 0xFF, 0x7B, 0xFF, 0x7B, 0xFF, 0x7B, 0xFF, 0x7C, 0xFF, 0x7B, 0xFF,
  0x7B, 0xFF, 0x7B, 0xFF, 0x7B, 0xFF, 0x7B, 0xFF, 0x7B, 0xFF, 0x7B, 0xFF, 0x7B, 0xFF, 0x7B, 0xFF,
  0x5B, 0xFF, 0x5B, 0xFF, 0x7B, 0xFF, 0x7B, 0xFF, 0x7B, 0xFF, 0x5B, 0xFF, 0x7B, 0xFF, 0x5B, 0xFF,
  0x5B, 0xFF, 0x5B, 0xFF, 0x5B, 0xFF, 0x5B, 0xFF, 0x5B, 0xFF, 0x5B, 0xFF, 0x5B, 0xFF, 0x5B, 0xFF,
  0x5B, 0xFF, 0x5B, 0xFF, 0x5B, 0xFF, 0x5B, 0xFF, 0x5B, 0xFF, 0x5B, 0xFF, 0x5B, 0xFF, 0x5B, 0xFF,
  0x7B, 0xFF, 0x7B, 0xFF, 0x5B, 0xFF, 0x5B, 0xFF, 0x5B, 0xFF, 0x5B, 0xFF, 0x5B, 0xFF, 0x7B, 0xFF,
  0x5B, 0xFF, 0x5B, 0xFF, 0x5B, 0xFF, 0x5B, 0xFF, 0x7B, 0xFF, 0x7B, 0xFF, 0x7B, 0xFF, 0x7B, 0xFF,
  0x7B, 0xFF, 0x7B, 0xFF, 0x7B, 0xFF, 0x7C, 0xFF, 0x7B, 0xFF, 0x7B, 0xFF, 0x7B, 0xFF, 0x7C, 0xFF,
  0x7C, 0xFF, 0x9C, 0xFF, 0x7C, 0xFF, 0xBD, 0xFF, 0xD9, 0xE6, 0x6F, 0xAC, 0x52, 0xC5, 0xF2, 0xBC,
  0xEE, 0x93, 0x0B, 0x7B, 0xA9, 0x6A, 0x48, 0x5A, 0x28, 0x52, 0x07, 0x4A, 0xE7, 0x49, 0x07, 0x4A,
  0xA6, 0x39, 0xC6, 0x41, 0x48, 0x52, 0x69, 0x5A, 0x28, 0x4A, 0xE7, 0x49, 0x07, 0x4A, 0xA6, 0x39,
  0xA6, 0x39, 0xA6, 0x39, 0xC6, 0x41, 0xC6, 0x41, 0xA6, 0x41, 0xE7, 0x41, 0xC6, 0x41, 0xA6, 0x41,
  0x85, 0x39, 0xA6, 0x39, 0x07, 0x4A, 0x28, 0x52, 0x28, 0x4A, 0xE7, 0x49, 0x28, 0x4A, 0xE7, 0x41,
  0xC6, 0x41, 0xA6, 0x39, 0x45, 0x29, 0x65, 0x31, 0xA6, 0x39, 0x86, 0x39, 0xA6, 0x39, 0xA6, 0x39,
  0xA6, 0x39, 0xC6, 0x41, 0x28, 0x52, 0x28, 0x4A, 0xE7, 0x41, 0xC6, 0x39, 0xC6, 0x41, 0xC6, 0x41,
  0x28, 0x4A, 0x28, 0x4A, 0xB5, 0xC5, 0xDD, 0xFF, 0x7B, 0xFF, 0x7B, 0xFF, 0x7B, 0xFF, 0x7B, 0xFF,
  0x7B, 0xFF, 0x7B, 0xFF, 0x7B, 0xFF, 0x7B, 0xFF, 0x7B, 0xFF, 0x7B, 0xFF, 0x7B, 0xFF, 0x7B, 0xFF,
  0x7B, 0xFF, 0x7B, 0xFF, 0x7B, 0xFF, 0x7B, 0xFF, 0x7B, 0xFF, 0x7B, 0xFF, 0x7B, 0xFF, 0x7B, 0xFF,
  0x5B, 0xFF, 0x5B, 0xFF, 0x5B, 0xFF, 0x5B, 0xFF, 0x5B, 0xFF, 0x5B, 0xFF, 0x5B, 0xFF, 0x5B, 0xFF,
  0x5B, 0xFF, 0x5B, 0xFF, 0x5B, 0xFF, 0x5B, 0xFF, 0x5B, 0xFF, 0x5B, 0xFF, 0x5B, 0xFF, 0x7B, 0xFF,
  0x5B, 0xFF, 0x5B, 0xFF, 0x5B, 0xFF, 0x5B, 0xFF, 0x5B, 0xFF, 0x5B, 0xFF, 0x5B, 0xFF, 0x5B, 0xFF,
  0x7B, 0xFF, 0x5B, 0xFF, 0x5B, 0xFF, 0x5B, 0xFF, 0x5B, 0xFF, 0x5B, 0xFF, 0x5B, 0xFF, 0x5B, 0xFF,
  0x5B, 0xFF, 0x5B, 0xFF, 0x5B, 0xFF, 0x5B, 0xFF, 0x7B, 0xFF, 0x7B, 0xFF, 0x7B, 0xFF, 0x7B, 0xFF,
  0x7B, 0xFF, 0x7B, 0xFF, 0x7B, 0xFF, 0x7B, 0xFF, 0x7B, 0xFF, 0x7B, 0xFF, 0x7B, 0xFF, 0x7C, 0xFF,
  0x9C, 0xFF, 0x9C, 0xFF, 0x9C, 0xFF, 0x9C, 0xFF, 0x12, 0xB5, 0xB0, 0xB4, 0x32, 0xC5, 0x4F, 0xA4,
  0x4F, 0xA4, 0x0A, 0x73, 0xA9, 0x6A, 0x48, 0x5A, 0x28, 0x52, 0x07, 0x4A, 0xE7, 0x49, 0xA6, 0x39,
  0xC6, 0x41, 0xE7, 0x41, 0x07, 0x4A, 0x28, 0x52, 0x48, 0x52, 0x28, 0x52, 0xC6, 0x41, 0xA6, 0x39,
  0xC6, 0x41, 0xC6, 0x41, 0xA6, 0x41, 0xA6, 0x39, 0xC6, 0x41, 0xC6, 0x41, 0xA6, 0x39, 0xA6, 0x39,
  0xC7, 0x41, 0x86, 0x39, 0xE7, 0x41, 0x69, 0x5A, 0x49, 0x52, 0x07, 0x4A, 0xE7, 0x41, 0xC6, 0x41,
  0x86, 0x39, 0x86, 0x31, 0xA6, 0x39, 0x45, 0x29, 0x65, 0x31, 0xC6, 0x39, 0xA6, 0x39, 0xA6, 0x39,
  0xC7, 0x41, 0xC7, 0x41, 0x07, 0x4A, 0x28, 0x52, 0xA6, 0x39, 0xA6, 0x39, 0xA6, 0x39, 0xC6, 0x39,
  0xC7, 0x41, 0x07, 0x4A, 0xCA, 0x62, 0x3B, 0xF7, 0x9C, 0xFF, 0x7B, 0xFF, 0x7B, 0xFF, 0x7B, 0xFF,
  0x7B, 0xFF, 0x7B, 0xFF, 0x7B, 0xFF, 0x7B, 0xFF, 0x7B, 0xFF, 0x7B, 0xFF, 0x7B, 0xFF, 0x7B, 0xFF,
  0x7B, 0xFF, 0x7B, 0xFF, 0x7B, 0xFF, 0x7B, 0xFF, 0x7B, 0xFF, 0x7B, 0xFF, 0x7B, 0xFF, 0x7B, 0xFF,
  0x5B, 0xFF, 0x5B, 0xFF, 0x5B, 0xFF, 0x5B, 0xFF, 0x5B, 0xFF, 0x7B, 0xFF, 0x5B, 0xFF, 0x5B, 0xFF,
  0x5B, 0xFF, 0x5B, 0xFF, 0x7B, 0xFF, 0x7B, 0xFF, 0x5B, 0xFF, 0x5B, 0xFF, 0x7B, 0xFF, 0x7B, 0xFF,
  0x5B, 0xFF, 0x5B, 0xFF, 0x5B, 0xFF, 0x5B, 0xFF, 0x5B, 0xFF, 0x5B, 0xFF, 0x5B, 0xFF, 0x5B, 0xFF,
  0x5B, 0xFF, 0x7B, 0xFF, 0x5B, 0xFF, 0x5B, 0xFF, 0x7B, 0xFF, 0x5B, 0xFF, 0x5B, 0xFF, 0x5B, 0xFF,
  0x5B, 0xFF, 0x5B, 0xFF, 0x5B, 0xFF, 0x7B, 0xFF, 0x7B, 0xFF, 0x7B, 0xFF, 0x7B, 0xFF, 0x7B, 0xFF,
  0x7B, 0xFF, 0x7B, 0xFF, 0x7C, 0xFF, 0x7C, 0xFF, 0x7B, 0xFF, 0x7C, 0xFF, 0x9C, 0xFF, 0x9C, 0xFF,
  0x9C, 0xFF, 0x7C, 0xFF, 0xDD, 0xFF, 0xF6, 0xCD, 0x4F, 0xAC, 0xF1, 0xBC, 0x2F, 0xA4, 0xB0, 0xB4,
  0x6F, 0xAC, 0xEA, 0x72, 0x89, 0x62, 0x68, 0x5A, 0x07, 0x52, 0x07, 0x52, 0xA6, 0x39, 0xA6, 0x39,
  0xC7, 0x41, 0xC6, 0x41, 0xE7, 0x41, 0x07, 0x4A, 0x48, 0x5A, 0x07, 0x4A, 0xC6, 0x41, 0x08, 0x4A,
  0xE7, 0x41, 0xC6, 0x41, 0xA6, 0x41, 0xC6, 0x41, 0xE7, 0x41, 0xC7, 0x41, 0xA6, 0x41, 0xE7, 0x41,
  0x28, 0x52, 0xC7, 0x41, 0xC6, 0x41, 0x07, 0x4A, 0x28, 0x52, 0x08, 0x4A, 0xC6, 0x41, 0xA6, 0x39,
  0x86, 0x39, 0x86, 0x31, 0x85, 0x31, 0x86, 0x39, 0x45, 0x29, 0x85, 0x31, 0xC6, 0x41, 0x86, 0x39,
  0xA6, 0x39, 0x48, 0x52, 0xC7, 0x41, 0xE7, 0x41, 0xC6, 0x41, 0xA6, 0x39, 0xA6, 0x39, 0xA6, 0x39,
  0xC6, 0x41, 0xE7, 0x41, 0xE7, 0x41, 0xB1, 0xA4, 0xDD, 0xFF, 0x7B, 0xFF, 0x7C, 0xFF, 0x7B, 0xFF,
  0x7B, 0xFF, 0x7B, 0xFF, 0x7B, 0xFF, 0x7B, 0xFF, 0x7B, 0xFF, 0x7B, 0xFF, 0x7B, 0xFF, 0x7B, 0xFF,
  0x7B, 0xFF, 0x7B, 0xFF, 0x7B, 0xFF, 0x7B, 0xFF, 0x7B, 0xFF, 0x7B, 0xFF, 0x7B, 0xFF, 0x7B, 0xFF,
  0x5B, 0xFF, 0x5B, 0xFF, 0x5B, 0xFF, 0x7B, 0xFF, 0x5B, 0xFF, 0x5B, 0xFF, 0x5B, 0xFF, 0x5B, 0xFF,
  0x5B, 0xFF, 0x5B, 0xFF, 0x7B, 0xFF, 0x5B, 0xFF, 0x7B, 0xFF, 0x5B, 0xFF, 0x5B, 0xFF, 0x7B, 0xFF,
  0x5B, 0xFF, 0x5B, 0xFF, 0x5B, 0xFF, 0x5B, 0xFF, 0x5B, 0xFF, 0x5B, 0xFF, 0x5B, 0xFF, 0x5B, 0xFF,
  0x5B, 0xFF, 0x7B, 0xFF, 0x5B, 0xFF, 0x5B, 0xFF, 0x5B, 0xFF, 0x5B, 0xFF, 0x5B, 0xFF, 0x5B, 0xFF,
  0x5B, 0xFF, 0x5B, 0xFF, 0x5B, 0xFF, 0x7B, 0xFF, 0x7B, 0xFF, 0x7B, 0xFF, 0x7B, 0xFF, 0x7B, 0xFF,
  0x7B, 0xFF, 0x7B, 0xFF, 0x7C, 0xFF, 0x7C, 0xFF, 0x7C, 0xFF, 0x7C, 0xFF, 0x9C, 0xFF, 0x9C, 0xFF,
  0x9C, 0xFF, 0x9C, 0xFF, 0x5B, 0xF7, 0x90, 0xAC, 0xB0, 0xB4, 0x6F, 0xAC, 0x0E, 0x9C, 0xF1, 0xBC,
  0x2F, 0xA4, 0x0B, 0x73, 0x89, 0x62, 0x68, 0x5A, 0x48, 0x5A, 0xE7, 0x49, 0xA6, 0x41, 0xC6, 0x41,
  0xA6, 0x39, 0xA6, 0x41, 0xC6, 0x41, 0xC6, 0x41, 0xE7, 0x49, 0xA6, 0x39, 0x28, 0x52, 0x48, 0x52,
  0xE7, 0x41, 0x07, 0x4A, 0x07, 0x4A, 0xE7, 0x49, 0xE7, 0x49, 0x08, 0x4A, 0x28, 0x4A, 0x28, 0x4A,
  0x48, 0x52, 0x07, 0x4A, 0xE7, 0x41, 0xA6, 0x39, 0xE7, 0x41, 0xC6, 0x41, 0xA6, 0x39, 0xA6, 0x39,
  0x86, 0x39, 0x85, 0x31, 0x85, 0x31, 0x85, 0x31, 0xA6, 0x39, 0x45, 0x29, 0xA6, 0x39, 0xE7, 0x41,
  0xC6, 0x41, 0xE7, 0x41, 0x28, 0x4A, 0xC7, 0x41, 0xC7, 0x41, 0xA6, 0x39, 0xA6, 0x39, 0xA6, 0x39,
  0xA6, 0x39, 0xC6, 0x41, 0x07, 0x4A, 0x69, 0x5A, 0xD9, 0xE6, 0xBC, 0xFF, 0x7B, 0xFF, 0x7B, 0xFF,
  0x7B, 0xFF, 0x7B, 0xFF, 0x7B, 0xFF, 0x7B, 0xFF, 0x7B, 0xFF, 0x7B, 0xFF, 0x7B, 0xFF, 0x7B, 0xFF,
  0x7B, 0xFF, 0x7B, 0xFF, 0x7B, 0xFF, 0x7B, 0xFF, 0x7B, 0xFF, 0x7B, 0xFF, 0x7B, 0xFF, 0x7B, 0xFF,
  0x5B, 0xFF, 0x5B, 0xFF, 0x5B, 0xFF, 0x5B, 0xFF, 0x5B, 0xFF, 0x5B, 0xFF, 0x5B, 0xFF, 0x5B, 0xFF,
  0x5B, 0xFF, 0x5B, 0xFF, 0x7B, 0xFF, 0x7B, 0xFF, 0x7B, 0xFF, 0x7B, 0xFF, 0x7B, 0xFF, 0x5B, 0xFF,
  0x5B, 0xFF, 0x5B, 0xFF, 0x5B, 0xFF, 0x5B, 0xFF, 0x5B, 0xFF, 0x5B, 0xFF, 0x5B, 0xFF, 0x5B, 0xFF,
  0x5B, 0xFF, 0x7B, 0xFF, 0x5B, 0xFF, 0x5B, 0xFF, 0x5B, 0xFF, 0x5B, 0xFF, 0x5B, 0xFF, 0x5B, 0xFF,
  0x5B, 0xFF, 0x5B, 0xFF, 0x5B, 0xFF, 0x7B, 0xFF, 0x7B, 0xFF, 0x7B, 0xFF, 0x7B, 0xFF, 0x7B, 0xFF,
  0x7B, 0xFF, 0x7B, 0xFF, 0x7C, 0xFF, 0x7C, 0xFF, 0x7C, 0xFF, 0x7C, 0xFF, 0x9C, 0xFF, 0x9C, 0xFF,
  0x7C, 0xFF, 0xDD, 0xFF, 0xB5, 0xC5, 0x4F, 0xAC, 0xB1, 0xB4, 0xAD, 0x93, 0xAD, 0x8B, 0xB0, 0xB4,
  0xAD, 0x8B, 0x4B, 0x83, 0x89, 0x62, 0x69, 0x62, 0x68, 0x5A, 0xA6, 0x41, 0xE7, 0x49, 0xA6, 0x39,
  0xA6, 0x39, 0xA6, 0x39, 0xA6, 0x39, 0xA6, 0x41, 0xA6, 0x39, 0xA6, 0x39, 0xE7, 0x49, 0x07, 0x4A,
  0xC6, 0x41, 0x28, 0x52, 0x08, 0x4A, 0x07, 0x4A, 0xE7, 0x49, 0x48, 0x52, 0x69, 0x52, 0x07, 0x4A,
  0x07, 0x4A, 0x07, 0x4A, 0xA6, 0x39, 0xA6, 0x39, 0x65, 0x31, 0xA6, 0x39, 0x86, 0x39, 0x86, 0x39,
  0x85, 0x31, 0x85, 0x31, 0x85, 0x31, 0x86, 0x31, 0x86, 0x39, 0xA6, 0x39, 0x45, 0x29, 0xC7, 0x41,
  0x28, 0x52, 0xE7, 0x41, 0xC7, 0x41, 0xC7, 0x41, 0xA6, 0x39, 0xA6, 0x39, 0xA6, 0x39, 0xA6, 0x39,
  0xA6, 0x39, 0xA6, 0x41, 0xE7, 0x41, 0xE7, 0x49, 0x0F, 0x8C, 0xDD, 0xFF, 0x7B, 0xFF, 0x7B, 0xFF,
  0x7C, 0xFF, 0x7B, 0xFF, 0x7B, 0xFF, 0x7B, 0xFF, 0x7B, 0xFF, 0x7B, 0xFF, 0x7B, 0xFF, 0x7B, 0xFF,
  0x7B, 0xFF, 0x7B, 0xFF, 0x7B, 0xFF, 0x7B, 0xFF, 0x7B, 0xFF, 0x7B, 0xFF, 0x7B, 0xFF, 0x5B, 0xFF,
  0x5B, 0xFF, 0x5B, 0xFF, 0x5B, 0xFF, 0x5B, 0xFF, 0x5B, 0xFF, 0x5B, 0xFF, 0x5B, 0xFF, 0x5B, 0xFF,
  0x5B, 0xFF, 0x5B, 0xFF, 0x5B, 0xFF, 0x7B, 0xFF, 0x7B, 0xFF, 0x7B, 0xFF, 0x7B, 0xFF, 0x7B, 0xFF,
  0x5B, 0xFF, 0x5B, 0xFF, 0x5B, 0xFF, 0x5B, 0xFF, 0x5B, 0xFF, 0x5B, 0xFF, 0x5B, 0xFF, 0x5B, 0xFF,
  0x7B, 0xFF, 0x7B, 0xFF, 0x5B, 0xFF, 0x5B, 0xFF, 0x5B, 0xFF, 0x5B, 0xFF, 0x5B, 0xFF, 0x5B, 0xFF,
  0x7B, 0xFF, 0x5B, 0xFF, 0x5B, 0xFF, 0x7B, 0xFF, 0x7B, 0xFF, 0x7B, 0xFF, 0x7B, 0xFF, 0x7B, 0xFF,
  0x7B, 0xFF, 0x7B, 0xFF, 0x7B, 0xFF, 0x7C, 0xFF, 0x7C, 0xFF, 0x7C, 0xFF, 0x9C, 0xFF, 0x9C, 0xFF,
  0xBC, 0xFF, 0x3A, 0xEF, 0x90, 0xAC, 0x90, 0xB4, 0x0E, 0x9C, 0x2B, 0x7B, 0x6C, 0x83, 0xAD, 0x8B,
  0xEE, 0x9B, 0x8C, 0x8B, 0xA9, 0x62, 0xCA, 0x6A, 0xC6, 0x41, 0x27, 0x52, 0xC6, 0x41, 0xA6, 0x41,
  0xA6, 0x39, 0xA6, 0x39, 0xA6, 0x39, 0xA6, 0x39, 0x65, 0x31, 0xA6, 0x39, 0xA6, 0x39, 0xC6, 0x41,
  0xA6, 0x39, 0x07, 0x4A, 0xC7, 0x41, 0xE7, 0x49, 0xE7, 0x41, 0x08, 0x4A, 0x08, 0x4A, 0xE7, 0x41,
  0xC7, 0x41, 0xA6, 0x39, 0xA6, 0x39, 0x65, 0x31, 0x65, 0x31, 0x65, 0x31, 0x86, 0x39, 0x85, 0x31,
  0x85, 0x31, 0x85, 0x31, 0x85, 0x31, 0x86, 0x39, 0xA6, 0x39, 0xC7, 0x41, 0xE7, 0x41, 0x45, 0x29,
  0x08, 0x4A, 0x48, 0x52, 0xA6, 0x39, 0xA6, 0x39, 0xA6, 0x39, 0x86, 0x39, 0xA6, 0x39, 0xA6, 0x39,
  0xA6, 0x39, 0xA6, 0x39, 0xC6, 0x41, 0x07, 0x4A, 0x48, 0x52, 0x57, 0xD6, 0xDD, 0xFF, 0x7B, 0xFF,
  0x7C, 0xFF, 0x7C, 0xFF, 0x7B, 0xFF, 0x7B, 0xFF, 0x7B, 0xFF, 0x7B, 0xFF, 0x7B, 0xFF, 0x7B, 0xFF,
  0x7B, 0xFF, 0x7B, 0xFF, 0x7B, 0xFF, 0x7B, 0xFF, 0x7B, 0xFF, 0x7B, 0xFF, 0x7B, 0xFF, 0x7B, 0xFF,
  0x5B, 0xFF, 0x5B, 0xFF, 0x5B, 0xFF, 0x5B, 0xFF, 0x5B, 0xFF, 0x5B, 0xFF, 0x5B, 0xFF, 0x5B, 0xFF,
  0x5B, 0xFF, 0x5B, 0xFF, 0x5B, 0xFF, 0x5B, 0xFF, 0x7B, 0xFF, 0x7B, 0xFF, 0x5B, 0xFF, 0x5B, 0xFF,
  0x5B, 0xFF, 0x5B, 0xFF, 0x5B, 0xFF, 0x5B, 0xFF, 0x5B, 0xFF, 0x5B, 0xFF, 0x5B, 0xFF, 0x5B, 0xFF,
  0x5B, 0xFF, 0x5B, 0xFF, 0x7B, 0xFF, 0x5B, 0xFF, 0x5B, 0xFF, 0x5B, 0xFF, 0x5B, 0xFF, 0x5B, 0xFF,
  0x5B, 0xFF, 0x5B, 0xFF, 0x7B, 0xFF, 0x7B, 0xFF, 0x7B, 0xFF, 0x7B, 0xFF, 0x7B, 0xFF, 0x7B, 0xFF,
  0x7B, 0xFF, 0x7B, 0xFF, 0x7B, 0xFF, 0x7B, 0xFF, 0x7C, 0xFF, 0x9C, 0xFF, 0x9C, 0xFF, 0x7C, 0xFF,
  0xDD, 0xFF, 0xD5, 0xCD, 0x4F, 0xA4, 0x6F, 0xAC, 0x8C, 0x8B, 0xEA, 0x72, 0x0B, 0x7B, 0x6C, 0x83,
  0x4F, 0xA4, 0xEE, 0x93, 0x2B, 0x7B, 0x68, 0x5A, 0x07, 0x52, 0x27, 0x52, 0xC7, 0x41, 0xA6, 0x41,
  0xA6, 0x39, 0xA6, 0x39, 0xA6, 0x39, 0x85, 0x31, 0x65, 0x31, 0x86, 0x39, 0x86, 0x39, 0x86, 0x39,
  0x86, 0x39, 0xA6, 0x39, 0xA6, 0x39, 0xC7, 0x41, 0xA6, 0x39, 0xE7, 0x41, 0xA6, 0x39, 0xA6, 0x41,
  0xA6, 0x39, 0x86, 0x39, 0x85, 0x39, 0x65, 0x31, 0x85, 0x31, 0x45, 0x31, 0x85, 0x31, 0x86, 0x39,
  0x85, 0x31, 0x86, 0x39, 0x65, 0x31, 0xA6, 0x39, 0xC6, 0x41, 0xE7, 0x41, 0x28, 0x52, 0xA6, 0x39,
  0x86, 0x31, 0x07, 0x4A, 0xA6, 0x39, 0x85, 0x39, 0x86, 0x39, 0x85, 0x31, 0x86, 0x39, 0x86, 0x39,
  0xA6, 0x39, 0x86, 0x39, 0xC6, 0x39, 0xE7, 0x41, 0xE7, 0x41, 0xEE, 0x83, 0xBD, 0xFF, 0x7C, 0xFF,
  0x7C, 0xFF, 0x7C, 0xFF, 0x7C, 0xFF, 0x7B, 0xFF, 0x7C, 0xFF, 0x9C, 0xFF, 0x9C, 0xFF, 0x7B, 0xFF,
  0x7B, 0xFF, 0x7B, 0xFF, 0x7B, 0xFF, 0x7B, 0xFF, 0x7B, 0xFF, 0x7B, 0xFF, 0x7B, 0xFF, 0x7B, 0xFF,
  0x7B, 0xFF, 0x5B, 0xFF, 0x5B, 0xFF, 0x5B, 0xFF, 0x5B, 0xFF, 0x5B, 0xFF, 0x5B, 0xFF, 0x5B, 0xFF,
  0x5B, 0xFF, 0x5B, 0xFF, 0x5B, 0xFF, 0x5B, 0xFF, 0x5B, 0xFF, 0x5B, 0xFF, 0x5B, 0xFF, 0x5B, 0xFF,
  0x5B, 0xFF, 0x5B, 0xFF, 0x5B, 0xFF, 0x5B, 0xFF, 0x5B, 0xFF, 0x5B, 0xFF, 0x5B, 0xFF, 0x5B, 0xFF,
  0x7B, 0xFF, 0x5B, 0xFF, 0x7B, 0xFF, 0x7B, 0xFF, 0x5B, 0xFF, 0x5B, 0xFF, 0x5B, 0xFF, 0x5B, 0xFF,
  0x5B, 0xFF, 0x5B, 0xFF, 0x7B, 0xFF, 0x7B, 0xFF, 0x7B, 0xFF, 0x7B, 0xFF, 0x7B, 0xFF, 0x7B, 0xFF,
  0x7B, 0xFF, 0x7B, 0xFF, 0x7B, 0xFF, 0x7B, 0xFF, 0x7C, 0xFF, 0x9C, 0xFF, 0x9C, 0xFF, 0x9C, 0xFF,
  0x5B, 0xF7, 0xB1, 0xAC, 0x6F, 0xAC, 0xED, 0x93, 0x0B, 0x7B, 0xEA, 0x72, 0x0A, 0x73, 0x2B, 0x7B,
  0x2E, 0xA4, 0x2E, 0xA4, 0x2B, 0x7B, 0x07, 0x4A, 0xA9, 0x6A, 0x07, 0x4A, 0xE7, 0x49, 0xC6, 0x41,
  0xA6, 0x41, 0xA6, 0x39, 0xA6, 0x39, 0x65, 0x31, 0x65, 0x31, 0x85, 0x31, 0x86, 0x39, 0x85, 0x31,
  0x85, 0x31, 0x86, 0x39, 0x86, 0x39, 0x86, 0x39, 0x86, 0x39, 0xA6, 0x39, 0xA6, 0x39, 0xA6, 0x39,
  0x85, 0x39, 0x86, 0x39, 0x86, 0x39, 0x65, 0x31, 0x65, 0x31, 0x65, 0x31, 0x45, 0x31, 0xA6, 0x39,
  0x86, 0x39, 0x86, 0x39, 0xA6, 0x39, 0xA6, 0x39, 0xE7, 0x41, 0x28, 0x4A, 0x28, 0x52, 0x08, 0x4A,
  0x45, 0x31, 0xA6, 0x39, 0xA6, 0x39, 0x86, 0x39, 0x65, 0x31, 0x85, 0x31, 0x85, 0x31, 0x86, 0x39,
  0x86, 0x39, 0x86, 0x39, 0xA6, 0x39, 0xA6, 0x39, 0xE7, 0x41, 0x69, 0x5A, 0x78, 0xD6, 0xBD, 0xFF,
  0x7B, 0xFF, 0x9C, 0xFF, 0x7C, 0xFF, 0x7C, 0xFF, 0x9C, 0xFF, 0x9C, 0xFF, 0x9C, 0xFF, 0x9C, 0xFF,
  0x7B, 0xFF, 0x7B, 0xFF, 0x7B, 0xFF, 0x7B, 0xFF, 0x7B, 0xFF, 0x7B, 0xFF, 0x7B, 0xFF, 0x7B, 0xFF,
  0x7B, 0xFF, 0x5B, 0xFF, 0x5B, 0xFF, 0x5B, 0xFF, 0x5B, 0xFF, 0x5B, 0xFF, 0x5B, 0xFF, 0x5B, 0xFF,
  0x5B, 0xFF, 0x5B, 0xFF, 0x5B, 0xFF, 0x7B, 0xFF, 0x5B, 0xFF, 0x5B, 0xFF, 0x5B, 0xFF, 0x7B, 0xFF,
  0x5A, 0xFF, 0x5A, 0xFF, 0x5B, 0xFF, 0x5B, 0xFF, 0x5B, 0xFF, 0x5B, 0xFF, 0x5B, 0xFF, 0x7B, 0xFF,
  0x7B, 0xFF, 0x7B, 0xFF, 0x7B, 0xFF, 0x5B, 0xFF, 0x5B, 0xFF, 0x5B, 0xFF, 0x5B, 0xFF, 0x5B, 0xFF,
  0x5B, 0xFF, 0x5B, 0xFF, 0x5B, 0xFF, 0x7B, 0xFF, 0x7B, 0xFF, 0x7B, 0xFF, 0x7B, 0xFF, 0x7B, 0xFF,
  0x7B, 0xFF, 0x7B, 0xFF, 0x7B, 0xFF, 0x7B, 0xFF, 0x9C, 0xFF, 0x9C, 0xFF, 0x9C, 0xFF, 0xBD, 0xFF,
  0x57, 0xD6, 0x4F, 0xA4, 0x2F, 0xA4, 0x4C, 0x83, 0x0A, 0x73, 0xCA, 0x6A, 0xCA, 0x6A, 0xCA, 0x6A,
  0xCD, 0x93, 0xCD, 0x93, 0x48, 0x5A, 0xEA, 0x72, 0xA9, 0x6A, 0x28, 0x52, 0x07, 0x4A, 0xC7, 0x41,
  0xC6, 0x41, 0xA6, 0x41, 0x85, 0x39, 0x65, 0x31, 0x85, 0x31, 0x85, 0x31, 0x85, 0x31, 0x65, 0x31,
  0x85, 0x39, 0x86, 0x39, 0x85, 0x31, 0x65, 0x31, 0x85, 0x31, 0x85, 0x31, 0x85, 0x31, 0x85, 0x39,
  0x65, 0x31, 0x65, 0x31, 0x85, 0x31, 0x65, 0x31, 0x45, 0x31, 0x85, 0x31, 0x45, 0x31, 0x65, 0x31,
  0xC6, 0x41, 0xA6, 0x39, 0xA6, 0x41, 0xC6, 0x41, 0xC7, 0x41, 0x28, 0x52, 0x28, 0x4A, 0xC7, 0x41,
  0xC6, 0x39, 0x65, 0x31, 0x86, 0x39, 0xA6, 0x39, 0x85, 0x31, 0x65, 0x31, 0x65, 0x31, 0x85, 0x31,
  0x86, 0x39, 0x86, 0x39, 0xA6, 0x39, 0xA6, 0x39, 0xC7, 0x41, 0xE7, 0x49, 0x91, 0x9C, 0xBC, 0xFF,
  0x7C, 0xFF, 0x7C, 0xFF, 0x7C, 0xFF, 0x7C, 0xFF, 0x9C, 0xFF, 0x9C, 0xFF, 0x9C, 0xFF, 0x9C, 0xFF,
  0x9C, 0xFF, 0x7B, 0xFF, 0x7B, 0xFF, 0x7B, 0xFF, 0x7B, 0xFF, 0x7B, 0xFF, 0x7B, 0xFF, 0x7B, 0xFF,
  0x7B, 0xFF, 0x7B, 0xFF, 0x7B, 0xFF, 0x5B, 0xFF, 0x5B, 0xFF, 0x5B, 0xFF, 0x5B, 0xFF, 0x5B, 0xFF,
  0x5B, 0xFF, 0x5B, 0xFF, 0x5B, 0xFF, 0x5B, 0xFF, 0x5B, 0xFF, 0x5B, 0xFF, 0x5B, 0xFF, 0x5B, 0xFF,
  0x5A, 0xFF, 0x5A, 0xFF, 0x5B, 0xFF, 0x5B, 0xFF, 0x5B, 0xFF, 0x5B, 0xFF, 0x5B, 0xFF, 0x5B, 0xFF,
  0x5B, 0xFF, 0x7B, 0xFF, 0x7B, 0xFF, 0x7B, 0xFF, 0x5B, 0xFF, 0x7B, 0xFF, 0x5B, 0xFF, 0x7B, 0xFF,
  0x5B, 0xFF, 0x7B, 0xFF, 0x5B, 0xFF, 0x5B, 0xFF, 0x7B, 0xFF, 0x7B, 0xFF, 0x7B, 0xFF, 0x7B, 0xFF,
  0x7B, 0xFF, 0x7B, 0xFF, 0x7B, 0xFF, 0x7B, 0xFF, 0x7C, 0xFF, 0x9C, 0xFF, 0x9C, 0xFF, 0x9C, 0xFF,
  0x53, 0xBD, 0x4F, 0xA4, 0xCD, 0x93, 0x2B, 0x7B, 0xEA, 0x72, 0xCA, 0x6A, 0xC9, 0x6A, 0x89, 0x62,
  0x6C, 0x8B, 0x2B, 0x7B, 0x48, 0x52, 0xAD, 0x8B, 0xEA, 0x72, 0x48, 0x52, 0x28, 0x52, 0xE7, 0x49,
  0xC6, 0x41, 0xA6, 0x41, 0x65, 0x31, 0x85, 0x39, 0x85, 0x31, 0x85, 0x31, 0x85, 0x31, 0x85, 0x31,
  0x85, 0x31, 0x85, 0x39, 0x65, 0x31, 0x65, 0x31, 0x65, 0x31, 0x65, 0x31, 0x65, 0x31, 0x65, 0x31,
  0x85, 0x31, 0x65, 0x31, 0x65, 0x31, 0x85, 0x39, 0x45, 0x31, 0x85, 0x31, 0x85, 0x39, 0x65, 0x31,
  0xA6, 0x39, 0xC7, 0x41, 0xC6, 0x41, 0x07, 0x4A, 0x07, 0x4A, 0xE7, 0x49, 0x08, 0x4A, 0xA6, 0x39,
  0xA6, 0x39, 0x85, 0x31, 0x65, 0x31, 0x85, 0x31, 0x86, 0x39, 0x65, 0x31, 0x65, 0x31, 0x65, 0x31,
  0x86, 0x31, 0x86, 0x39, 0xA6, 0x39, 0xA6, 0x39, 0xC6, 0x41, 0xE7, 0x41, 0x0B, 0x6B, 0xFA, 0xEE,
  0x9C, 0xFF, 0x7C, 0xFF, 0x9C, 0xFF, 0x9C, 0xFF, 0x9C, 0xFF, 0x7C, 0xFF, 0x7B, 0xFF, 0x9B, 0xFF,
  0x7B, 0xFF, 0x7B, 0xFF, 0x7B, 0xFF, 0x7B, 0xFF, 0x7B, 0xFF, 0x7B, 0xFF, 0x7B, 0xFF, 0x7B, 0xFF,
  0x7B, 0xFF, 0x7B, 0xFF, 0x7B, 0xFF, 0x7B, 0xFF, 0x5B, 0xFF, 0x5B, 0xFF, 0x5B, 0xFF, 0x5B, 0xFF,
  0x5B, 0xFF, 0x5B, 0xFF, 0x5B, 0xFF, 0x5B, 0xFF, 0x5B, 0xFF, 0x5B, 0xFF, 0x7B, 0xFF, 0x7B, 0xFF,
  0x5A, 0xFF, 0x5B, 0xFF, 0x5B, 0xFF, 0x5B, 0xFF, 0x5B, 0xFF, 0x5B, 0xFF, 0x5B, 0xFF, 0x5B, 0xFF,
  0x5B, 0xFF, 0x7B, 0xFF, 0x7B, 0xFF, 0x7B, 0xFF, 0x7B, 0xFF, 0x5B, 0xFF, 0x5B, 0xFF, 0x7B, 0xFF,
  0x7B, 0xFF, 0x7B, 0xFF, 0x5B, 0xFF, 0x7B, 0xFF, 0x7B, 0xFF, 0x7B, 0xFF, 0x7B, 0xFF, 0x7B, 0xFF,
  0x7B, 0xFF, 0x7B, 0xFF, 0x7B, 0xFF, 0x7C, 0xFF, 0x9C, 0xFF, 0x9C, 0xFF, 0xBC, 0xFF, 0xFA, 0xE6,
  0x90, 0xAC, 0x0E, 0x9C, 0x6C, 0x83, 0xEA, 0x72, 0xCA, 0x6A, 0xCA, 0x6A, 0xA9, 0x6A, 0x89, 0x62,
  0x4B, 0x83, 0x68, 0x5A, 0xCA, 0x6A, 0x8C, 0x8B, 0x4C, 0x7B, 0xA9, 0x62, 0x48, 0x5A, 0xE7, 0x49,
  0xE7, 0x49, 0xA6, 0x39, 0x85, 0x31, 0x85, 0x39, 0x85, 0x31, 0x85, 0x31, 0x85, 0x39, 0x85, 0x31,
  0x85, 0x31, 0x86, 0x39, 0x85, 0x31, 0x65, 0x31, 0x65, 0x31, 0x85, 0x31, 0x85, 0x31, 0x85, 0x31,
  0x85, 0x31, 0x85, 0x31, 0x65, 0x31, 0xA6, 0x39, 0x45, 0x29, 0x65, 0x31, 0xA6, 0x41, 0xA6, 0x39,
  0x85, 0x31, 0x07, 0x4A, 0x28, 0x4A, 0x48, 0x52, 0x28, 0x52, 0xC6, 0x41, 0xC7, 0x41, 0xA6, 0x39,
  0x86, 0x39, 0x86, 0x39, 0x45, 0x31, 0x65, 0x31, 0x65, 0x31, 0x65, 0x31, 0x65, 0x31, 0x65, 0x31,
  0x85, 0x31, 0x86, 0x39, 0xA6, 0x39, 0xA6, 0x39, 0xA6, 0x39, 0xE7, 0x41, 0x08, 0x4A, 0x74, 0xB5,
  0xBD, 0xFF, 0x7C, 0xFF, 0x9C, 0xFF, 0x9C, 0xFF, 0x9C, 0xFF, 0x7C, 0xFF, 0x7C, 0xFF, 0x7B, 0xFF,
  0x7B, 0xFF, 0x7B, 0xFF, 0x7B, 0xFF, 0x7B, 0xFF, 0x7B, 0xFF, 0x7B, 0xFF, 0x7B, 0xFF, 0x7B, 0xFF,
  0x7B, 0xFF, 0x7B, 0xFF, 0x7B, 0xFF, 0x7B, 0xFF, 0x5B, 0xFF, 0x5B, 0xFF, 0x5B, 0xFF, 0x5B, 0xFF,
  0x5B, 0xFF, 0x5B, 0xFF, 0x5B, 0xFF, 0x5B, 0xFF, 0x5B, 0xFF, 0x5B, 0xFF, 0x7B, 0xFF, 0x7B, 0xFF,
  0x5A, 0xFF, 0x5B, 0xFF, 0x5B, 0xFF, 0x5B, 0xFF, 0x5B, 0xFF, 0x5B, 0xFF, 0x5B, 0xFF, 0x5B, 0xFF,
  0x5B, 0xFF, 0x5B, 0xFF, 0x5B, 0xFF, 0x5B, 0xFF, 0x7B, 0xFF, 0x7B, 0xFF, 0x7B, 0xFF, 0x7B, 0xFF,
  0x7B, 0xFF, 0x7B, 0xFF, 0x7B, 0xFF, 0x7B, 0xFF, 0x7B, 0xFF, 0x7B, 0xFF, 0x7B, 0xFF, 0x7B, 0xFF,
  0x7B, 0xFF, 0x7C, 0xFF, 0x7B, 0xFF, 0x7C, 0xFF, 0x9C, 0xFF, 0x9C, 0xFF, 0xBC, 0xFF, 0x16, 0xCE,
  0x2E, 0xA4, 0xCD, 0x93, 0x2B, 0x7B, 0xCA, 0x6A, 0xA9, 0x6A, 0xA9, 0x6A, 0x89, 0x62, 0xA9, 0x62,
  0xCA, 0x6A, 0x48, 0x52, 0xAA, 0x6A, 0x2B, 0x7B, 0x8C, 0x83, 0xA9, 0x62, 0xA9, 0x62, 0x07, 0x4A,
  0x27, 0x52, 0xA6, 0x39, 0xA6, 0x39, 0xA6, 0x39, 0x86, 0x39, 0xA6, 0x39, 0x85, 0x39, 0x86, 0x39,
  0x86, 0x39, 0x86, 0x39, 0x85, 0x39, 0x85, 0x31, 0x85, 0x31, 0x85, 0x31, 0x85, 0x39, 0x86, 0x39,
  0x86, 0x39, 0x86, 0x39, 0x86, 0x39, 0xA6, 0x39, 0xA6, 0x39, 0x45, 0x31, 0xE7, 0x41, 0xC7, 0x41,
  0xC6, 0x41, 0xA6, 0x39, 0x28, 0x4A, 0x48, 0x52, 0x07, 0x4A, 0xC6, 0x41, 0xA6, 0x39, 0xA6, 0x39,
  0x86, 0x39, 0x86, 0x39, 0x85, 0x31, 0x45, 0x29, 0x65, 0x31, 0x65, 0x31, 0x65, 0x31, 0x65, 0x31,
  0x65, 0x31, 0x86, 0x39, 0xA6, 0x39, 0xA6, 0x39, 0xA6, 0x39, 0xC7, 0x41, 0xC7, 0x41, 0xEE, 0x83,
  0x7B, 0xF7, 0x9C, 0xFF, 0x9C, 0xFF, 0x9C, 0xFF, 0x9C, 0xFF, 0x7C, 0xFF, 0x9C, 0xFF, 0x7C, 0xFF,
  0x7B, 0xFF, 0x7B, 0xFF, 0x7B, 0xFF, 0x7B, 0xFF, 0x7B, 0xFF, 0x7B, 0xFF, 0x7B, 0xFF, 0x7B, 0xFF,
  0x7B, 0xFF, 0x7B, 0xFF, 0x7B, 0xFF, 0x7B, 0xFF, 0x7B, 0xFF, 0x5B, 0xFF, 0x5B, 0xFF, 0x5B, 0xFF,
  0x5B, 0xFF, 0x5B, 0xFF, 0x5B, 0xFF, 0x5B, 0xFF, 0x5B, 0xFF, 0x5B, 0xFF, 0x7B, 0xFF, 0x7B, 0xFF,
  0x5B, 0xFF, 0x5B, 0xFF, 0x5B, 0xFF, 0x5B, 0xFF, 0x5B, 0xFF, 0x5B, 0xFF, 0x5B, 0xFF, 0x5B, 0xFF,
  0x5B, 0xFF, 0x5B, 0xFF, 0x5B, 0xFF, 0x5B, 0xFF, 0x7B, 0xFF, 0x7B, 0xFF, 0x7B, 0xFF, 0x5B, 0xFF,
  0x5B, 0xFF, 0x5B, 0xFF, 0x7B, 0xFF, 0x7B, 0xFF, 0x7B, 0xFF, 0x7B, 0xFF, 0x7B, 0xFF, 0x7B, 0xFF,
  0x7B, 0xFF, 0x7B, 0xFF, 0x9C, 0xFF, 0x9C, 0xFF, 0x9C, 0xFF, 0x9C, 0xFF, 0x7C, 0xF7, 0x12, 0xB5,
  0x0E, 0x9C, 0x8C, 0x8B, 0x0A, 0x73, 0xA9, 0x6A, 0xA9, 0x62, 0x89, 0x62, 0x68, 0x62, 0xA9, 0x6A,
  0x48, 0x5A, 0x28, 0x52, 0x48, 0x5A, 0xA9, 0x6A, 0xCA, 0x6A, 0xA9, 0x62, 0x0B, 0x73, 0x89, 0x62,
  0x07, 0x4A, 0xA6, 0x41, 0x07, 0x4A, 0xC6, 0x41, 0xA6, 0x41, 0xC6, 0x41, 0x85, 0x31, 0xC6, 0x41,
  0xA6, 0x39, 0x86, 0x39, 0x86, 0x39, 0x86, 0x39, 0x86, 0x39, 0x86, 0x39, 0x86, 0x39, 0xA6, 0x39,
  0xA6, 0x39, 0xA6, 0x39, 0xA6, 0x39, 0xC7, 0x41, 0xE7, 0x49, 0xE6, 0x51, 0xC6, 0x41, 0x48, 0x52,
  0x28, 0x4A, 0x85, 0x31, 0xE7, 0x41, 0x08, 0x4A, 0xA6, 0x39, 0xA6, 0x39, 0x86, 0x39, 0x85, 0x39,
  0x85, 0x39, 0x85, 0x39, 0xA6, 0x39, 0x45, 0x31, 0x45, 0x31, 0x65, 0x31, 0x65, 0x31, 0x65, 0x31,
  0x45, 0x31, 0x86, 0x39, 0x86, 0x39, 0xA6, 0x39, 0xA6, 0x39, 0xA6, 0x41, 0xC7, 0x41, 0x89, 0x5A,
  0x78, 0xD6, 0xBC, 0xFF, 0x9C, 0xFF, 0x9C, 0xFF, 0x9C, 0xFF, 0x9C, 0xFF, 0x9C, 0xFF, 0x7C, 0xFF,
  0x7B, 0xFF, 0x7B, 0xFF, 0x7B, 0xFF, 0x7B, 0xFF, 0x7B, 0xFF, 0x7B, 0xFF, 0x7B, 0xFF, 0x7B, 0xFF,
  0x7B, 0xFF, 0x7B, 0xFF, 0x7B, 0xFF, 0x7B, 0xFF, 0x7B, 0xFF, 0x5B, 0xFF, 0x5B, 0xFF, 0x5B, 0xFF,
  0x5B, 0xFF, 0x5B, 0xFF, 0x5B, 0xFF, 0x5B, 0xFF, 0x7B, 0xFF, 0x7B, 0xFF, 0x7B, 0xFF, 0x7B, 0xFF,
  0x5B, 0xFF, 0x5B, 0xFF, 0x5B, 0xFF, 0x5B, 0xFF, 0x5B, 0xFF, 0x5B, 0xFF, 0x5B, 0xFF, 0x5B, 0xFF,
  0x5B, 0xFF, 0x5B, 0xFF, 0x5B, 0xFF, 0x5B, 0xFF, 0x7B, 0xFF, 0x7B, 0xFF, 0x7B, 0xFF, 0x5B, 0xFF,
  0x5B, 0xFF, 0x5B, 0xFF, 0x7B, 0xFF, 0x7B, 0xFF, 0x5B, 0xFF, 0x7B, 0xFF, 0x7B, 0xFF, 0x7B, 0xFF,
  0x7B, 0xFF, 0x7B, 0xFF, 0x9C, 0xFF, 0x9C, 0xFF, 0x9C, 0xFF, 0xBC, 0xFF, 0xB9, 0xE6, 0x4F, 0xA4,
  0x0E, 0x9C, 0x4B, 0x7B, 0xCA, 0x6A, 0xA9, 0x62, 0x89, 0x62, 0x89, 0x62, 0x69, 0x62, 0xA9, 0x6A,
  0x07, 0x4A, 0x28, 0x52, 0x27, 0x52, 0x48, 0x5A, 0x28, 0x52, 0xA9, 0x62, 0x0B, 0x73, 0xCA, 0x6A,
  0xC6, 0x41, 0x07, 0x4A, 0x48, 0x52, 0xE7, 0x49, 0x07, 0x4A, 0xE7, 0x41, 0x86, 0x39, 0xE7, 0x49,
  0xC6, 0x41, 0xA6, 0x41, 0xA6, 0x41, 0xA6, 0x39, 0xA6, 0x39, 0xA6, 0x39, 0xA6, 0x39, 0xC6, 0x41,
  0xC7, 0x41, 0xC6, 0x41, 0xE7, 0x49, 0xE7, 0x49, 0xE7, 0x41, 0xC9, 0x7A, 0xC6, 0x49, 0x07, 0x4A,
  0x28, 0x52, 0xA6, 0x39, 0x85, 0x39, 0xE7, 0x49, 0xA6, 0x39, 0x86, 0x39, 0x86, 0x39, 0x85, 0x31,
  0x65, 0x31, 0x85, 0x31, 0x85, 0x31, 0x85, 0x39, 0x24, 0x29, 0x65, 0x31, 0x65, 0x31, 0x65, 0x31,
  0x45, 0x31, 0x65, 0x31, 0x86, 0x39, 0xA6, 0x39, 0xA6, 0x39, 0xA6, 0x39, 0xC6, 0x41, 0x07, 0x4A,
  0xF2, 0xAC, 0x9C, 0xFF, 0x9C, 0xFF, 0x9C, 0xFF, 0x9C, 0xFF, 0x9C, 0xFF, 0x9C, 0xFF, 0x9C, 0xFF,
  0x7B, 0xFF, 0x7B, 0xFF, 0x9C, 0xFF, 0x7B, 0xFF, 0x7B, 0xFF, 0x7B, 0xFF, 0x7B, 0xFF, 0x7B, 0xFF,
  0x7B, 0xFF, 0x7B, 0xFF, 0x7B, 0xFF, 0x7B, 0xFF, 0x7B, 0xFF, 0x5B, 0xFF, 0x5B, 0xFF, 0x5B, 0xFF,
  0x5B, 0xFF, 0x5B, 0xFF, 0x5B, 0xFF, 0x7B, 0xFF, 0x7B, 0xFF, 0x7B, 0xFF, 0x7B, 0xFF, 0x7B, 0xFF,
  0x5B, 0xFF, 0x5B, 0xFF, 0x5B, 0xFF, 0x5B, 0xFF, 0x5B, 0xFF, 0x5B, 0xFF, 0x5B, 0xFF, 0x5B, 0xFF,
  0x5B, 0xFF, 0x5B, 0xFF, 0x5B, 0xFF, 0x5B, 0xFF, 0x5B, 0xFF, 0x5B, 0xFF, 0x7B, 0xFF, 0x5B, 0xFF,
  0x5B, 0xFF, 0x7B, 0xFF, 0x7B, 0xFF, 0x7B, 0xFF, 0x7B, 0xFF, 0x7B, 0xFF, 0x7B, 0xFF, 0x7B, 0xFF,
  0x7B, 0xFF, 0x7B, 0xFF, 0x9C, 0xFF, 0x9C, 0xFF, 0x9C, 0xFF, 0x9C, 0xFF, 0xD5, 0xCD, 0x2F, 0xA4,
  0xCD, 0x93, 0x0B, 0x73, 0xCA, 0x6A, 0xA9, 0x62, 0x89, 0x62, 0x68, 0x62, 0x89, 0x62, 0x68, 0x62,
  0xE7, 0x49, 0x07, 0x4A, 0xE7, 0x49, 0x07, 0x4A, 0x07, 0x4A, 0x27, 0x52, 0x89, 0x62, 0x89, 0x62,
  0xC6, 0x41, 0x69, 0x5A, 0xCA, 0x6A, 0x68, 0x5A, 0x69, 0x5A, 0xC7, 0x41, 0xA6, 0x39, 0x48, 0x52,
  0x28, 0x52, 0xC6, 0x41, 0xC7, 0x41, 0xE7, 0x49, 0xC7, 0x41, 0xC7, 0x41, 0xC7, 0x41, 0xE7, 0x49,
  0x28, 0x52, 0xE7, 0x41, 0x48, 0x52, 0x07, 0x4A, 0xA6, 0x39, 0x0A, 0x83, 0x0A, 0x8B, 0xC7, 0x41,
  0xE7, 0x49, 0xA6, 0x41, 0x65, 0x31, 0x86, 0x39, 0xA6, 0x39, 0x86, 0x39, 0x85, 0x39, 0x85, 0x31,
  0x65, 0x31, 0x65, 0x31, 0x65, 0x31, 0xA6, 0x39, 0x44, 0x29, 0x45, 0x29, 0x65, 0x31, 0x65, 0x31,
  0x65, 0x31, 0x65, 0x31, 0x86, 0x39, 0x86, 0x39, 0xA6, 0x39, 0xA6, 0x39, 0xC6, 0x41, 0xC7, 0x41,
  0xAE, 0x83, 0x1A, 0xEF, 0x9C, 0xFF, 0x9C, 0xFF, 0x9C, 0xFF, 0x9C, 0xFF, 0x9C, 0xFF, 0x9C, 0xFF,
  0x9C, 0xFF, 0x9C, 0xFF, 0x9B, 0xFF, 0x7B, 0xFF, 0x7B, 0xFF, 0x7B, 0xFF, 0x7B, 0xFF, 0x7B, 0xFF,
  0x7B, 0xFF, 0x7B, 0xFF, 0x7B, 0xFF, 0x7B, 0xFF, 0x7B, 0xFF, 0x7B, 0xFF, 0x5B, 0xFF, 0x5B, 0xFF,
  0x5B, 0xFF, 0x5B, 0xFF, 0x7B, 0xFF, 0x7B, 0xFF, 0x7B, 0xFF, 0x7B, 0xFF, 0x5B, 0xFF, 0x7B, 0xFF,
  0x5B, 0xFF, 0x5B, 0xFF, 0x5B, 0xFF, 0x5B, 0xFF, 0x5B, 0xFF, 0x5B, 0xFF, 0x5B, 0xFF, 0x5B, 0xFF,
  0x5B, 0xFF, 0x5B, 0xFF, 0x5B, 0xFF, 0x5B, 0xFF, 0x5B, 0xFF, 0x5B, 0xFF, 0x7B, 0xFF, 0x5B, 0xFF,
  0x5B, 0xFF, 0x5B, 0xFF, 0x7B, 0xFF, 0x7B, 0xFF, 0x7B, 0xFF, 0x7B, 0xFF, 0x7B, 0xFF, 0x7B, 0xFF,
  0x7C, 0xFF, 0x7C, 0xFF, 0x9C, 0xFF, 0x9C, 0xFF, 0x9C, 0xFF, 0x5B, 0xF7, 0x53, 0xBD, 0x0E, 0x9C,
  0x6C, 0x83, 0xCA, 0x6A, 0xA9, 0x6A, 0x89, 0x62, 0x89, 0x62, 0x68, 0x5A, 0xA9, 0x6A, 0x27, 0x52,
  0xE7, 0x49, 0xE7, 0x49, 0xE7, 0x49, 0xC6, 0x41, 0xC7, 0x41, 0xE7, 0x49, 0x28, 0x52, 0xE7, 0x49,
  0xC6, 0x41, 0x89, 0x62, 0xCA, 0x6A, 0x89, 0x62, 0x69, 0x5A, 0x85, 0x39, 0xC6, 0x41, 0x89, 0x62,
  0x89, 0x62, 0xC7, 0x41, 0x28, 0x4A, 0x69, 0x5A, 0x07, 0x4A, 0xE7, 0x49, 0x28, 0x4A, 0x69, 0x5A,
  0x49, 0x52, 0xC7, 0x41, 0x08, 0x4A, 0xE7, 0x41, 0xA6, 0x39, 0xCA, 0x72, 0x6F, 0xCC, 0x07, 0x52,
  0xE7, 0x49, 0xC6, 0x41, 0xA6, 0x39, 0x65, 0x31, 0xA6, 0x39, 0x85, 0x39, 0x85, 0x31, 0x65, 0x31,
  0x65, 0x31, 0x65, 0x31, 0x65, 0x31, 0x85, 0x39, 0x65, 0x31, 0x24, 0x29, 0x65, 0x31, 0x65, 0x31,
  0x65, 0x31, 0x45, 0x29, 0x65, 0x31, 0x86, 0x39, 0xA6, 0x39, 0xA6, 0x39, 0xC7, 0x41, 0xC7, 0x41,
  0xAA, 0x62, 0x78, 0xD6, 0x9C, 0xFF, 0x9C, 0xFF, 0x9C, 0xFF, 0x9C, 0xFF, 0x9C, 0xFF, 0x9C, 0xFF,
  0x9C, 0xFF, 0x9C, 0xFF, 0x7C, 0xFF, 0x7B, 0xFF, 0x7B, 0xFF, 0x7B, 0xFF, 0x7B, 0xFF, 0x7B, 0xFF,
  0x7B, 0xFF, 0x7B, 0xFF, 0x7B, 0xFF, 0x7B, 0xFF, 0x5B, 0xFF, 0x7B, 0xFF, 0x5B, 0xFF, 0x5B, 0xFF,
  0x7B, 0xFF, 0x5B, 0xFF, 0x7B, 0xFF, 0x7B, 0xFF, 0x7B, 0xFF, 0x7B, 0xFF, 0x5B, 0xFF, 0x5B, 0xFF,
  0x5B, 0xFF, 0x5B, 0xFF, 0x5B, 0xFF, 0x5B, 0xFF, 0x5B, 0xFF, 0x5B, 0xFF, 0x5B, 0xFF, 0x5B, 0xFF,
  0x5B, 0xFF, 0x5B, 0xFF, 0x5B, 0xFF, 0x5B, 0xFF, 0x5B, 0xFF, 0x5B, 0xFF, 0x7B, 0xFF, 0x7B, 0xFF,
  0x7B, 0xFF, 0x7B, 0xFF, 0x7B, 0xFF, 0x7B, 0xFF, 0x7B, 0xFF, 0x7B, 0xFF, 0x7B, 0xFF, 0x7B, 0xFF,
  0x7C, 0xFF, 0x7C, 0xFF, 0x9C, 0xFF, 0x9C, 0xFF, 0x9C, 0xFF, 0xD9, 0xE6, 0xD1, 0xAC, 0xCD, 0x93,
  0x2B, 0x7B, 0xA9, 0x6A, 0xA9, 0x62, 0x89, 0x62, 0x69, 0x62, 0x68, 0x5A, 0xA9, 0x62, 0xE6, 0x49,
  0xE7, 0x49, 0xC6, 0x41, 0xC6, 0x41, 0xA6, 0x39, 0xA6, 0x41, 0xC6, 0x41, 0xE7, 0x49, 0x86, 0x39,
  0xC6, 0x41, 0x28, 0x52, 0x69, 0x5A, 0x69, 0x5A, 0x28, 0x52, 0x44, 0x29, 0xE7, 0x41, 0xAA, 0x62,
  0x69, 0x5A, 0xA6, 0x39, 0x48, 0x52, 0xAA, 0x62, 0x07, 0x4A, 0x07, 0x4A, 0x48, 0x52, 0x69, 0x5A,
  0x48, 0x52, 0xC6, 0x41, 0xA6, 0x41, 0xE7, 0x41, 0xA6, 0x39, 0x68, 0x62, 0x11, 0xDD, 0x8C, 0x9B,
  0xE7, 0x49, 0xC6, 0x41, 0xA6, 0x41, 0x65, 0x31, 0x65, 0x31, 0x86, 0x39, 0x65, 0x31, 0x65, 0x31,
  0x65, 0x31, 0x65, 0x31, 0x65, 0x31, 0x65, 0x31, 0x86, 0x39, 0x24, 0x29, 0x45, 0x29, 0x65, 0x31,
  0x65, 0x31, 0x44, 0x29, 0x65, 0x31, 0x86, 0x39, 0xA6, 0x39, 0xA6, 0x39, 0xC6, 0x41, 0xC7, 0x41,
  0x08, 0x4A, 0x74, 0xB5, 0x9C, 0xFF, 0x9C, 0xFF, 0x9C, 0xFF, 0x9C, 0xFF, 0x9C, 0xFF, 0x9C, 0xFF,
  0x9C, 0xFF, 0x9C, 0xFF, 0x9C, 0xFF, 0x9C, 0xFF, 0x7B, 0xFF, 0x7B, 0xFF, 0x7B, 0xFF, 0x7B, 0xFF,
  0x7B, 0xFF, 0x7B, 0xFF, 0x7B, 0xFF, 0x7B, 0xFF, 0x7B, 0xFF, 0x7B, 0xFF, 0x5B, 0xFF, 0x5B, 0xFF,
  0x5B, 0xFF, 0x5B, 0xFF, 0x5B, 0xFF, 0x5B, 0xFF, 0x7B, 0xFF, 0x5B, 0xFF, 0x5B, 0xFF, 0x5B, 0xFF,
  0x5B, 0xFF, 0x5B, 0xFF, 0x5B, 0xFF, 0x5B, 0xFF, 0x5B, 0xFF, 0x5B, 0xFF, 0x5B, 0xFF, 0x5B, 0xFF,
  0x5B, 0xFF, 0x5B, 0xFF, 0x5B, 0xFF, 0x5B, 0xFF, 0x5B, 0xFF, 0x7B, 0xFF, 0x7B, 0xFF, 0x5B, 0xFF,
  0x7B, 0xFF, 0x5B, 0xFF, 0x5B, 0xFF, 0x5B, 0xFF, 0x7B, 0xFF, 0x7B, 0xFF, 0x7B, 0xFF, 0x7C, 0xFF,
  0x7C, 0xFF, 0x9C, 0xFF, 0x9C, 0xFF, 0x9C, 0xFF, 0x9C, 0xFF, 0x78, 0xDE, 0x4F, 0xA4, 0xAD, 0x8B,
  0xEA, 0x72, 0xA9, 0x62, 0x89, 0x62, 0x68, 0x5A, 0x68, 0x5A, 0x68, 0x5A, 0x68, 0x5A, 0xE6, 0x49,
  0xC6, 0x41, 0xA6, 0x41, 0xA6, 0x41, 0xA6, 0x39, 0xA6, 0x39, 0xA6, 0x39, 0xE7, 0x41, 0x85, 0x39,
  0xA6, 0x41, 0xC7, 0x41, 0xE7, 0x41, 0x07, 0x4A, 0xE7, 0x49, 0x44, 0x31, 0xE7, 0x49, 0x48, 0x52,
  0x28, 0x4A, 0xA6, 0x39, 0x07, 0x4A, 0x48, 0x52, 0xE7, 0x41, 0xE7, 0x41, 0x28, 0x52, 0x07, 0x4A,
  0xE7, 0x41, 0xC6, 0x41, 0xA6, 0x39, 0xC7, 0x41, 0xA6, 0x41, 0x27, 0x52, 0x52, 0xD5, 0x52, 0xDD,
  0x88, 0x6A, 0xE6, 0x49, 0xC6, 0x41, 0xA6, 0x39, 0x65, 0x31, 0x85, 0x39, 0x65, 0x31, 0x65, 0x31,
  0x65, 0x31, 0x65, 0x31, 0x65, 0x31, 0x45, 0x31, 0x85, 0x39, 0x45, 0x31, 0x24, 0x29, 0x65, 0x31,
  0x65, 0x31, 0x45, 0x29, 0x44, 0x29, 0x86, 0x31, 0xA6, 0x39, 0xA6, 0x39, 0xC6, 0x41, 0xE7, 0x41,
  0xC7, 0x41, 0x50, 0x94, 0x5B, 0xF7, 0x9C, 0xFF, 0x9C, 0xFF, 0x9C, 0xFF, 0x9C, 0xFF, 0x9C, 0xFF,
  0x9C, 0xFF, 0x9C, 0xFF, 0x9C, 0xFF, 0x9C, 0xFF, 0x7B, 0xFF, 0x7B, 0xFF, 0x7B, 0xFF, 0x7B, 0xFF,
  0x7B, 0xFF, 0x7B, 0xFF, 0x7B, 0xFF, 0x7B, 0xFF, 0x7B, 0xFF, 0x7B, 0xFF, 0x5B, 0xFF, 0x5B, 0xFF,
  0x5B, 0xFF, 0x5B, 0xFF, 0x5B, 0xFF, 0x5B, 0xFF, 0x5B, 0xFF, 0x5B, 0xFF, 0x7B, 0xFF, 0x7B, 0xFF,
  0x5B, 0xFF, 0x5B, 0xFF, 0x5B, 0xFF, 0x5B, 0xFF, 0x5B, 0xFF, 0x5B, 0xFF, 0x7B, 0xFF, 0x7B, 0xFF,
  0x7B, 0xFF, 0x7B, 0xFF, 0x5B, 0xFF, 0x5B, 0xFF, 0x5B, 0xFF, 0x7B, 0xFF, 0x5B, 0xFF, 0x5B, 0xFF,
  0x5B, 0xFF, 0x5B, 0xFF, 0x5B, 0xFF, 0x5B, 0xFF, 0x7B, 0xFF, 0x7B, 0xFF, 0x7B, 0xFF, 0x7B, 0xFF,
  0x7C, 0xFF, 0x9C, 0xFF, 0x9C, 0xFF, 0x9C, 0xFF, 0x7C, 0xFF, 0xF6, 0xCD, 0xEE, 0x93, 0x6C, 0x83,
  0xA9, 0x6A, 0x89, 0x62, 0x68, 0x62, 0x68, 0x5A, 0x48, 0x5A, 0x68, 0x5A, 0x28, 0x52, 0xC6, 0x41,
  0xC6, 0x41, 0xA6, 0x41, 0xA6, 0x39, 0xA6, 0x39, 0x85, 0x39, 0xA6, 0x41, 0xA6, 0x39, 0x65, 0x31,
  0xA6, 0x41, 0xC6, 0x41, 0xA6, 0x41, 0xE7, 0x41, 0xC6, 0x41, 0xA6, 0x49, 0xC7, 0x41, 0xE7, 0x41,
  0xE7, 0x41, 0x86, 0x39, 0xC7, 0x41, 0xE7, 0x49, 0xC7, 0x41, 0xC6, 0x41, 0xC7, 0x41, 0xC7, 0x41,
  0xC7, 0x41, 0xA6, 0x41, 0xA6, 0x39, 0xE7, 0x41, 0xE6, 0x49, 0x07, 0x52, 0xF1, 0xCC, 0x56, 0xF6,
  0xED, 0xAB, 0x07, 0x52, 0xE7, 0x49, 0xA6, 0x41, 0x85, 0x39, 0x65, 0x31, 0x86, 0x39, 0x65, 0x31,
  0x65, 0x31, 0x45, 0x31, 0x65, 0x31, 0x65, 0x31, 0x65, 0x31, 0x85, 0x39, 0x04, 0x21, 0x45, 0x29,
  0x85, 0x31, 0x45, 0x31, 0x24, 0x29, 0x65, 0x31, 0x86, 0x39, 0xA6, 0x39, 0xA6, 0x39, 0xC7, 0x41,
  0xC6, 0x41, 0x0B, 0x6B, 0xFA, 0xE6, 0x9C, 0xFF, 0x9C, 0xFF, 0x9C, 0xFF, 0x9C, 0xFF, 0x9C, 0xFF,
  0x9C, 0xFF, 0x9C, 0xFF, 0x9C, 0xFF, 0x9C, 0xFF, 0x7B, 0xFF, 0x7B, 0xFF, 0x7B, 0xFF, 0x7B, 0xFF,
  0x7B, 0xFF, 0x7B, 0xFF, 0x7B, 0xFF, 0x7B, 0xFF, 0x7B, 0xFF, 0x7B, 0xFF, 0x5B, 0xFF, 0x5B, 0xFF,
  0x5B, 0xFF, 0x5B, 0xFF, 0x5B, 0xFF, 0x7B, 0xFF, 0x7B, 0xFF, 0x5B, 0xFF, 0x7B, 0xFF, 0x7B, 0xFF,
  0x5A, 0xFF, 0x5B, 0xFF, 0x5A, 0xFF, 0x5A, 0xFF, 0x5B, 0xFF, 0x5B, 0xFF, 0x5B, 0xFF, 0x5B, 0xFF,
  0x5B, 0xFF, 0x7B, 0xFF, 0x5B, 0xFF, 0x5B, 0xFF, 0x5B, 0xFF, 0x5B, 0xFF, 0x5B, 0xFF, 0x7B, 0xFF,
  0x5B, 0xFF, 0x5B, 0xFF, 0x5B, 0xFF, 0x5B, 0xFF, 0x7B, 0xFF, 0x7B, 0xFF, 0x7B, 0xFF, 0x7B, 0xFF,
  0x7C, 0xFF, 0x9C, 0xFF, 0x9C, 0xFF, 0x9C, 0xFF, 0x5B, 0xF7, 0x74, 0xC5, 0xCD, 0x93, 0x2B, 0x7B,
  0xA9, 0x6A, 0x89, 0x62, 0x68, 0x5A, 0x48, 0x5A, 0x48, 0x52, 0x89, 0x62, 0x07, 0x52, 0xC6, 0x41,
  0xC6, 0x41, 0xA6, 0x41, 0x86, 0x39, 0x86, 0x39, 0x86, 0x39, 0xA6, 0x39, 0x65, 0x39, 0x65, 0x31,
  0xA6, 0x39, 0xA6, 0x39, 0xA6, 0x39, 0xA6, 0x39, 0xE6, 0x49, 0x07, 0x5A, 0xA6, 0x39, 0xE7, 0x41,
  0xA6, 0x41, 0x65, 0x31, 0xC6, 0x41, 0xE7, 0x49, 0xA6, 0x39, 0x86, 0x39, 0xA6, 0x41, 0xC6, 0x41,
  0xC6, 0x41, 0xA6, 0x41, 0xA6, 0x39, 0xE7, 0x49, 0x48, 0x5A, 0x07, 0x52, 0x6F, 0xBC, 0xD8, 0xFE,
  0x73, 0xDD, 0xEA, 0x7A, 0xE6, 0x49, 0xE7, 0x49, 0xA6, 0x39, 0x45, 0x31, 0x85, 0x39, 0x85, 0x39,
  0x65, 0x31, 0x65, 0x31, 0x45, 0x31, 0x65, 0x31, 0x65, 0x31, 0x86, 0x39, 0x24, 0x29, 0x24, 0x29,
  0x65, 0x31, 0x65, 0x31, 0x24, 0x29, 0x65, 0x31, 0x86, 0x39, 0xA6, 0x39, 0xA6, 0x39, 0xC6, 0x41,
  0xC7, 0x41, 0x48, 0x52, 0x37, 0xD6, 0x7C, 0xFF, 0x9C, 0xFF, 0x9C, 0xFF, 0x9C, 0xFF, 0x9C, 0xFF,
  0x9C, 0xFF, 0x9C, 0xFF, 0x9C, 0xFF, 0x7B, 0xFF, 0x9C, 0xFF, 0x9B, 0xFF, 0x7B, 0xFF, 0x7B, 0xFF,
  0x7B, 0xFF, 0x7B, 0xFF, 0x7B, 0xFF, 0x7B, 0xFF, 0x7B, 0xFF, 0x7B, 0xFF, 0x7B, 0xFF, 0x5B, 0xFF,
  0x5B, 0xFF, 0x5B, 0xFF, 0x7B, 0xFF, 0x5B, 0xFF, 0x5B, 0xFF, 0x7B, 0xFF, 0x7B, 0xFF, 0x7B, 0xFF,
  0x5A, 0xFF, 0x5B, 0xFF, 0x5A, 0xFF, 0x5A, 0xFF, 0x5B, 0xFF, 0x5B, 0xFF, 0x5B, 0xFF, 0x5B, 0xFF,
  0x5B, 0xFF, 0x5B, 0xFF, 0x5B, 0xFF, 0x5B, 0xFF, 0x5B, 0xFF, 0x5B, 0xFF, 0x7B, 0xFF, 0x7B, 0xFF,
  0x7B, 0xFF, 0x7B, 0xFF, 0x5B, 0xFF, 0x7B, 0xFF, 0x7B, 0xFF, 0x7B, 0xFF, 0x7B, 0xFF, 0x7B, 0xFF,
  0x7C, 0xFF, 0x9C, 0xFF, 0x9C, 0xFF, 0x9C, 0xFF, 0xFA, 0xEE, 0x12, 0xB5, 0x8C, 0x8B, 0x0A, 0x73,
  0xA9, 0x62, 0x89, 0x62, 0x48, 0x5A, 0x48, 0x5A, 0x28, 0x52, 0x89, 0x62, 0xC6, 0x49, 0xC6, 0x41,
  0xC6, 0x41, 0x85, 0x39, 0x85, 0x39, 0x86, 0x39, 0x85, 0x39, 0x86, 0x39, 0x65, 0x31, 0x85, 0x39,
  0x85, 0x39, 0x86, 0x39, 0x86, 0x39, 0x86, 0x39, 0x47, 0x62, 0x27, 0x5A, 0x86, 0x39, 0xC6, 0x41,
  0x86, 0x39, 0x65, 0x31, 0xA6, 0x39, 0xC6, 0x41, 0xA6, 0x39, 0x85, 0x39, 0xA6, 0x39, 0xA6, 0x39,
  0xA6, 0x41, 0xA6, 0x41, 0xA6, 0x41, 0xE7, 0x49, 0x68, 0x6A, 0x27, 0x52, 0x2E, 0xB4, 0xF9, 0xFE,
  0x77, 0xF6, 0x4E, 0xBC, 0x48, 0x5A, 0x07, 0x52, 0xC6, 0x41, 0x85, 0x39, 0x65, 0x31, 0x86, 0x39,
  0x65, 0x31, 0x65, 0x31, 0x45, 0x31, 0x65, 0x31, 0x65, 0x31, 0x86, 0x39, 0x65, 0x31, 0x24, 0x21,
  0x45, 0x29, 0x65, 0x31, 0x44, 0x29, 0x24, 0x29, 0x86, 0x31, 0x86, 0x39, 0xA6, 0x39, 0xA6, 0x39,
  0xE7, 0x41, 0xE7, 0x41, 0x54, 0xB5, 0x9C, 0xFF, 0x9C, 0xFF, 0x9C, 0xFF, 0x9C, 0xFF, 0x9C, 0xFF,
  0x9C, 0xFF, 0x9C, 0xFF, 0x9C, 0xFF, 0x7B, 0xFF, 0x7B, 0xFF, 0x7B, 0xFF, 0x7B, 0xFF, 0x7B, 0xFF,
  0x7B, 0xFF, 0x7B, 0xFF, 0x7B, 0xFF, 0x7B, 0xFF, 0x7B, 0xFF, 0x7B, 0xFF, 0x7B, 0xFF, 0x5B, 0xFF,
  0x5B, 0xFF, 0x5B, 0xFF, 0x5B, 0xFF, 0x5B, 0xFF, 0x5B, 0xFF, 0x5B, 0xFF, 0x5B, 0xFF, 0x7B, 0xFF,
  0x5B, 0xFF, 0x5B, 0xFF, 0x5B, 0xFF, 0x5B, 0xFF, 0x5B, 0xFF, 0x5B, 0xFF, 0x5B, 0xFF, 0x5B, 0xFF,
  0x5B, 0xFF, 0x5B, 0xFF, 0x5B, 0xFF, 0x5B, 0xFF, 0x5B, 0xFF, 0x7B, 0xFF, 0x7B, 0xFF, 0x7B, 0xFF,
  0x7B, 0xFF, 0x5B, 0xFF, 0x5B, 0xFF, 0x7B, 0xFF, 0x7B, 0xFF, 0x7B, 0xFF, 0x7B, 0xFF, 0x7C, 0xFF,
  0x9C, 0xFF, 0x9C, 0xFF, 0x9C, 0xFF, 0x7C, 0xFF, 0xB9, 0xE6, 0xD1, 0xB4, 0x4B, 0x83, 0xEA, 0x72,
  0x89, 0x62, 0x89, 0x62, 0x48, 0x5A, 0x28, 0x52, 0x27, 0x52, 0x48, 0x5A, 0xC6, 0x41, 0xC6, 0x41,
  0xC6, 0x41, 0x85, 0x39, 0x86, 0x39, 0x85, 0x39, 0x86, 0x39, 0x85, 0x39, 0x65, 0x31, 0x65, 0x31,
  0x65, 0x39, 0x85, 0x39, 0xA6, 0x39, 0x86, 0x39, 0xEA, 0x82, 0x48, 0x62, 0x86, 0x39, 0xC6, 0x41,
  0x86, 0x39, 0x65, 0x31, 0x86, 0x39, 0xA6, 0x41, 0xA6, 0x41, 0x85, 0x39, 0x86, 0x39, 0xA6, 0x39,
  0xC6, 0x41, 0xA6, 0x41, 0xC6, 0x41, 0xE7, 0x49, 0xC9, 0x72, 0x68, 0x62, 0x0E, 0xAC, 0xD8, 0xFE,
  0xF9, 0xFE, 0xB4, 0xE5, 0x6B, 0x8B, 0x27, 0x5A, 0x07, 0x52, 0xC6, 0x41, 0x85, 0x39, 0xA6, 0x41,
  0x65, 0x31, 0x65, 0x31, 0x65, 0x31, 0x45, 0x31, 0x65, 0x31, 0x85, 0x39, 0x86, 0x39, 0x24, 0x29,
  0x45, 0x29, 0x45, 0x29, 0x45, 0x29, 0x24, 0x29, 0x85, 0x31, 0xA6, 0x39, 0xA6, 0x39, 0xA6, 0x39,
  0xE7, 0x41, 0xC6, 0x41, 0x30, 0x94, 0x7C, 0xF7, 0x7C, 0xFF, 0x9C, 0xFF, 0x9C, 0xFF, 0x9C, 0xFF,
  0x9C, 0xFF, 0x9C, 0xFF, 0x9C, 0xFF, 0x7B, 0xFF, 0x7B, 0xFF, 0x7B, 0xFF, 0x7B, 0xFF, 0x7B, 0xFF,
  0x7B, 0xFF, 0x7B, 0xFF, 0x7B, 0xFF, 0x7B, 0xFF, 0x7B, 0xFF, 0x7B, 0xFF, 0x7B, 0xFF, 0x7B, 0xFF,
  0x5B, 0xFF, 0x5B, 0xFF, 0x5B, 0xFF, 0x5B, 0xFF, 0x5B, 0xFF, 0x5B, 0xFF, 0x7B, 0xFF, 0x7B, 0xFF,
  0x5B, 0xFF, 0x5B, 0xFF, 0x5B, 0xFF, 0x5B, 0xFF, 0x7B, 0xFF, 0x7B, 0xFF, 0x5B, 0xFF, 0x5B, 0xFF,
  0x5B, 0xFF, 0x5B, 0xFF, 0x5B, 0xFF, 0x5B, 0xFF, 0x5B, 0xFF, 0x7B, 0xFF, 0x7B, 0xFF, 0x7B, 0xFF,
  0x7B, 0xFF, 0x5B, 0xFF, 0x7B, 0xFF, 0x7B, 0xFF, 0x7B, 0xFF, 0x7B, 0xFF, 0x7B, 0xFF, 0x7C, 0xFF,
  0x7C, 0xFF, 0x9C, 0xFF, 0x9C, 0xFF, 0x5B, 0xFF, 0x98, 0xDE, 0x6F, 0xA4, 0x4B, 0x7B, 0xC9, 0x6A,
  0x89, 0x62, 0x89, 0x62, 0x48, 0x5A, 0x27, 0x52, 0x27, 0x52, 0x28, 0x52, 0xC6, 0x41, 0xA6, 0x41,
  0xA6, 0x41, 0x85, 0x39, 0x85, 0x39, 0x85, 0x39, 0xA6, 0x39, 0x85, 0x31, 0x45, 0x31, 0x65, 0x31,
  0x85, 0x39, 0x85, 0x39, 0xA6, 0x39, 0xC6, 0x41, 0x8C, 0xA3, 0x27, 0x5A, 0xA6, 0x39, 0xA6, 0x41,
  0x85, 0x39, 0x65, 0x31, 0xA6, 0x39, 0xA6, 0x41, 0xC6, 0x49, 0x85, 0x41, 0xA6, 0x39, 0xA6, 0x41,
  0xE7, 0x49, 0xE7, 0x51, 0xC6, 0x49, 0xE7, 0x49, 0x0A, 0x83, 0xC9, 0x7A, 0xED, 0xA3, 0xB8, 0xFE,
  0xF9, 0xFE, 0xB8, 0xFE, 0xD0, 0xC4, 0x89, 0x6A, 0x48, 0x5A, 0xE6, 0x49, 0xA6, 0x41, 0xE6, 0x49,
  0xA6, 0x39, 0x65, 0x31, 0x65, 0x31, 0x45, 0x31, 0x65, 0x31, 0x85, 0x31, 0xA6, 0x39, 0x24, 0x29,
  0x44, 0x29, 0x44, 0x29, 0x45, 0x29, 0x24, 0x21, 0x65, 0x31, 0xA6, 0x39, 0xA6, 0x39, 0xA6, 0x39,
  0xE7, 0x41, 0xC7, 0x41, 0x2C, 0x6B, 0x1A, 0xEF, 0x7B, 0xFF, 0x9C, 0xFF, 0x9C, 0xFF, 0x9C, 0xFF,
  0x9C, 0xFF, 0x9C, 0xFF, 0x7B, 0xFF, 0x7B, 0xFF, 0x7B, 0xFF, 0x7B, 0xFF, 0x7B, 0xFF, 0x7B, 0xFF,
  0x7B, 0xFF, 0x7B, 0xFF, 0x7B, 0xFF, 0x7B, 0xFF, 0x7B, 0xFF, 0x7B, 0xFF, 0x7B, 0xFF, 0x7B, 0xFF,
  0x5B, 0xFF, 0x5B, 0xFF, 0x5B, 0xFF, 0x5B, 0xFF, 0x7B, 0xFF, 0x5B, 0xFF, 0x7B, 0xFF, 0x7B, 0xFF,
  0x5B, 0xFF, 0x5B, 0xFF, 0x5B, 0xFF, 0x5B, 0xFF, 0x5B, 0xFF, 0x5B, 0xFF, 0x5B, 0xFF, 0x5B, 0xFF,
  0x5B, 0xFF, 0x5B, 0xFF, 0x7B, 0xFF, 0x7B, 0xFF, 0x7B, 0xFF, 0x7B, 0xFF, 0x7B, 0xFF, 0x7B, 0xFF,
  0x7B, 0xFF, 0x7B, 0xFF, 0x7B, 0xFF, 0x7B, 0xFF, 0x7B, 0xFF, 0x7B, 0xFF, 0x7B, 0xFF, 0x7B, 0xFF,
  0x9C, 0xFF, 0x9C, 0xFF, 0x9C, 0xFF, 0x5B, 0xF7, 0x57, 0xD6, 0x0E, 0x9C, 0x2B, 0x7B, 0x89, 0x62,
  0x68, 0x5A, 0x69, 0x62, 0x28, 0x52, 0x27, 0x52, 0x48, 0x5A, 0x07, 0x52, 0xC6, 0x41, 0xA6, 0x41,
  0xA6, 0x41, 0x85, 0x39, 0x85, 0x39, 0x86, 0x39, 0x86, 0x39, 0x65, 0x31, 0x65, 0x31, 0x85, 0x39,
  0x85, 0x39, 0x85, 0x39, 0xA6, 0x41, 0x27, 0x5A, 0x0D, 0xBC, 0x27, 0x52, 0xA6, 0x41, 0xA6, 0x41,
  0x85, 0x39, 0x85, 0x39, 0xA6, 0x41, 0xC6, 0x41, 0x27, 0x5A, 0xC6, 0x41, 0xA6, 0x41, 0xC6, 0x41,
  0x07, 0x52, 0x27, 0x5A, 0x07, 0x52, 0x07, 0x52, 0x4B, 0x93, 0x2B, 0x83, 0xCD, 0x9B, 0xB8, 0xFE,
  0xD9, 0xFE, 0xF9, 0xFE, 0x15, 0xEE, 0xAC, 0x9B, 0xC9, 0x72, 0x27, 0x52, 0xC6, 0x41, 0x07, 0x52,
  0xE6, 0x49, 0x85, 0x39, 0x65, 0x31, 0x65, 0x31, 0x65, 0x31, 0x65, 0x31, 0xA6, 0x39, 0x45, 0x31,
  0x24, 0x29, 0x45, 0x29, 0x24, 0x29, 0x24, 0x29, 0x44, 0x29, 0xA6, 0x39, 0xA6, 0x39, 0xA6, 0x39,
  0xC7, 0x41, 0xE7, 0x41, 0x69, 0x52, 0x98, 0xDE, 0x7B, 0xFF, 0x9C, 0xFF, 0x9C, 0xFF, 0x9C, 0xFF,
  0x9C, 0xFF, 0x9C, 0xFF, 0x9C, 0xFF, 0x9C, 0xFF, 0x7B, 0xFF, 0x7B, 0xFF, 0x7C, 0xFF, 0x7C, 0xFF,
  0x7B, 0xFF, 0x7B, 0xFF, 0x7B, 0xFF, 0x7B, 0xFF, 0x7B, 0xFF, 0x7B, 0xFF, 0x7B, 0xFF, 0x7B, 0xFF,
  0x7B, 0xFF, 0x7B, 0xFF, 0x5B, 0xFF, 0x5B, 0xFF, 0x7B, 0xFF, 0x7B, 0xFF, 0x5B, 0xFF, 0x7B, 0xFF,
  0x5B, 0xFF, 0x5B, 0xFF, 0x5B, 0xFF, 0x5B, 0xFF, 0x5B, 0xFF, 0x5B, 0xFF, 0x5B, 0xFF, 0x5B, 0xFF,
  0x5B, 0xFF, 0x5B, 0xFF, 0x7B, 0xFF, 0x7B, 0xFF, 0x5B, 0xFF, 0x7B, 0xFF, 0x7B, 0xFF, 0x7B, 0xFF,
  0x7B, 0xFF, 0x7B, 0xFF, 0x7B, 0xFF, 0x7B, 0xFF, 0x7B, 0xFF, 0x7B, 0xFF, 0x7B, 0xFF, 0x7B, 0xFF,
  0x7C, 0xFF, 0x9C, 0xFF, 0x9C, 0xFF, 0x3B, 0xF7, 0x16, 0xCE, 0xCD, 0x93, 0x0B, 0x7B, 0x89, 0x62,
  0x68, 0x5A, 0x68, 0x62, 0x27, 0x52, 0x27, 0x52, 0x48, 0x5A, 0xE7, 0x49, 0xC6, 0x41, 0xA6, 0x39,
  0xA6, 0x39, 0x65, 0x31, 0x85, 0x39, 0x86, 0x39, 0x85, 0x39, 0x65, 0x31, 0x65, 0x31, 0x86, 0x39,
  0xA6, 0x39, 0xA6, 0x41, 0xC6, 0x41, 0xC9, 0x7A, 0x4E, 0xBC, 0xE7, 0x49, 0xC6, 0x41, 0xC6, 0x41,
  0x85, 0x39, 0x85, 0x39, 0xA6, 0x41, 0xE6, 0x49, 0x88, 0x6A, 0xE6, 0x49, 0xC6, 0x41, 0xE7, 0x49,
  0x27, 0x52, 0xA9, 0x72, 0x27, 0x5A, 0x27, 0x52, 0x8C, 0x9B, 0x8C, 0x9B, 0xCD, 0x9B, 0xB8, 0xFE,
  0xF9, 0xFE, 0xF9, 0xFE, 0xD8, 0xFE, 0xF1, 0xCC, 0x4B, 0x8B, 0x88, 0x6A, 0xE7, 0x49, 0xE6, 0x49,
  0x47, 0x62, 0x85, 0x39, 0x85, 0x39, 0x65, 0x31, 0x65, 0x31, 0x85, 0x39, 0x86, 0x39, 0x65, 0x31,
  0x24, 0x21, 0x45, 0x31, 0x24, 0x29, 0x24, 0x21, 0x24, 0x29, 0x86, 0x39, 0xA6, 0x39, 0xA6, 0x39,
  0xC6, 0x41, 0xE7, 0x41, 0x08, 0x4A, 0xD6, 0xC5, 0x7B, 0xF7, 0x9C, 0xFF, 0x9C, 0xFF, 0x9C, 0xFF,
  0x9C, 0xFF, 0x9C, 0xFF, 0x9C, 0xFF, 0x9C, 0xFF, 0x9C, 0xFF, 0x9C, 0xFF, 0x9C, 0xFF, 0x9C, 0xFF,
  0x7B, 0xFF, 0x7B, 0xFF, 0x7B, 0xFF, 0x7B, 0xFF, 0x7B, 0xFF, 0x7B, 0xFF, 0x7B, 0xFF, 0x7B, 0xFF,
  0x7B, 0xFF, 0x7B, 0xFF, 0x5B, 0xFF, 0x5B, 0xFF, 0x7B, 0xFF, 0x7B, 0xFF, 0x7B, 0xFF, 0x7B, 0xFF,
  0x5B, 0xFF, 0x5B, 0xFF, 0x5B, 0xFF, 0x5B, 0xFF, 0x5B, 0xFF, 0x5B, 0xFF, 0x5B, 0xFF, 0x5B, 0xFF,
  0x5B, 0xFF, 0x5B, 0xFF, 0x5B, 0xFF, 0x5B, 0xFF, 0x7B, 0xFF, 0x7B, 0xFF, 0x7B, 0xFF, 0x7B, 0xFF,
  0x7B, 0xFF, 0x7B, 0xFF, 0x7B, 0xFF, 0x7B, 0xFF, 0x7B, 0xFF, 0x7B, 0xFF, 0x7B, 0xFF, 0x7C, 0xFF,
  0x7C, 0xFF, 0x9C, 0xFF, 0x9C, 0xFF, 0x1A, 0xEF, 0xB5, 0xC5, 0x8C, 0x8B, 0x0A, 0x73, 0x89, 0x62,
  0x68, 0x5A, 0x48, 0x5A, 0x27, 0x52, 0x27, 0x52, 0x68, 0x5A, 0xC6, 0x41, 0xC6, 0x41, 0xA6, 0x39,
  0x85, 0x39, 0x85, 0x39, 0x85, 0x39, 0x86, 0x39, 0x85, 0x39, 0x45, 0x31, 0x85, 0x39, 0x86, 0x39,
  0xA6, 0x41, 0xC6, 0x41, 0xC6, 0x49, 0xAC, 0xA3, 0x6F, 0xBC, 0xE7, 0x49, 0xC6, 0x41, 0xE6, 0x49,
  0xA5, 0x41, 0xA6, 0x41, 0xC6, 0x49, 0x07, 0x52, 0xEA, 0x7A, 0x07, 0x52, 0xE7, 0x49, 0x27, 0x52,
  0x48, 0x5A, 0x0A, 0x83, 0x68, 0x62, 0x27, 0x5A, 0xED, 0xA3, 0x2E, 0xAC, 0xED, 0x9B, 0xD8, 0xFE,
  0xF9, 0xFE, 0xF9, 0xFE, 0xF9, 0xFE, 0x56, 0xF6, 0x0E, 0xA4, 0x6B, 0x93, 0x48, 0x5A, 0xC6, 0x49,
  0x88, 0x6A, 0x07, 0x52, 0xA6, 0x39, 0x85, 0x39, 0x65, 0x31, 0x85, 0x39, 0x86, 0x39, 0x85, 0x39,
  0x24, 0x29, 0x45, 0x29, 0x45, 0x29, 0x04, 0x21, 0x04, 0x21, 0x85, 0x31, 0xA6, 0x39, 0xA6, 0x39,
  0xA6, 0x39, 0xE7, 0x41, 0xC7, 0x41, 0xD2, 0xA4, 0x7C, 0xFF, 0x7C, 0xFF, 0x9C, 0xFF, 0x9C, 0xFF,
  0x9C, 0xFF, 0x9C, 0xFF, 0x9C, 0xFF, 0x9C, 0xFF, 0x7C, 0xFF, 0x9C, 0xFF, 0x9C, 0xFF, 0x9C, 0xFF,
  0x7B, 0xFF, 0x7B, 0xFF, 0x7B, 0xFF, 0x7B, 0xFF, 0x7B, 0xFF, 0x7B, 0xFF, 0x7B, 0xFF, 0x7B, 0xFF,
  0x7B, 0xFF, 0x7B, 0xFF, 0x5B, 0xFF, 0x5B, 0xFF, 0x5B, 0xFF, 0x7B, 0xFF, 0x7B, 0xFF, 0x5B, 0xFF,
  0x5B, 0xFF, 0x5B, 0xFF, 0x5B, 0xFF, 0x5B, 0xFF, 0x5B, 0xFF, 0x5B, 0xFF, 0x5B, 0xFF, 0x5B, 0xFF,
  0x5B, 0xFF, 0x5B, 0xFF, 0x5B, 0xFF, 0x5B, 0xFF, 0x7B, 0xFF, 0x7B, 0xFF, 0x7B, 0xFF, 0x7B, 0xFF,
  0x7B, 0xFF, 0x7B, 0xFF, 0x7B, 0xFF, 0x7B, 0xFF, 0x7B, 0xFF, 0x7B, 0xFF, 0x7B, 0xFF, 0x7B, 0xFF,
  0x7B, 0xFF, 0x9C, 0xFF, 0x7B, 0xFF, 0xFA, 0xEE, 0x53, 0xBD, 0x6C, 0x8B, 0x0A, 0x73, 0x68, 0x5A,
  0x68, 0x5A, 0x48, 0x5A, 0x07, 0x52, 0x07, 0x52, 0x48, 0x5A, 0xA6, 0x41, 0xA6, 0x41, 0xA6, 0x39,
  0x85, 0x39, 0x85, 0x39, 0x85, 0x39, 0x86, 0x39, 0x85, 0x39, 0x45, 0x31, 0x85, 0x39, 0x86, 0x39,
  0xA6, 0x41, 0xE6, 0x49, 0x27, 0x5A, 0x6E, 0xC4, 0x6F, 0xB4, 0xE7, 0x49, 0xE7, 0x49, 0xE7, 0x49,
  0xC6, 0x49, 0xC6, 0x49, 0x27, 0x52, 0x48, 0x5A, 0x2B, 0x8B, 0x07, 0x52, 0x07, 0x52, 0x48, 0x5A,
  0x48, 0x62, 0x6B, 0x93, 0xA9, 0x6A, 0x48, 0x5A, 0x2E, 0xB4, 0xB0, 0xBC, 0x0E, 0xA4, 0xD8, 0xFE,
  0xF9, 0xFE, 0xF9, 0xFE, 0xF9, 0xFE, 0xF8, 0xFE, 0x32, 0xC5, 0x0D, 0xAC, 0x0A, 0x83, 0x07, 0x52,
  0x68, 0x62, 0xC9, 0x7A, 0x85, 0x39, 0xA6, 0x41, 0x85, 0x39, 0x85, 0x39, 0x85, 0x39, 0xA6, 0x39,
  0x44, 0x29, 0x24, 0x29, 0x24, 0x29, 0x04, 0x21, 0xE3, 0x20, 0x65, 0x31, 0x86, 0x39, 0xA6, 0x39,
  0xA6, 0x39, 0xC7, 0x41, 0xC6, 0x41, 0xCE, 0x83, 0x7B, 0xF7, 0x5B, 0xF7, 0x9C, 0xFF, 0x9C, 0xFF,
  0x9C, 0xFF, 0x9C, 0xFF, 0x9C, 0xFF, 0x7C, 0xFF, 0x7C, 0xFF, 0x7B, 0xFF, 0x9C, 0xFF, 0x7B, 0xFF,
  0x7B, 0xFF, 0x7B, 0xFF, 0x7B, 0xFF, 0x7B, 0xFF, 0x7B, 0xFF, 0x7B, 0xFF, 0x7B, 0xFF, 0x7B, 0xFF,
  0x7B, 0xFF, 0x7B, 0xFF, 0x5B, 0xFF, 0x5B, 0xFF, 0x5B, 0xFF, 0x7B, 0xFF, 0x7B, 0xFF, 0x5B, 0xFF,
  0x5B, 0xFF, 0x5B, 0xFF, 0x5B, 0xFF, 0x5B, 0xFF, 0x5B, 0xFF, 0x5B, 0xFF, 0x5B, 0xFF, 0x5B, 0xFF,
  0x5B, 0xFF, 0x5B, 0xFF, 0x5B, 0xFF, 0x5B, 0xFF, 0x7B, 0xFF, 0x7B, 0xFF, 0x7B, 0xFF, 0x7B, 0xFF,
  0x5B, 0xFF, 0x5B, 0xFF, 0x7B, 0xFF, 0x7B, 0xFF, 0x7B, 0xFF, 0x7B, 0xFF, 0x7B, 0xFF, 0x7B, 0xFF,
  0x7C, 0xFF, 0x9C, 0xFF, 0x5B, 0xF7, 0xFA, 0xEE, 0x12, 0xB5, 0x4C, 0x83, 0xEA, 0x72, 0x68, 0x5A,
  0x68, 0x5A, 0x28, 0x52, 0x07, 0x4A, 0x07, 0x4A, 0x07, 0x52, 0xA6, 0x39, 0xA6, 0x39, 0x86, 0x39,
  0x85, 0x39, 0x65, 0x31, 0x85, 0x39, 0x86, 0x39, 0x65, 0x31, 0x45, 0x31, 0x85, 0x39, 0xA6, 0x39,
  0xC6, 0x49, 0xC6, 0x41, 0xA9, 0x72, 0xF1, 0xDC, 0x70, 0xB4, 0xE6, 0x49, 0x07, 0x52, 0x07, 0x52,
  0x07, 0x52, 0xE7, 0x49, 0x48, 0x5A, 0x88, 0x6A, 0x8C, 0x9B, 0x27, 0x5A, 0x48, 0x5A, 0x68, 0x62,
  0x89, 0x6A, 0x0D, 0xAC, 0xA9, 0x6A, 0x68, 0x62, 0xB0, 0xC4, 0xF1, 0xBC, 0x4F, 0xAC, 0xF9, 0xFE,
  0xF9, 0xFE, 0xF9, 0xFE, 0xD9, 0xFE, 0xD8, 0xFE, 0x97, 0xF6, 0x4F, 0xA4, 0xB0, 0xC4, 0xA9, 0x72,
  0x07, 0x52, 0x2A, 0x8B, 0x68, 0x62, 0xC6, 0x41, 0x86, 0x39, 0x85, 0x39, 0xA6, 0x39, 0xC6, 0x41,
  0x45, 0x31, 0x45, 0x29, 0x24, 0x29, 0x04, 0x21, 0xE3, 0x18, 0x45, 0x31, 0x86, 0x39, 0xA6, 0x39,
  0xA6, 0x39, 0xC7, 0x41, 0xC6, 0x41, 0x0B, 0x6B, 0x1A, 0xEF, 0x5B, 0xF7, 0x9C, 0xFF, 0x9C, 0xFF,
  0x9C, 0xFF, 0x9C, 0xFF, 0x9C, 0xFF, 0x9C, 0xFF, 0x7C, 0xFF, 0x7B, 0xFF, 0x7C, 0xFF, 0x7B, 0xFF,
  0x7B, 0xFF, 0x7B, 0xFF, 0x7B, 0xFF, 0x7B, 0xFF, 0x7B, 0xFF, 0x7B, 0xFF, 0x7B, 0xFF, 0x7B, 0xFF,
  0x7B, 0xFF, 0x7B, 0xFF, 0x5B, 0xFF, 0x5B, 0xFF, 0x5B, 0xFF, 0x7B, 0xFF, 0x5B, 0xFF, 0x7B, 0xFF,
  0x5B, 0xFF, 0x5B, 0xFF, 0x5B, 0xFF, 0x5B, 0xFF, 0x5B, 0xFF, 0x5B, 0xFF, 0x5B, 0xFF, 0x5A, 0xFF,
  0x5B, 0xFF, 0x5B, 0xFF, 0x5B, 0xFF, 0x5B, 0xFF, 0x7B, 0xFF, 0x7B, 0xFF, 0x7B, 0xFF, 0x7B, 0xFF,
  0x5B, 0xFF, 0x5B, 0xFF, 0x7B, 0xFF, 0x7B, 0xFF, 0x7B, 0xFF, 0x7B, 0xFF, 0x7B, 0xFF, 0x7C, 0xFF,
  0x7C, 0xFF, 0x9C, 0xFF, 0x3B, 0xF7, 0xFA, 0xE6, 0xB1, 0xAC, 0x4B, 0x83, 0xCA, 0x6A, 0x68, 0x5A,
  0x89, 0x62, 0x28, 0x52, 0xE7, 0x49, 0x07, 0x4A, 0x07, 0x4A, 0x86, 0x39, 0xA6, 0x39, 0x86, 0x39,
  0x65, 0x31, 0x65, 0x31, 0x85, 0x39, 0x85, 0x39, 0x65, 0x31, 0x45, 0x31, 0x85, 0x39, 0xA6, 0x41,
  0x07, 0x52, 0xE6, 0x49, 0x2A, 0x8B, 0xB4, 0xED, 0x4F, 0xA4, 0xC6, 0x49, 0x48, 0x5A, 0x47, 0x5A,
  0x27, 0x5A, 0x28, 0x5A, 0x68, 0x62, 0xEA, 0x82, 0xCD, 0xAB, 0x07, 0x52, 0x68, 0x62, 0x88, 0x6A,
  0xC9, 0x72, 0x6F, 0xBC, 0xC9, 0x72, 0xA9, 0x72, 0x11, 0xCD, 0x12, 0xC5, 0x90, 0xB4, 0xF8, 0xFE,
  0xF9, 0xFE, 0x19, 0xFF, 0x3A, 0xFF, 0x3A, 0xFF, 0xD8, 0xFE, 0x90, 0xB4, 0x6F, 0xAC, 0x2B, 0x8B,
  0xE6, 0x49, 0xA9, 0x72, 0xEA, 0x7A, 0xC6, 0x49, 0xC6, 0x41, 0x65, 0x39, 0xA6, 0x41, 0xC6, 0x41,
  0x86, 0x39, 0x44, 0x29, 0x65, 0x31, 0x24, 0x29, 0xC3, 0x18, 0x24, 0x29, 0x86, 0x39, 0xA6, 0x39,
  0xA6, 0x39, 0xC6, 0x41, 0xC7, 0x41, 0x89, 0x5A, 0xB9, 0xDE, 0x5B, 0xF7, 0x9C, 0xFF, 0x9C, 0xFF,
  0x9C, 0xFF, 0x9C, 0xFF, 0x9C, 0xFF, 0x9C, 0xFF, 0x9C, 0xFF, 0x7B, 0xFF, 0x7B, 0xFF, 0x7B, 0xFF,
  0x7B, 0xFF, 0x7B, 0xFF, 0x7B, 0xFF, 0x7B, 0xFF, 0x7B, 0xFF, 0x7B, 0xFF, 0x7B, 0xFF, 0x7B, 0xFF,
  0x5B, 0xFF, 0x5B, 0xFF, 0x5B, 0xFF, 0x5B, 0xFF, 0x5B, 0xFF, 0x5B, 0xFF, 0x7B, 0xFF, 0x7B, 0xFF,
  0x5B, 0xFF, 0x5B, 0xFF, 0x5B, 0xFF, 0x5B, 0xFF, 0x5B, 0xFF, 0x5B, 0xFF, 0x5B, 0xFF, 0x5B, 0xFF,
  0x5B, 0xFF, 0x5B, 0xFF, 0x5B, 0xFF, 0x5B, 0xFF, 0x7B, 0xFF, 0x5B, 0xFF, 0x5B, 0xFF, 0x5B, 0xFF,
  0x5B, 0xFF, 0x5B, 0xFF, 0x7B, 0xFF, 0x7B, 0xFF, 0x7B, 0xFF, 0x7B, 0xFF, 0x7B, 0xFF, 0x7C, 0xFF,
  0x7B, 0xFF, 0x9C, 0xFF, 0x3A, 0xF7, 0xFA, 0xE6, 0x4F, 0xA4, 0x2B, 0x7B, 0xCA, 0x6A, 0x68, 0x5A,
  0x68, 0x5A, 0x07, 0x52, 0xE7, 0x49, 0xE7, 0x49, 0xE6, 0x49, 0xA6, 0x39, 0xA6, 0x39, 0x85, 0x39,
  0x65, 0x31, 0x65, 0x31, 0x85, 0x39, 0x85, 0x39, 0x65, 0x31, 0x65, 0x31, 0xA6, 0x39, 0xC6, 0x49,
  0x27, 0x52, 0x27, 0x5A, 0xED, 0xAB, 0x56, 0xF6, 0xEE, 0x93, 0x07, 0x52, 0x68, 0x62, 0x88, 0x6A,
  0x68, 0x62, 0x68, 0x62, 0xC9, 0x72, 0x6B, 0x93, 0xED, 0xAB, 0x07, 0x52, 0xC9, 0x72, 0xA9, 0x72,
  0x0A, 0x83, 0xB0, 0xCC, 0x2B, 0x7B, 0xA9, 0x72, 0x93, 0xDD, 0x32, 0xC5, 0x11, 0xC5, 0x3A, 0xFF,
  0xF9, 0xFE, 0x36, 0xE6, 0x12, 0xBD, 0x2E, 0xA4, 0x8C, 0x93, 0xCD, 0x9B, 0xC9, 0x72, 0xED, 0xA3,
  0x2A, 0x8B, 0x27, 0x5A, 0xC9, 0x7A, 0x07, 0x5A, 0xE7, 0x49, 0x85, 0x39, 0xA6, 0x41, 0xE7, 0x49,
  0xA6, 0x41, 0x65, 0x31, 0x45, 0x29, 0x24, 0x29, 0xE3, 0x20, 0x24, 0x29, 0x86, 0x39, 0x86, 0x39,
  0xA6, 0x39, 0xA6, 0x39, 0xC7, 0x41, 0x28, 0x4A, 0x17, 0xCE, 0x7C, 0xFF, 0x7C, 0xFF, 0x9C, 0xFF,
  0x9C, 0xFF, 0x9C, 0xFF, 0x9C, 0xFF, 0x9C, 0xFF, 0x9C, 0xFF, 0x7B, 0xFF, 0x7B, 0xFF, 0x7B, 0xFF,
  0x7B, 0xFF, 0x7B, 0xFF, 0x7B, 0xFF, 0x7B, 0xFF, 0x7B, 0xFF, 0x7B, 0xFF, 0x7B, 0xFF, 0x7B, 0xFF,
  0x7B, 0xFF, 0x5B, 0xFF, 0x5B, 0xFF, 0x5B, 0xFF, 0x5B, 0xFF, 0x5B, 0xFF, 0x7B, 0xFF, 0x7B, 0xFF,
  0x5B, 0xFF, 0x5B, 0xFF, 0x5B, 0xFF, 0x5B, 0xFF, 0x5B, 0xFF, 0x5B, 0xFF, 0x5B, 0xFF, 0x5B, 0xFF,
  0x5B, 0xFF, 0x5B, 0xFF, 0x5B, 0xFF, 0x5B, 0xFF, 0x5B, 0xFF, 0x5B, 0xFF, 0x5B, 0xFF, 0x5B, 0xFF,
  0x5B, 0xFF, 0x5B, 0xFF, 0x7B, 0xFF, 0x7B, 0xFF, 0x7B, 0xFF, 0x7B, 0xFF, 0x7B, 0xFF, 0x7B, 0xFF,
  0x7B, 0xFF, 0x9C, 0xFF, 0x3B, 0xF7, 0xD9, 0xE6, 0x0E, 0x9C, 0x0B, 0x7B, 0xA9, 0x6A, 0x68, 0x5A,
  0x48, 0x5A, 0xE7, 0x49, 0xC6, 0x41, 0xE7, 0x49, 0xA6, 0x41, 0xA6, 0x39, 0xA6, 0x39, 0x85, 0x39,
  0x45, 0x31, 0x65, 0x31, 0x85, 0x39, 0x85, 0x39, 0x65, 0x31, 0x85, 0x39, 0xA6, 0x41, 0xE7, 0x49,
  0x48, 0x62, 0xA9, 0x72, 0xB0, 0xCC, 0x97, 0xF6, 0xAD, 0x8B, 0x48, 0x62, 0x68, 0x62, 0x0A, 0x83,
  0xA9, 0x72, 0xC9, 0x72, 0xEA, 0x7A, 0xED, 0xAB, 0x0D, 0xAC, 0x48, 0x62, 0xEA, 0x7A, 0xC9, 0x72,
  0xCD, 0xA3, 0xF1, 0xCC, 0x0B, 0x7B, 0x2A, 0x8B, 0x56, 0xF6, 0x12, 0xBD, 0x11, 0xC5, 0x52, 0xCD,
  0xCD, 0x9B, 0x6B, 0x8B, 0xED, 0xA3, 0x32, 0xCD, 0x36, 0xEE, 0xD8, 0xFE, 0x32, 0xCD, 0x73, 0xD5,
  0x31, 0xDD, 0x48, 0x62, 0x4B, 0x93, 0x0A, 0x8B, 0x27, 0x5A, 0xC6, 0x41, 0xA6, 0x41, 0x07, 0x52,
  0xC6, 0x41, 0x65, 0x39, 0x65, 0x31, 0x24, 0x29, 0xED, 0xAB, 0x8C, 0x9B, 0x45, 0x31, 0x86, 0x39,
  0xA6, 0x39, 0xA6, 0x39, 0xE7, 0x41, 0xE7, 0x49, 0x74, 0xB5, 0x7C, 0xFF, 0x7B, 0xF7, 0x9C, 0xFF,
  0x9C, 0xFF, 0x9C, 0xFF, 0x9C, 0xFF, 0x9C, 0xFF, 0x9C, 0xFF, 0x7C, 0xFF, 0x7B, 0xFF, 0x7B, 0xFF,
  0x7B, 0xFF, 0x7B, 0xFF, 0x7B, 0xFF, 0x7B, 0xFF, 0x7B, 0xFF, 0x7B, 0xFF, 0x7B, 0xFF, 0x7B, 0xFF,
  0x7B, 0xFF, 0x7B, 0xFF, 0x7B, 0xFF, 0x5B, 0xFF, 0x5B, 0xFF, 0x5B, 0xFF, 0x5B, 0xFF, 0x7B, 0xFF,
  0x3B, 0xFF, 0x5A, 0xFF, 0x5B, 0xFF, 0x5B, 0xFF, 0x5B, 0xFF, 0x5B, 0xFF, 0x5B, 0xFF, 0x5B, 0xFF,
  0x5B, 0xFF, 0x5B, 0xFF, 0x5B, 0xFF, 0x5B, 0xFF, 0x5B, 0xFF, 0x5B, 0xFF, 0x5B, 0xFF, 0x5B, 0xFF,
  0x5B, 0xFF, 0x7B, 0xFF, 0x7B, 0xFF, 0x7B, 0xFF, 0x7B, 0xFF, 0x7B, 0xFF, 0x7B, 0xFF, 0x7B, 0xFF,
  0x7B, 0xFF, 0x9C, 0xFF, 0x3A, 0xF7, 0x98, 0xDE, 0xCD, 0x93, 0x0B, 0x7B, 0xA9, 0x6A, 0x68, 0x5A,
  0x48, 0x5A, 0xE7, 0x49, 0xC6, 0x41, 0x07, 0x4A, 0xA6, 0x39, 0xA6, 0x41, 0x86, 0x39, 0x85, 0x39,
  0x45, 0x31, 0x65, 0x31, 0x85, 0x39, 0x65, 0x39, 0x65, 0x31, 0x85, 0x39, 0xC6, 0x49, 0x27, 0x52,
  0x88, 0x6A, 0x0A, 0x8B, 0x73, 0xE5, 0xB8, 0xF6, 0x2B, 0x7B, 0x68, 0x62, 0xA9, 0x72, 0xAC, 0xA3,
  0xC9, 0x72, 0x0A, 0x7B, 0x4B, 0x8B, 0xB0, 0xCC, 0x0E, 0xA4, 0x68, 0x6A, 0x2B, 0x83, 0x2A, 0x83,
  0x6F, 0xBC, 0x32, 0xCD, 0x0A, 0x83, 0x2E, 0xAC, 0x97, 0xFE, 0x4F, 0xAC, 0x2A, 0x8B, 0xCC, 0xA3,
  0xF0, 0xC4, 0xF5, 0xED, 0xB7, 0xFE, 0x19, 0xFF, 0xF9, 0xFE, 0xD8, 0xFE, 0x97, 0xF6, 0xD1, 0xBC,
  0x35, 0xEE, 0x2E, 0xAC, 0xA9, 0x72, 0x2D, 0xB4, 0x88, 0x6A, 0x07, 0x52, 0xA6, 0x41, 0x07, 0x52,
  0x07, 0x4A, 0x85, 0x39, 0x65, 0x31, 0x48, 0x5A, 0x52, 0xE5, 0x8B, 0x9B, 0x85, 0x39, 0x86, 0x39,
  0xA6, 0x39, 0xA6, 0x39, 0xC6, 0x41, 0xC6, 0x41, 0xD2, 0xA4, 0x7C, 0xFF, 0x5B, 0xF7, 0x9C, 0xFF,
  0x7C, 0xFF, 0x9C, 0xFF, 0x9C, 0xFF, 0x9C, 0xFF, 0x7C, 0xFF, 0x7C, 0xFF, 0x7C, 0xFF, 0x7B, 0xFF,
  0x7B, 0xFF, 0x7B, 0xFF, 0x7B, 0xFF, 0x7B, 0xFF, 0x7B, 0xFF, 0x7B, 0xFF, 0x7B, 0xFF, 0x7B, 0xFF,
  0x7B, 0xFF, 0x7B, 0xFF, 0x7B, 0xFF, 0x7B, 0xFF, 0x5B, 0xFF, 0x5B, 0xFF, 0x5B, 0xFF, 0x7B, 0xFF,
  0x5A, 0xFF, 0x3A, 0xFF, 0x5A, 0xFF, 0x5B, 0xFF, 0x5B, 0xFF, 0x5B, 0xFF, 0x5B, 0xFF, 0x5B, 0xFF,
  0x5B, 0xFF, 0x5B, 0xFF, 0x5B, 0xFF, 0x5B, 0xFF, 0x5B, 0xFF, 0x5B, 0xFF, 0x5B, 0xFF, 0x5B, 0xFF,
  0x5B, 0xFF, 0x5B, 0xFF, 0x7B, 0xFF, 0x7B, 0xFF, 0x7B, 0xFF, 0x7C, 0xFF, 0x7B, 0xFF, 0x7B, 0xFF,
  0x7B, 0xFF, 0x7B, 0xFF, 0x1A, 0xEF, 0x37, 0xD6, 0x8C, 0x8B, 0x0A, 0x73, 0xA9, 0x62, 0x68, 0x5A,
  0x48, 0x5A, 0xC6, 0x49, 0xC6, 0x41, 0x07, 0x4A, 0x85, 0x39, 0xA6, 0x41, 0x86, 0x39, 0x85, 0x39,
  0x44, 0x29, 0x65, 0x31, 0x85, 0x39, 0x65, 0x39, 0x45, 0x31, 0xA6, 0x41, 0x07, 0x52, 0x48, 0x62,
  0xC9, 0x7A, 0xAC, 0x9B, 0x35, 0xF6, 0x36, 0xDE, 0xC9, 0x72, 0x89, 0x6A, 0x6B, 0x93, 0x2E, 0xB4,
  0xC9, 0x72, 0x2A, 0x83, 0xAC, 0x9B, 0x72, 0xDD, 0xCD, 0x93, 0x88, 0x72, 0x6B, 0x93, 0xAC, 0x9B,
  0x11, 0xD5, 0x11, 0xC5, 0x8C, 0x93, 0xD0, 0xC4, 0xB4, 0xE5, 0xAC, 0x9B, 0x52, 0xD5, 0x35, 0xF6,
  0x55, 0xF6, 0x97, 0xF6, 0xD8, 0xFE, 0xD8, 0xFE, 0xD8, 0xFE, 0xD8, 0xFE, 0xD8, 0xFE, 0xD4, 0xE5,
  0x94, 0xD5, 0x56, 0xF6, 0x6B, 0x93, 0xCC, 0xA3, 0x6B, 0x93, 0xE6, 0x51, 0xC6, 0x41, 0x27, 0x5A,
  0x07, 0x52, 0x85, 0x39, 0x85, 0x39, 0x0A, 0x83, 0xCC, 0xB3, 0xA8, 0x8A, 0xE6, 0x49, 0x85, 0x31,
  0xA6, 0x39, 0xA6, 0x39, 0xC6, 0x41, 0xA6, 0x39, 0xEF, 0x83, 0x7C, 0xF7, 0x5B, 0xF7, 0x9C, 0xFF,
  0x9C, 0xFF, 0x9C, 0xFF, 0x9C, 0xFF, 0x7B, 0xFF, 0x7B, 0xFF, 0x7B, 0xFF, 0x7B, 0xFF, 0x7C, 0xFF,
  0x7B, 0xFF, 0x7B, 0xFF, 0x7B, 0xFF, 0x7B, 0xFF, 0x7B, 0xFF, 0x7B, 0xFF, 0x7B, 0xFF, 0x7B, 0xFF,
  0x7B, 0xFF, 0x7B, 0xFF, 0x7B, 0xFF, 0x7B, 0xFF, 0x5B, 0xFF, 0x5B, 0xFF, 0x7B, 0xFF, 0x7B, 0xFF,
  0x5B, 0xFF, 0x5A, 0xFF, 0x5B, 0xFF, 0x5B, 0xFF, 0x5B, 0xFF, 0x5B, 0xFF, 0x5B, 0xFF, 0x5B, 0xFF,
  0x5B, 0xFF, 0x5B, 0xFF, 0x5B, 0xFF, 0x5B, 0xFF, 0x5B, 0xFF, 0x5B, 0xFF, 0x5B, 0xFF, 0x5B, 0xFF,
  0x7B, 0xFF, 0x7B, 0xFF, 0x7B, 0xFF, 0x7B, 0xFF, 0x7B, 0xFF, 0x7C, 0xFF, 0x7B, 0xFF, 0x7B, 0xFF,
  0x7C, 0xFF, 0x5B, 0xFF, 0x1A, 0xEF, 0xD5, 0xCD, 0xAC, 0x93, 0xEA, 0x72, 0x89, 0x62, 0x68, 0x5A,
  0x27, 0x52, 0xC6, 0x41, 0xC6, 0x41, 0xE7, 0x49, 0x85, 0x39, 0xA6, 0x41, 0x86, 0x39, 0x85, 0x39,
  0x44, 0x29, 0x65, 0x31, 0x85, 0x39, 0x85, 0x39, 0x65, 0x31, 0xC6, 0x49, 0x27, 0x52, 0xA9, 0x72,
  0x0A, 0x83, 0xAF, 0xC4, 0x39, 0xFF, 0x93, 0xCD, 0xC9, 0x72, 0xC9, 0x72, 0x0D, 0xAC, 0x0D, 0xAC,
  0x0A, 0x83, 0xAC, 0x9B, 0x0D, 0xAC, 0xF4, 0xED, 0xCD, 0x93, 0xE9, 0x7A, 0xAC, 0x9B, 0x2E, 0xB4,
  0xF4, 0xED, 0x8F, 0xB4, 0x0E, 0xAC, 0x93, 0xDD, 0xF4, 0xED, 0x90, 0xBC, 0x15, 0xF6, 0x35, 0xF6,
  0x76, 0xF6, 0xD8, 0xFE, 0xD8, 0xFE, 0xD8, 0xFE, 0xD8, 0xFE, 0xD8, 0xFE, 0xD8, 0xFE, 0xB8, 0xFE,
  0xF5, 0xE5, 0x77, 0xEE, 0x93, 0xDD, 0x6B, 0x9B, 0x4E, 0xBC, 0x47, 0x5A, 0xA6, 0x41, 0x48, 0x5A,
  0x27, 0x52, 0x85, 0x39, 0x27, 0x5A, 0x6B, 0x9B, 0x0D, 0xBC, 0xAC, 0xAB, 0xE7, 0x51, 0x65, 0x31,
  0xA6, 0x39, 0xA6, 0x39, 0xC6, 0x41, 0xC6, 0x41, 0x4C, 0x73, 0x3B, 0xEF, 0x3B, 0xF7, 0x9C, 0xFF,
  0x9C, 0xFF, 0x9C, 0xFF, 0x9C, 0xFF, 0x9C, 0xFF, 0x7B, 0xFF, 0x7B, 0xFF, 0x7B, 0xFF, 0x7B, 0xFF,
  0x7B, 0xFF, 0x7B, 0xFF, 0x7B, 0xFF, 0x7B, 0xFF, 0x7B, 0xFF, 0x7B, 0xFF, 0x7B, 0xFF, 0x7B, 0xFF,
  0x7B, 0xFF, 0x7B, 0xFF, 0x7B, 0xFF, 0x5B, 0xFF, 0x5B, 0xFF, 0x7B, 0xFF, 0x7B, 0xFF, 0x7B, 0xFF,
  0x5B, 0xFF, 0x5B, 0xFF, 0x5B, 0xFF, 0x5B, 0xFF, 0x5B, 0xFF, 0x5B, 0xFF, 0x5B, 0xFF, 0x5B, 0xFF,
  0x5B, 0xFF, 0x5B, 0xFF, 0x5B, 0xFF, 0x5B, 0xFF, 0x5B, 0xFF, 0x7B, 0xFF, 0x5B, 0xFF, 0x5B, 0xFF,
  0x5B, 0xFF, 0x7B, 0xFF, 0x7B, 0xFF, 0x7B, 0xFF, 0x7B, 0xFF, 0x7B, 0xFF, 0x7C, 0xFF, 0x7C, 0xFF,
  0x9C, 0xFF, 0x5B, 0xF7, 0x1A, 0xEF, 0x74, 0xC5, 0x8C, 0x8B, 0xCA, 0x6A, 0x89, 0x62, 0x68, 0x5A,
  0x27, 0x52, 0xC6, 0x41, 0xC6, 0x41, 0xC6, 0x41, 0x65, 0x31, 0xA6, 0x41, 0x86, 0x39, 0x85, 0x39,
  0x44, 0x29, 0x65, 0x31, 0x85, 0x39, 0x85, 0x39, 0x45, 0x31, 0x07, 0x52, 0x47, 0x5A, 0x4B, 0x93,
  0x2A, 0x8B, 0x8F, 0xC4, 0x52, 0xC5, 0x0B, 0x7B, 0x48, 0x62, 0x48, 0x62, 0xC9, 0x7A, 0xA9, 0x72,
  0xEA, 0x7A, 0xCD, 0xA3, 0xB0, 0xCC, 0x15, 0xEE, 0x6B, 0x8B, 0x4B, 0x93, 0x0E, 0xB4, 0xB0, 0xC4,
  0x56, 0xF6, 0x0E, 0xA4, 0xB0, 0xC4, 0x35, 0xF6, 0x15, 0xE6, 0x52, 0xD5, 0x35, 0xF6, 0x76, 0xF6,
  0xD8, 0xFE, 0xD8, 0xFE, 0xD8, 0xFE, 0xD8, 0xFE, 0xD8, 0xF6, 0xD8, 0xFE, 0xB8, 0xFE, 0xB7, 0xFE,
  0xB7, 0xFE, 0x76, 0xF6, 0x76, 0xF6, 0x31, 0xD5, 0x4E, 0xBC, 0x2A, 0x8B, 0xC6, 0x49, 0x48, 0x5A,
  0x27, 0x52, 0xC6, 0x49, 0x4B, 0x93, 0x2B, 0x9B, 0x4E, 0xC4, 0x6F, 0xCC, 0x07, 0x5A, 0x65, 0x31,
  0xA6, 0x39, 0x86, 0x39, 0xA6, 0x39, 0xC7, 0x41, 0xAA, 0x5A, 0xD9, 0xDE, 0x3B, 0xF7, 0x7C, 0xFF,
  0x9C, 0xFF, 0x9C, 0xFF, 0x9C, 0xFF, 0x9C, 0xFF, 0x7B, 0xFF, 0x7B, 0xFF, 0x7B, 0xFF, 0x7B, 0xFF,
  0x7C, 0xFF, 0x7B, 0xFF, 0x7B, 0xFF, 0x7B, 0xFF, 0x7B, 0xFF, 0x7B, 0xFF, 0x7B, 0xFF, 0x7B, 0xFF,
  0x7B, 0xFF, 0x7B, 0xFF, 0x5B, 0xFF, 0x5B, 0xFF, 0x5B, 0xFF, 0x7B, 0xFF, 0x7B, 0xFF, 0x7B, 0xFF,
  0x5B, 0xFF, 0x5B, 0xFF, 0x5B, 0xFF, 0x5B, 0xFF, 0x5B, 0xFF, 0x5B, 0xFF, 0x5B, 0xFF, 0x5B, 0xFF,
  0x5B, 0xFF, 0x7B, 0xFF, 0x5B, 0xFF, 0x5B, 0xFF, 0x5B, 0xFF, 0x5B, 0xFF, 0x5B, 0xFF, 0x5B, 0xFF,
  0x5B, 0xFF, 0x5B, 0xFF, 0x7B, 0xFF, 0x7B, 0xFF, 0x7B, 0xFF, 0x7B, 0xFF, 0x7B, 0xFF, 0x7B, 0xFF,
  0x9C, 0xFF, 0x5B, 0xF7, 0xFA, 0xEE, 0x33, 0xBD, 0x6C, 0x8B, 0xA9, 0x6A, 0x89, 0x62, 0x68, 0x5A,
  0x07, 0x52, 0xC6, 0x41, 0xC6, 0x41, 0xC6, 0x41, 0x65, 0x31, 0xC6, 0x41, 0xA6, 0x39, 0x85, 0x39,
  0x24, 0x29, 0x65, 0x31, 0x85, 0x39, 0x85, 0x39, 0x65, 0x39, 0x07, 0x52, 0x47, 0x5A, 0xA9, 0x72,
  0x88, 0x6A, 0x6B, 0x93, 0x2E, 0xA4, 0xC9, 0x72, 0x88, 0x6A, 0x8C, 0x9B, 0xD0, 0xCC, 0x2B, 0x83,
  0x8C, 0x9B, 0x2E, 0xB4, 0xB3, 0xE5, 0x93, 0xD5, 0x2A, 0x8B, 0x0D, 0xAC, 0x8F, 0xBC, 0xB3, 0xED,
  0xF5, 0xDD, 0x8F, 0xB4, 0x93, 0xDD, 0x97, 0xFE, 0xD4, 0xD5, 0x35, 0xEE, 0x97, 0xFE, 0xB7, 0xFE,
  0xD8, 0xFE, 0xD8, 0xFE, 0x97, 0xF6, 0x97, 0xFE, 0xB7, 0xFE, 0x35, 0xEE, 0x11, 0xCD, 0xF1, 0xC4,
  0x11, 0xCD, 0x31, 0xD5, 0xD4, 0xED, 0x15, 0xF6, 0x72, 0xDD, 0xED, 0xA3, 0x07, 0x52, 0x88, 0x6A,
  0x27, 0x5A, 0x27, 0x5A, 0xAC, 0xA3, 0x6F, 0xC4, 0x52, 0xDD, 0xB0, 0xD4, 0x48, 0x6A, 0x65, 0x31,
  0xA6, 0x39, 0xA6, 0x39, 0xA6, 0x39, 0xE7, 0x41, 0x28, 0x52, 0x37, 0xCE, 0x5B, 0xF7, 0x7C, 0xFF,
  0x9C, 0xFF, 0x7C, 0xFF, 0x9C, 0xFF, 0x7C, 0xFF, 0x7B, 0xFF, 0x7B, 0xFF, 0x7B, 0xFF, 0x7B, 0xFF,
  0x7B, 0xFF, 0x7B, 0xFF, 0x7B, 0xFF, 0x7B, 0xFF, 0x7B, 0xFF, 0x7B, 0xFF, 0x7B, 0xFF, 0x7B, 0xFF,
  0x7B, 0xFF, 0x7B, 0xFF, 0x7B, 0xFF, 0x7B, 0xFF, 0x7B, 0xFF, 0x7B, 0xFF, 0x7B, 0xFF, 0x7B, 0xFF,
  0x5B, 0xFF, 0x5A, 0xFF, 0x5A, 0xFF, 0x5A, 0xFF, 0x5A, 0xFF, 0x5A, 0xFF, 0x5A, 0xFF, 0x5B, 0xFF,
  0x5B, 0xFF, 0x5B, 0xFF, 0x5B, 0xFF, 0x5B, 0xFF, 0x5B, 0xFF, 0x5B, 0xFF, 0x7B, 0xFF, 0x5B, 0xFF,
  0x5B, 0xFF, 0x5B, 0xFF, 0x7B, 0xFF, 0x7B, 0xFF, 0x7B, 0xFF, 0x7B, 0xFF, 0x7B, 0xFF, 0x7B, 0xFF,
  0x9C, 0xFF, 0x3A, 0xF7, 0xD9, 0xE6, 0xD1, 0xAC, 0x6C, 0x83, 0x89, 0x62, 0x68, 0x62, 0x48, 0x5A,
  0x07, 0x4A, 0xC6, 0x41, 0xC6, 0x41, 0xA6, 0x39, 0x65, 0x31, 0xC6, 0x41, 0xA6, 0x41, 0x85, 0x39,
  0x24, 0x29, 0x65, 0x31, 0xA6, 0x41, 0x65, 0x39, 0x85, 0x39, 0x07, 0x52, 0xA9, 0x72, 0x2A, 0x8B,
  0xED, 0xAB, 0x56, 0xFE, 0xB8, 0xF6, 0xAC, 0x93, 0x8B, 0x93, 0xD0, 0xD4, 0x11, 0xD5, 0x8C, 0x93,
  0xF0, 0xCC, 0x8F, 0xC4, 0x35, 0xF6, 0xB0, 0xB4, 0x4B, 0x93, 0x11, 0xCD, 0x31, 0xD5, 0x56, 0xFE,
  0x32, 0xC5, 0x93, 0xDD, 0x35, 0xEE, 0x77, 0xEE, 0x35, 0xE6, 0xB7, 0xFE, 0xB8, 0xFE, 0xD8, 0xFE,
  0x97, 0xF6, 0x15, 0xEE, 0x35, 0xF6, 0x11, 0xCD, 0x6C, 0x8B, 0xC6, 0x49, 0xA5, 0x41, 0x44, 0x39,
  0x03, 0x29, 0x65, 0x41, 0x88, 0x72, 0xED, 0xAB, 0xD4, 0xF5, 0xF1, 0xCC, 0xA9, 0x72, 0x88, 0x6A,
  0x27, 0x52, 0xA9, 0x72, 0xAC, 0xAB, 0x8C, 0xAB, 0xF0, 0xD4, 0x31, 0xDD, 0xA9, 0x7A, 0x85, 0x39,
  0xA6, 0x41, 0xA6, 0x39, 0xA6, 0x39, 0xE7, 0x41, 0xE7, 0x49, 0x33, 0xAD, 0x7C, 0xF7, 0x5B, 0xF7,
  0x9C, 0xFF, 0x7C, 0xFF, 0x9C, 0xFF, 0x9C, 0xFF, 0x7C, 0xFF, 0x7B, 0xFF, 0x7B, 0xFF, 0x7B, 0xFF,
  0x7B, 0xFF, 0x7B, 0xFF, 0x7B, 0xFF, 0x7B, 0xFF, 0x7B, 0xFF, 0x7B, 0xFF, 0x7B, 0xFF, 0x7B, 0xFF,
  0x7B, 0xFF, 0x7B, 0xFF, 0x5B, 0xFF, 0x5B, 0xFF, 0x5B, 0xFF, 0x5B, 0xFF, 0x5B, 0xFF, 0x5B, 0xFF,
  0x5B, 0xFF, 0x5B, 0xFF, 0x5B, 0xFF, 0x5B, 0xFF, 0x5B, 0xFF, 0x5A, 0xFF, 0x5A, 0xFF, 0x5B, 0xFF,
  0x5B, 0xFF, 0x5B, 0xFF, 0x5B, 0xFF, 0x5B, 0xFF, 0x5B, 0xFF, 0x5B, 0xFF, 0x5B, 0xFF, 0x5B, 0xFF,
  0x5B, 0xFF, 0x5B, 0xFF, 0x7B, 0xFF, 0x7B, 0xFF, 0x7B, 0xFF, 0x7B, 0xFF, 0x7B, 0xFF, 0x7B, 0xFF,
  0x9C, 0xFF, 0x3A, 0xF7, 0xB9, 0xE6, 0x90, 0xA4, 0x4B, 0x83, 0x89, 0x62, 0x68, 0x62, 0x48, 0x5A,
  0x07, 0x4A, 0xC6, 0x41, 0xC6, 0x41, 0xA6, 0x39, 0x65, 0x31, 0xC6, 0x41, 0xA6, 0x39, 0x85, 0x39,
  0x04, 0x29, 0x65, 0x31, 0xC6, 0x41, 0x85, 0x39, 0xC6, 0x49, 0x48, 0x5A, 0xAC, 0xA3, 0x2E, 0xB4,
  0x52, 0xDD, 0xF8, 0xFE, 0x73, 0xCD, 0x2A, 0x83, 0xF1, 0xCC, 0xF4, 0xED, 0x90, 0xB4, 0x6F, 0xC4,
  0x31, 0xD5, 0xD4, 0xED, 0x76, 0xF6, 0x0D, 0xA4, 0x8F, 0xC4, 0x73, 0xDD, 0x15, 0xEE, 0x56, 0xEE,
  0x15, 0xE6, 0x56, 0xF6, 0xB8, 0xFE, 0xB7, 0xF6, 0xB7, 0xFE, 0xD8, 0xFE, 0xD8, 0xFE, 0x56, 0xF6,
  0xF4, 0xED, 0x93, 0xDD, 0x0A, 0x7B, 0x44, 0x39, 0xE7, 0x49, 0xA5, 0x41, 0xA5, 0x49, 0x64, 0x39,
  0xE6, 0x49, 0xCA, 0x6A, 0x44, 0x39, 0x44, 0x41, 0xE9, 0x82, 0x8F, 0xC4, 0x8C, 0x9B, 0x88, 0x72,
  0x07, 0x52, 0x88, 0x6A, 0x8C, 0xAB, 0x6B, 0xAB, 0x2E, 0xC4, 0x52, 0xE5, 0x0A, 0x8B, 0x85, 0x39,
  0xA6, 0x39, 0xA6, 0x39, 0xA6, 0x39, 0xE7, 0x41, 0xE7, 0x41, 0x0F, 0x8C, 0x5B, 0xF7, 0x3A, 0xF7,
  0x9C, 0xFF, 0x7C, 0xFF, 0x9C, 0xFF, 0x9C, 0xFF, 0x9C, 0xFF, 0x7B, 0xFF, 0x7B, 0xFF, 0x7B, 0xFF,
  0x7B, 0xFF, 0x7B, 0xFF, 0x7B, 0xFF, 0x7B, 0xFF, 0x7B, 0xFF, 0x7B, 0xFF, 0x7B, 0xFF, 0x7B, 0xFF,
  0x7B, 0xFF, 0x7B, 0xFF, 0x5B, 0xFF, 0x5B, 0xFF, 0x5B, 0xFF, 0x5B, 0xFF, 0x5B, 0xFF, 0x5B, 0xFF,
  0x5A, 0xFF, 0x5B, 0xFF, 0x5B, 0xFF, 0x5B, 0xFF, 0x5B, 0xFF, 0x5B, 0xFF, 0x5B, 0xFF, 0x5B, 0xFF,
  0x5B, 0xFF, 0x5B, 0xFF, 0x5A, 0xFF, 0x5B, 0xFF, 0x5B, 0xFF, 0x5B, 0xFF, 0x5B, 0xFF, 0x5B, 0xFF,
  0x5B, 0xFF, 0x5B, 0xFF, 0x5B, 0xFF, 0x7B, 0xFF, 0x7B, 0xFF, 0x7B, 0xFF, 0x7B, 0xFF, 0x7B, 0xFF,
  0x7C, 0xFF, 0x3A, 0xF7, 0x98, 0xDE, 0x4F, 0xA4, 0x4B, 0x83, 0x89, 0x62, 0x68, 0x5A, 0x28, 0x52,
  0x07, 0x4A, 0xC6, 0x41, 0xC6, 0x41, 0x85, 0x39, 0x65, 0x31, 0xC6, 0x41, 0xA6, 0x41, 0x85, 0x39,
  0x03, 0x21, 0x65, 0x31, 0xC6, 0x41, 0xA6, 0x41, 0xE6, 0x51, 0xA9, 0x72, 0x2E, 0xB4, 0x6F, 0xBC,
  0xF5, 0xED, 0xB8, 0xF6, 0xD0, 0xB4, 0xF1, 0xC4, 0xF4, 0xF5, 0x15, 0xE6, 0x52, 0xD5, 0xD4, 0xE5,
  0xD4, 0xE5, 0x76, 0xFE, 0xD4, 0xD5, 0x11, 0xCD, 0xF4, 0xED, 0x15, 0xEE, 0xB8, 0xF6, 0xB8, 0xF6,
  0xB8, 0xFE, 0xD8, 0xFE, 0xF8, 0xFE, 0xD8, 0xFE, 0xD8, 0xFE, 0xD8, 0xFE, 0xB8, 0xFE, 0x35, 0xF6,
  0x32, 0xD5, 0xC6, 0x49, 0x24, 0x39, 0xE6, 0x59, 0x0B, 0x73, 0x88, 0x6A, 0x0A, 0x8B, 0x2A, 0x93,
  0x4B, 0x8B, 0xB4, 0xDD, 0xD1, 0xBC, 0xC9, 0x82, 0xAC, 0xA3, 0x11, 0xD5, 0x6F, 0xC4, 0xE9, 0x7A,
  0xE6, 0x49, 0xC9, 0x72, 0xED, 0xB3, 0xED, 0xBB, 0xED, 0xBB, 0x11, 0xDD, 0x6B, 0x9B, 0x86, 0x39,
  0xA6, 0x39, 0xA6, 0x39, 0xA6, 0x39, 0xE7, 0x41, 0xE7, 0x49, 0x6C, 0x73, 0x3B, 0xF7, 0x1A, 0xEF,
  0x9C, 0xFF, 0x7C, 0xFF, 0x9C, 0xFF, 0x7C, 0xFF, 0x7C, 0xFF, 0x9C, 0xFF, 0x7B, 0xFF, 0x7B, 0xFF,
  0x7B, 0xFF, 0x7B, 0xFF, 0x7B, 0xFF, 0x7B, 0xFF, 0x7B, 0xFF, 0x7B, 0xFF, 0x7B, 0xFF, 0x7B, 0xFF,
  0x7B, 0xFF, 0x7B, 0xFF, 0x5B, 0xFF, 0x5B, 0xFF, 0x5B, 0xFF, 0x5B, 0xFF, 0x5B, 0xFF, 0x5B, 0xFF,
  0x3A, 0xFF, 0x5A, 0xFF, 0x5A, 0xFF, 0x5A, 0xFF, 0x5A, 0xFF, 0x5A, 0xFF, 0x5B, 0xFF, 0x5B, 0xFF,
  0x5B, 0xFF, 0x5A, 0xFF, 0x5A, 0xFF, 0x5A, 0xFF, 0x5A, 0xFF, 0x5B, 0xFF, 0x5B, 0xFF, 0x5B, 0xFF,
  0x5B, 0xFF, 0x5B, 0xFF, 0x5B, 0xFF, 0x7B, 0xFF, 0x7B, 0xFF, 0x7B, 0xFF, 0x7B, 0xFF, 0x7C, 0xFF,
  0x7B, 0xFF, 0x3B, 0xF7, 0x58, 0xD6, 0x0E, 0x9C, 0x2B, 0x7B, 0x89, 0x62, 0x68, 0x5A, 0x27, 0x52,
  0xE7, 0x49, 0xE6, 0x49, 0xC6, 0x41, 0x85, 0x39, 0x65, 0x31, 0xC6, 0x41, 0xA6, 0x41, 0x85, 0x39,
  0x03, 0x21, 0x65, 0x39, 0xC6, 0x41, 0xE6, 0x51, 0x07, 0x52, 0x4B, 0x8B, 0x8F, 0xC4, 0x31, 0xD5,
  0x76, 0xF6, 0x56, 0xE6, 0xF5, 0xDD, 0x35, 0xF6, 0x97, 0xF6, 0x97, 0xF6, 0x97, 0xF6, 0x97, 0xF6,
  0xB7, 0xFE, 0xB8, 0xF6, 0x56, 0xF6, 0x76, 0xF6, 0x97, 0xF6, 0xB8, 0xFE, 0xD8, 0xFE, 0xD8, 0xFE,
  0xD8, 0xFE, 0xF8, 0xFE, 0xD8, 0xFE, 0xD8, 0xFE, 0xD8, 0xFE, 0xD8, 0xFE, 0xD8, 0xFE, 0x56, 0xF6,
  0xA9, 0x7A, 0x48, 0x5A, 0x2A, 0x8B, 0x4F, 0xB4, 0xF1, 0xC4, 0xD4, 0xE5, 0x15, 0xEE, 0x15, 0xF6,
  0x35, 0xF6, 0x15, 0xF6, 0x35, 0xF6, 0x15, 0xF6, 0x97, 0xFE, 0x56, 0xEE, 0x93, 0xE5, 0x4B, 0x93,
  0xC6, 0x49, 0xEA, 0x7A, 0x8F, 0xCC, 0x0D, 0xC4, 0x2E, 0xC4, 0x11, 0xDD, 0xAC, 0xA3, 0x85, 0x39,
  0xA6, 0x39, 0xA6, 0x39, 0xA6, 0x39, 0xE7, 0x41, 0xE7, 0x49, 0x0B, 0x6B, 0xD9, 0xE6, 0x1A, 0xEF,
  0x7C, 0xFF, 0x7C, 0xFF, 0x9C, 0xFF, 0x7C, 0xFF, 0x9C, 0xFF, 0x9C, 0xFF, 0x7C, 0xFF, 0x7B, 0xFF,
  0x7B, 0xFF, 0x7B, 0xFF, 0x7B, 0xFF, 0x7B, 0xFF, 0x7B, 0xFF, 0x7B, 0xFF, 0x7B, 0xFF, 0x7B, 0xFF,
  0x7B, 0xFF, 0x5B, 0xFF, 0x5B, 0xFF, 0x5B, 0xFF, 0x5B, 0xFF, 0x5B, 0xFF, 0x5B, 0xFF, 0x7B, 0xFF,
  0x3A, 0xFF, 0x3A, 0xFF, 0x5A, 0xFF, 0x5A, 0xFF, 0x5A, 0xFF, 0x5A, 0xFF, 0x5B, 0xFF, 0x5B, 0xFF,
  0x5B, 0xFF, 0x5B, 0xFF, 0x5B, 0xFF, 0x5B, 0xFF, 0x5B, 0xFF, 0x5B, 0xFF, 0x5B, 0xFF, 0x7B, 0xFF,
  0x5B, 0xFF, 0x5B, 0xFF, 0x7B, 0xFF, 0x7B, 0xFF, 0x7B, 0xFF, 0x7B, 0xFF, 0x7B, 0xFF, 0x7C, 0xFF,
  0x7B, 0xFF, 0x5B, 0xF7, 0x16, 0xCE, 0xED, 0x9B, 0x0B, 0x7B, 0x89, 0x62, 0x68, 0x5A, 0x07, 0x52,
  0xE6, 0x49, 0xE7, 0x49, 0xA6, 0x39, 0x65, 0x39, 0x65, 0x31, 0xC6, 0x49, 0xA6, 0x41, 0x85, 0x39,
  0x03, 0x21, 0x65, 0x39, 0xC6, 0x49, 0x07, 0x5A, 0x07, 0x5A, 0xED, 0xAB, 0xF0, 0xCC, 0xF4, 0xED,
  0xB8, 0xF6, 0xB8, 0xF6, 0x97, 0xFE, 0x97, 0xFE, 0xD8, 0xFE, 0xB7, 0xFE, 0x76, 0xFE, 0x35, 0xF6,
  0x56, 0xF6, 0xB8, 0xF6, 0xD8, 0xFE, 0xB8, 0xFE, 0xD8, 0xFE, 0xD8, 0xFE, 0xD8, 0xFE, 0xF9, 0xFE,
  0xF9, 0xFE, 0xF9, 0xFE, 0xF9, 0xFE, 0xF8, 0xFE, 0xF8, 0xFE, 0xD8, 0xFE, 0x19, 0xFF, 0x52, 0xD5,
  0xD1, 0xBC, 0x36, 0xE6, 0x56, 0xEE, 0xF8, 0xFE, 0x19, 0xFF, 0xD8, 0xFE, 0xB7, 0xFE, 0x97, 0xFE,
  0x97, 0xFE, 0x97, 0xFE, 0x77, 0xFE, 0x77, 0xFE, 0x76, 0xF6, 0x56, 0xF6, 0x56, 0xF6, 0x8C, 0x9B,
  0xA6, 0x41, 0xEA, 0x7A, 0x2D, 0xBC, 0xCC, 0xBB, 0x8F, 0xCC, 0x10, 0xDD, 0xA9, 0x72, 0x45, 0x31,
  0xA6, 0x39, 0xA6, 0x39, 0xA6, 0x39, 0xE7, 0x41, 0x07, 0x4A, 0xCA, 0x62, 0x78, 0xD6, 0x3B, 0xF7,
  0x7B, 0xFF, 0x9C, 0xFF, 0x7C, 0xFF, 0x9C, 0xFF, 0x9C, 0xFF, 0x7B, 0xFF, 0x7B, 0xFF, 0x7B, 0xFF,
  0x7B, 0xFF, 0x7B, 0xFF, 0x7B, 0xFF, 0x7B, 0xFF, 0x7B, 0xFF, 0x7B, 0xFF, 0x7B, 0xFF, 0x5B, 0xFF,
  0x5B, 0xFF, 0x5B, 0xFF, 0x5B, 0xFF, 0x5B, 0xFF, 0x5B, 0xFF, 0x5B, 0xFF, 0x5B, 0xFF, 0x5B, 0xFF,
  0x3A, 0xFF, 0x5A, 0xFF, 0x5A, 0xFF, 0x5A, 0xFF, 0x5A, 0xFF, 0x5A, 0xFF, 0x5A, 0xFF, 0x5A, 0xFF,
  0x5B, 0xFF, 0x5B, 0xFF, 0x5B, 0xFF, 0x5B, 0xFF, 0x5B, 0xFF, 0x5B, 0xFF, 0x7B, 0xFF, 0x5B, 0xFF,
  0x5B, 0xFF, 0x5B, 0xFF, 0x7B, 0xFF, 0x7B, 0xFF, 0x7B, 0xFF, 0x7B, 0xFF, 0x7B, 0xFF, 0x7C, 0xFF,
  0x5B, 0xF7, 0x7B, 0xFF, 0x95, 0xC5, 0xAD, 0x93, 0x0A, 0x73, 0x89, 0x62, 0x68, 0x5A, 0x07, 0x4A,
  0xE7, 0x49, 0xE7, 0x49, 0xA6, 0x39, 0x65, 0x31, 0x65, 0x39, 0xC6, 0x49, 0xA6, 0x41, 0x85, 0x39,
  0x03, 0x21, 0x65, 0x31, 0xE6, 0x49, 0x07, 0x5A, 0xA9, 0x72, 0x8F, 0xCC, 0xD4, 0xE5, 0x97, 0xF6,
  0xB8, 0xF6, 0x96, 0xFE, 0x52, 0xDD, 0x32, 0xCD, 0x6F, 0xB4, 0x90, 0xB4, 0x6F, 0xB4, 0x11, 0xCD,
  0x15, 0xF6, 0x56, 0xFE, 0x97, 0xF6, 0xD8, 0xFE, 0xD8, 0xFE, 0xD8, 0xFE, 0xD8, 0xFE, 0xF9, 0xFE,
  0xF9, 0xFE, 0xF9, 0xFE, 0xF9, 0xFE, 0xF9, 0xFE, 0xF9, 0xFE, 0xF9, 0xFE, 0xF9, 0xFE, 0x77, 0xF6,
  0xD8, 0xFE, 0xD8, 0xFE, 0xD8, 0xFE, 0xB8, 0xFE, 0xB7, 0xFE, 0x97, 0xFE, 0x77, 0xFE, 0x76, 0xFE,
  0x76, 0xFE, 0x76, 0xFE, 0x56, 0xFE, 0x76, 0xFE, 0x76, 0xFE, 0x76, 0xF6, 0x77, 0xFE, 0xAC, 0x9B,
  0xC6, 0x41, 0x48, 0x62, 0x8B, 0xAB, 0x8F, 0xCC, 0x31, 0xDD, 0x8F, 0xC4, 0x24, 0x29, 0x65, 0x31,
  0xA6, 0x39, 0x86, 0x39, 0xA6, 0x39, 0xE7, 0x41, 0xE7, 0x49, 0x89, 0x5A, 0xB5, 0xBD, 0x3A, 0xF7,
  0x5B, 0xF7, 0x9C, 0xFF, 0x7C, 0xFF, 0x7C, 0xFF, 0x7C, 0xFF, 0x7B, 0xFF, 0x7B, 0xFF, 0x7B, 0xFF,
  0x7B, 0xFF, 0x7B, 0xFF, 0x7B, 0xFF, 0x7B, 0xFF, 0x7B, 0xFF, 0x7B, 0xFF, 0x7B, 0xFF, 0x5B, 0xFF,
  0x5B, 0xFF, 0x5B, 0xFF, 0x5B, 0xFF, 0x5B, 0xFF, 0x5B, 0xFF, 0x7B, 0xFF, 0x7B, 0xFF, 0x5B, 0xFF,
  0x3A, 0xFF, 0x5A, 0xFF, 0x5A, 0xFF, 0x5A, 0xFF, 0x5A, 0xFF, 0x5A, 0xFF, 0x5B, 0xFF, 0x5B, 0xFF,
  0x5A, 0xFF, 0x5A, 0xFF, 0x5B, 0xFF, 0x5B, 0xFF, 0x5B, 0xFF, 0x5B, 0xFF, 0x7B, 0xFF, 0x5B, 0xFF,
  0x7B, 0xFF, 0x5B, 0xFF, 0x7B, 0xFF, 0x7B, 0xFF, 0x7B, 0xFF, 0x7B, 0xFF, 0x7B, 0xFF, 0x7C, 0xFF,
  0x3B, 0xF7, 0x7B, 0xFF, 0x94, 0xC5, 0x8C, 0x8B, 0xEA, 0x6A, 0x89, 0x62, 0x48, 0x5A, 0xE7, 0x49,
  0xE7, 0x49, 0xC6, 0x41, 0x86, 0x39, 0x44, 0x31, 0x65, 0x39, 0xE6, 0x49, 0xA6, 0x41, 0x85, 0x39,
  0x04, 0x29, 0x44, 0x31, 0xE6, 0x49, 0x47, 0x62, 0x4B, 0x93, 0x52, 0xE5, 0x35, 0xEE, 0x55, 0xF6,
  0x52, 0xDD, 0x2B, 0x83, 0xC6, 0x49, 0x44, 0x31, 0xE3, 0x28, 0x07, 0x4A, 0x65, 0x39, 0x64, 0x41,
  0x27, 0x5A, 0x8F, 0xBC, 0x97, 0xFE, 0xD8, 0xFE, 0xD8, 0xFE, 0xF9, 0xFE, 0xF9, 0xFE, 0xF9, 0xFE,
  0xF9, 0xFE, 0xF9, 0xFE, 0xF9, 0xFE, 0xF9, 0xFE, 0xF9, 0xFE, 0xF9, 0xFE, 0xF9, 0xFE, 0xF9, 0xFE,
  0xD8, 0xFE, 0xD8, 0xFE, 0xB8, 0xFE, 0xB7, 0xFE, 0x97, 0xFE, 0x77, 0xFE, 0x56, 0xFE, 0x56, 0xFE,
  0x56, 0xFE, 0x56, 0xFE, 0x56, 0xFE, 0x56, 0xFE, 0x76, 0xFE, 0x76, 0xF6, 0x97, 0xFE, 0xCD, 0xA3,
  0xC6, 0x49, 0x27, 0x62, 0xF1, 0xD4, 0x72, 0xDD, 0x31, 0xE5, 0xC9, 0x72, 0xA2, 0x10, 0x65, 0x31,
  0x86, 0x39, 0x86, 0x39, 0x86, 0x39, 0xC7, 0x41, 0xE7, 0x49, 0x69, 0x5A, 0x13, 0xAD, 0x3B, 0xF7,
  0x5B, 0xF7, 0x9C, 0xFF, 0x7C, 0xFF, 0x7C, 0xFF, 0x7B, 0xFF, 0x7B, 0xFF, 0x7B, 0xFF, 0x7B, 0xFF,
  0x7B, 0xFF, 0x7B, 0xFF, 0x7B, 0xFF, 0x7B, 0xFF, 0x7B, 0xFF, 0x7B, 0xFF, 0x5B, 0xFF, 0x5B, 0xFF,
  0x5B, 0xFF, 0x5B, 0xFF, 0x5B, 0xFF, 0x5B, 0xFF, 0x5B, 0xFF, 0x5B, 0xFF, 0x7B, 0xFF, 0x7B, 0xFF,
  0x5A, 0xFF, 0x5A, 0xFF, 0x5A, 0xFF, 0x5B, 0xFF, 0x5A, 0xFF, 0x5A, 0xFF, 0x5B, 0xFF, 0x5B, 0xFF,
  0x5A, 0xFF, 0x5A, 0xFF, 0x5B, 0xFF, 0x5B, 0xFF, 0x5B, 0xFF, 0x5B, 0xFF, 0x5B, 0xFF, 0x5B, 0xFF,
  0x7B, 0xFF, 0x7B, 0xFF, 0x7B, 0xFF, 0x7B, 0xFF, 0x7B, 0xFF, 0x7B, 0xFF, 0x7B, 0xFF, 0x7C, 0xFF,
  0x3A, 0xF7, 0x7C, 0xFF, 0x74, 0xBD, 0x6B, 0x83, 0xCA, 0x6A, 0x89, 0x62, 0x48, 0x5A, 0xE7, 0x49,
  0xE7, 0x49, 0xC6, 0x41, 0x85, 0x39, 0x24, 0x29, 0x65, 0x39, 0xC6, 0x41, 0xA6, 0x41, 0x85, 0x39,
  0x04, 0x29, 0x04, 0x29, 0xC6, 0x49, 0xE9, 0x7A, 0x2D, 0xBC, 0x92, 0xE5, 0x35, 0xF6, 0x2E, 0xB4,
  0xA5, 0x49, 0xC2, 0x20, 0x44, 0x31, 0xC6, 0x49, 0x27, 0x5A, 0xA9, 0x6A, 0x68, 0x6A, 0xA8, 0x7A,
  0xE6, 0x51, 0xEA, 0x7A, 0x93, 0xDD, 0xF9, 0xFE, 0xD8, 0xFE, 0xF9, 0xFE, 0xF9, 0xFE, 0xF9, 0xFE,
  0xF9, 0xFE, 0xF9, 0xFE, 0xF9, 0xFE, 0xF9, 0xFE, 0xF9, 0xFE, 0xF9, 0xFE, 0xF9, 0xFE, 0xD8, 0xFE,
  0xD8, 0xFE, 0xD8, 0xFE, 0xB7, 0xFE, 0x97, 0xFE, 0x77, 0xFE, 0x56, 0xFE, 0x56, 0xFE, 0x36, 0xFE,
  0x36, 0xFE, 0x36, 0xFE, 0x56, 0xFE, 0x56, 0xFE, 0x56, 0xFE, 0x56, 0xF6, 0x97, 0xFE, 0xCD, 0xA3,
  0xA6, 0x41, 0x0A, 0x7B, 0x52, 0xDD, 0x93, 0xED, 0x6F, 0xBC, 0xE3, 0x20, 0xE3, 0x18, 0x45, 0x31,
  0xA6, 0x39, 0xA6, 0x39, 0xA6, 0x39, 0xC7, 0x41, 0x07, 0x4A, 0x49, 0x52, 0xF2, 0xAC, 0x1A, 0xEF,
  0x5B, 0xF7, 0x9C, 0xFF, 0x7C, 0xFF, 0x9C, 0xFF, 0x7C, 0xFF, 0x7B, 0xFF, 0x7B, 0xFF, 0x7B, 0xFF,
  0x7B, 0xFF, 0x7B, 0xFF, 0x7B, 0xFF, 0x7B, 0xFF, 0x7B, 0xFF, 0x7B, 0xFF, 0x5B, 0xFF, 0x5B, 0xFF,
  0x5B, 0xFF, 0x5B, 0xFF, 0x5B, 0xFF, 0x7B, 0xFF, 0x7B, 0xFF, 0x7B, 0xFF, 0x7B, 0xFF, 0x7B, 0xFF,
  0x5B, 0xFF, 0x5B, 0xFF, 0x5A, 0xFF, 0x5B, 0xFF, 0x5B, 0xFF, 0x5B, 0xFF, 0x5B, 0xFF, 0x5B, 0xFF,
  0x5A, 0xFF, 0x5A, 0xFF, 0x5B, 0xFF, 0x5B, 0xFF, 0x5B, 0xFF, 0x5B, 0xFF, 0x5B, 0xFF, 0x5B, 0xFF,
  0x5B, 0xFF, 0x7B, 0xFF, 0x7B, 0xFF, 0x7B, 0xFF, 0x7B, 0xFF, 0x7B, 0xFF, 0x7B, 0xFF, 0x9C, 0xFF,
  0x3A, 0xF7, 0x9C, 0xFF, 0x12, 0xB5, 0x2B, 0x83, 0xCA, 0x6A, 0x89, 0x62, 0x28, 0x52, 0xE7, 0x49,
  0xE6, 0x49, 0xC6, 0x41, 0x65, 0x31, 0x24, 0x29, 0x65, 0x39, 0xC6, 0x41, 0xA6, 0x41, 0x85, 0x39,
  0x24, 0x29, 0x24, 0x29, 0xA6, 0x41, 0x0A, 0x83, 0x8F, 0xC4, 0x92, 0xED, 0x8F, 0xC4, 0xC6, 0x51,
  0x64, 0x41, 0x70, 0xA4, 0x0B, 0x73, 0x88, 0x72, 0xAC, 0xA3, 0xED, 0xAB, 0x12, 0xCD, 0xD4, 0xE5,
  0x15, 0xE6, 0x97, 0xF6, 0xB8, 0xF6, 0xD8, 0xFE, 0xF9, 0xFE, 0xF9, 0xFE, 0xF9, 0xFE, 0xF9, 0xFE,
  0xF9, 0xFE, 0xF9, 0xFE, 0xF9, 0xFE, 0xF9, 0xFE, 0xF9, 0xFE, 0xF9, 0xFE, 0xF9, 0xFE, 0xD8, 0xFE,
  0xD8, 0xFE, 0xB8, 0xFE, 0xB7, 0xFE, 0x77, 0xFE, 0x76, 0xFE, 0x56, 0xFE, 0x36, 0xFE, 0x35, 0xFE,
  0x36, 0xFE, 0x36, 0xFE, 0x36, 0xFE, 0x56, 0xFE, 0x56, 0xFE, 0x76, 0xF6, 0x97, 0xFE, 0xAC, 0x9B,
  0xC6, 0x49, 0xEA, 0x7A, 0x72, 0xE5, 0x93, 0xE5, 0xA6, 0x41, 0xE3, 0x18, 0xE3, 0x18, 0x44, 0x29,
  0xA6, 0x39, 0xA6, 0x39, 0xA6, 0x39, 0xC6, 0x41, 0xE7, 0x49, 0x28, 0x52, 0x70, 0x9C, 0xD9, 0xE6,
  0x5B, 0xF7, 0x7C, 0xFF, 0x7C, 0xFF, 0x9C, 0xFF, 0x7C, 0xFF, 0x7B, 0xFF, 0x7B, 0xFF, 0x7B, 0xFF,
  0x7B, 0xFF, 0x7B, 0xFF, 0x7B, 0xFF, 0x7B, 0xFF, 0x7B, 0xFF, 0x5B, 0xFF, 0x5B, 0xFF, 0x5B, 0xFF,
  0x5B, 0xFF, 0x5B, 0xFF, 0x5B, 0xFF, 0x5B, 0xFF, 0x5B, 0xFF, 0x7B, 0xFF, 0x7B, 0xFF, 0x7B, 0xFF,
  0x5B, 0xFF, 0x5B, 0xFF, 0x5B, 0xFF, 0x5B, 0xFF, 0x5B, 0xFF, 0x5B, 0xFF, 0x5B, 0xFF, 0x5B, 0xFF,
  0x5B, 0xFF, 0x5B, 0xFF, 0x5B, 0xFF, 0x5B, 0xFF, 0x5B, 0xFF, 0x5B, 0xFF, 0x5B, 0xFF, 0x5B, 0xFF,
  0x5B, 0xFF, 0x5B, 0xFF, 0x7B, 0xFF, 0x7B, 0xFF, 0x7B, 0xFF, 0x7B, 0xFF, 0x7B, 0xFF, 0x7C, 0xFF,
  0x1A, 0xF7, 0x7C, 0xFF, 0xB0, 0xAC, 0x2B, 0x7B, 0xA9, 0x6A, 0xA9, 0x62, 0x07, 0x52, 0xE7, 0x49,
  0xE7, 0x49, 0xC6, 0x41, 0x65, 0x31, 0x04, 0x29, 0x85, 0x39, 0xC6, 0x41, 0xA6, 0x41, 0xA6, 0x39,
  0x44, 0x31, 0x44, 0x31, 0x64, 0x39, 0xE9, 0x82, 0x8F, 0xCC, 0x72, 0xE5, 0x68, 0x6A, 0x03, 0x39,
  0x90, 0xAC, 0x98, 0xEE, 0x32, 0xCD, 0x93, 0xD5, 0x76, 0xF6, 0xD8, 0xFE, 0xF8, 0xFE, 0xD8, 0xFE,
  0xF8, 0xFE, 0xD8, 0xFE, 0xD8, 0xFE, 0xF8, 0xFE, 0xF9, 0xFE, 0xF9, 0xFE, 0xF9, 0xFE, 0xF9, 0xFE,
  0xF9, 0xFE, 0xF9, 0xFE, 0xF9, 0xFE, 0xF9, 0xFE, 0xF9, 0xFE, 0xF9, 0xFE, 0xF9, 0xFE, 0xD8, 0xFE,
  0xD8, 0xFE, 0xB8, 0xFE, 0x97, 0xFE, 0x77, 0xFE, 0x76, 0xFE, 0x56, 0xFE, 0x36, 0xFE, 0x36, 0xFE,
  0x36, 0xFE, 0x36, 0xFE, 0x56, 0xFE, 0x56, 0xFE, 0x56, 0xFE, 0x76, 0xFE, 0x76, 0xFE, 0x4B, 0x8B,
  0xC6, 0x49, 0x0B, 0x7B, 0xF4, 0xF5, 0xEA, 0x7A, 0xA3, 0x18, 0x04, 0x21, 0xE3, 0x18, 0x24, 0x29,
  0x86, 0x39, 0xA6, 0x39, 0xA6, 0x39, 0xA6, 0x39, 0xE7, 0x41, 0xE7, 0x49, 0x0F, 0x8C, 0x98, 0xDE,
  0x5B, 0xF7, 0x7B, 0xFF, 0x7C, 0xFF, 0x9C, 0xFF, 0x7C, 0xFF, 0x7B, 0xFF, 0x7B, 0xFF, 0x7B, 0xFF,
  0x7B, 0xFF, 0x7B, 0xFF, 0x7B, 0xFF, 0x7B, 0xFF, 0x7B, 0xFF, 0x5B, 0xFF, 0x5B, 0xFF, 0x5B, 0xFF,
  0x5B, 0xFF, 0x5B, 0xFF, 0x5B, 0xFF, 0x5B, 0xFF, 0x5B, 0xFF, 0x5B, 0xFF, 0x7B, 0xFF, 0x7B, 0xFF,
  0x5B, 0xFF, 0x5B, 0xFF, 0x5B, 0xFF, 0x5B, 0xFF, 0x5B, 0xFF, 0x5B, 0xFF, 0x5B, 0xFF, 0x5B, 0xFF,
  0x5B, 0xFF, 0x5B, 0xFF, 0x5B, 0xFF, 0x5B, 0xFF, 0x5B, 0xFF, 0x5B, 0xFF, 0x5B, 0xFF, 0x7B, 0xFF,
  0x5B, 0xFF, 0x7B, 0xFF, 0x7B, 0xFF, 0x7B, 0xFF, 0x7B, 0xFF, 0x7B, 0xFF, 0x7B, 0xFF, 0x7C, 0xFF,
  0x3A, 0xF7, 0x5B, 0xF7, 0x2F, 0x9C, 0x2B, 0x7B, 0xA9, 0x62, 0x89, 0x62, 0xE7, 0x49, 0x07, 0x52,
  0xE7, 0x49, 0xA6, 0x41, 0x45, 0x31, 0x04, 0x21, 0x85, 0x39, 0xC6, 0x41, 0xA6, 0x41, 0xA6, 0x41,
  0x24, 0x29, 0x65, 0x41, 0x64, 0x41, 0x88, 0x72, 0xF1, 0xD4, 0xD0, 0xC4, 0x0A, 0x93, 0x6B, 0x9B,
  0x73, 0xE5, 0x15, 0xEE, 0x97, 0xFE, 0xD8, 0xFE, 0xB7, 0xFE, 0x97, 0xF6, 0x97, 0xFE, 0x97, 0xFE,
  0xB7, 0xFE, 0xB8, 0xFE, 0xD8, 0xFE, 0xD8, 0xFE, 0xF9, 0xFE, 0xF9, 0xFE, 0xF9, 0xFE, 0xF9, 0xFE,
  0xF9, 0xFE, 0xF9, 0xFE, 0xF9, 0xFE, 0xF9, 0xFE, 0xF9, 0xFE, 0xF9, 0xFE, 0xF9, 0xFE, 0xD8, 0xFE,
  0xD8, 0xFE, 0xB8, 0xFE, 0x97, 0xFE, 0x97, 0xFE, 0x76, 0xFE, 0x56, 0xFE, 0x56, 0xFE, 0x56, 0xFE,
  0x56, 0xFE, 0x56, 0xFE, 0x56, 0xFE, 0x76, 0xFE, 0x76, 0xFE, 0x77, 0xFE, 0x36, 0xF6, 0x0A, 0x83,
  0x07, 0x52, 0xEA, 0x7A, 0x2B, 0x83, 0xE3, 0x18, 0x04, 0x21, 0x04, 0x21, 0xC3, 0x18, 0x24, 0x29,
  0x86, 0x39, 0x86, 0x39, 0x86, 0x39, 0xA6, 0x39, 0xE7, 0x41, 0xC7, 0x41, 0xAE, 0x83, 0x57, 0xD6,
  0x1A, 0xEF, 0x7C, 0xFF, 0x9C, 0xFF, 0x7C, 0xFF, 0x7C, 0xFF, 0x7B, 0xFF, 0x7B, 0xFF, 0x7B, 0xFF,
  0x7B, 0xFF, 0x7B, 0xFF, 0x7B, 0xFF, 0x7B, 0xFF, 0x7B, 0xFF, 0x7B, 0xFF, 0x5B, 0xFF, 0x5B, 0xFF,
  0x5B, 0xFF, 0x5B, 0xFF, 0x5B, 0xFF, 0x5B, 0xFF, 0x5B, 0xFF, 0x5B, 0xFF, 0x7B, 0xFF, 0x7B, 0xFF,
  0x5B, 0xFF, 0x5B, 0xFF, 0x5B, 0xFF, 0x5B, 0xFF, 0x5B, 0xFF, 0x5B, 0xFF, 0x5B, 0xFF, 0x5B, 0xFF,
  0x5B, 0xFF, 0x5B, 0xFF, 0x5B, 0xFF, 0x5B, 0xFF, 0x5B, 0xFF, 0x5B, 0xFF, 0x5B, 0xFF, 0x5B, 0xFF,
  0x7B, 0xFF, 0x7B, 0xFF, 0x7B, 0xFF, 0x7B, 0xFF, 0x7B, 0xFF, 0x7B, 0xFF, 0x7B, 0xFF, 0x7C, 0xFF,
  0x3B, 0xF7, 0x1A, 0xEF, 0x0E, 0x94, 0x6C, 0x83, 0x89, 0x62, 0x89, 0x62, 0xE6, 0x49, 0x07, 0x52,
  0xE7, 0x49, 0xA6, 0x41, 0x45, 0x31, 0xE3, 0x20, 0x85, 0x39, 0xC6, 0x41, 0x85, 0x39, 0xA6, 0x41,
  0x24, 0x29, 0xA5, 0x41, 0x47, 0x72, 0x07, 0x62, 0x0D, 0xBC, 0x14, 0xF6, 0x77, 0xFE, 0x76, 0xFE,
  0x77, 0xF6, 0x97, 0xFE, 0x97, 0xFE, 0x76, 0xFE, 0x77, 0xFE, 0x77, 0xFE, 0x77, 0xFE, 0x97, 0xFE,
  0x97, 0xFE, 0xB8, 0xFE, 0xD8, 0xFE, 0xD8, 0xFE, 0xD8, 0xFE, 0xF8, 0xFE, 0xF9, 0xFE, 0xF9, 0xFE,
  0xF8, 0xFE, 0xD8, 0xFE, 0xD8, 0xFE, 0xF8, 0xFE, 0xF9, 0xFE, 0xF9, 0xFE, 0xF9, 0xFE, 0xD8, 0xFE,
  0xD8, 0xFE, 0xB8, 0xFE, 0xB7, 0xFE, 0x97, 0xFE, 0x77, 0xFE, 0x76, 0xFE, 0x56, 0xFE, 0x56, 0xFE,
  0x76, 0xFE, 0x76, 0xFE, 0x77, 0xFE, 0x77, 0xFE, 0x76, 0xFE, 0x97, 0xFE, 0xF5, 0xED, 0xC9, 0x7A,
  0x07, 0x52, 0x85, 0x39, 0xE3, 0x20, 0x04, 0x21, 0xE3, 0x20, 0x04, 0x21, 0xC3, 0x18, 0x04, 0x21,
  0x86, 0x39, 0x86, 0x39, 0x86, 0x39, 0xA6, 0x39, 0xE7, 0x41, 0xE7, 0x41, 0x6D, 0x7B, 0x78, 0xD6,
  0xD9, 0xE6, 0x7C, 0xFF, 0x9C, 0xFF, 0x7B, 0xFF, 0x7B, 0xFF, 0x7B, 0xFF, 0x7B, 0xFF, 0x7B, 0xFF,
  0x7B, 0xFF, 0x7B, 0xFF, 0x7B, 0xFF, 0x7B, 0xFF, 0x5B, 0xFF, 0x7B, 0xFF, 0x5B, 0xFF, 0x5B, 0xFF,
  0x5B, 0xFF, 0x5B, 0xFF, 0x5B, 0xFF, 0x5B, 0xFF, 0x5B, 0xFF, 0x5B, 0xFF, 0x5B, 0xFF, 0x5B, 0xFF,
  0x5B, 0xFF, 0x5B, 0xFF, 0x5B, 0xFF, 0x5B, 0xFF, 0x5B, 0xFF, 0x5B, 0xFF, 0x5B, 0xFF, 0x5B, 0xFF,
  0x5B, 0xFF, 0x5B, 0xFF, 0x5B, 0xFF, 0x5B, 0xFF, 0x5B, 0xFF, 0x5B, 0xFF, 0x5B, 0xFF, 0x5B, 0xFF,
  0x7B, 0xFF, 0x7B, 0xFF, 0x7B, 0xFF, 0x7B, 0xFF, 0x7B, 0xFF, 0x7B, 0xFF, 0x7B, 0xFF, 0x7B, 0xFF,
  0x3B, 0xF7, 0x98, 0xE6, 0x2F, 0x9C, 0x4C, 0x83, 0x89, 0x62, 0x48, 0x5A, 0xE6, 0x49, 0x07, 0x52,
  0xC6, 0x41, 0xA6, 0x41, 0x44, 0x29, 0xE3, 0x20, 0x85, 0x39, 0xC6, 0x41, 0x85, 0x39, 0xA6, 0x41,
  0x24, 0x29, 0xE6, 0x51, 0xC9, 0x8A, 0x47, 0x72, 0xE9, 0x8A, 0x15, 0xF6, 0x97, 0xF6, 0x97, 0xFE,
  0x97, 0xFE, 0x76, 0xFE, 0x56, 0xFE, 0x56, 0xFE, 0x56, 0xFE, 0x56, 0xFE, 0x56, 0xFE, 0x76, 0xFE,
  0x97, 0xFE, 0xB7, 0xFE, 0xB8, 0xFE, 0xD8, 0xFE, 0xD8, 0xFE, 0xF9, 0xFE, 0xF9, 0xFE, 0xF9, 0xFE,
  0xF8, 0xFE, 0xD8, 0xFE, 0xD8, 0xFE, 0xD8, 0xFE, 0xD8, 0xFE, 0xF9, 0xFE, 0xF9, 0xFE, 0xD8, 0xFE,
  0xD8, 0xFE, 0xD8, 0xFE, 0xB8, 0xFE, 0xB7, 0xFE, 0x97, 0xFE, 0x97, 0xFE, 0x77, 0xFE, 0x77, 0xFE,
  0x77, 0xFE, 0x97, 0xFE, 0x97, 0xFE, 0x97, 0xFE, 0x97, 0xF6, 0xD8, 0xFE, 0x32, 0xD5, 0xC6, 0x49,
  0xE7, 0x49, 0x45, 0x31, 0x24, 0x29, 0x04, 0x21, 0xE3, 0x20, 0x04, 0x21, 0xE3, 0x18, 0x04, 0x21,
  0x86, 0x39, 0x86, 0x39, 0xA6, 0x39, 0xA6, 0x39, 0xE7, 0x41, 0xE7, 0x41, 0xEB, 0x62, 0x98, 0xDE,
  0xB9, 0xDE, 0x7B, 0xFF, 0x7C, 0xFF, 0x7C, 0xFF, 0x7B, 0xFF, 0x7B, 0xFF, 0x7B, 0xFF, 0x7B, 0xFF,
  0x7B, 0xFF, 0x7B, 0xFF, 0x7B, 0xFF, 0x7B, 0xFF, 0x7B, 0xFF, 0x7B, 0xFF, 0x5B, 0xFF, 0x5B, 0xFF,
  0x5B, 0xFF, 0x5B, 0xFF, 0x5B, 0xFF, 0x5B, 0xFF, 0x5B, 0xFF, 0x5B, 0xFF, 0x5B, 0xFF, 0x5B, 0xFF,
  0x5B, 0xFF, 0x5B, 0xFF, 0x5B, 0xFF, 0x5B, 0xFF, 0x5B, 0xFF, 0x5B, 0xFF, 0x5B, 0xFF, 0x5B, 0xFF,
  0x5B, 0xFF, 0x5B, 0xFF, 0x5B, 0xFF, 0x5B, 0xFF, 0x5B, 0xFF, 0x5B, 0xFF, 0x5B, 0xFF, 0x7B, 0xFF,
  0x7B, 0xFF, 0x7B, 0xFF, 0x7B, 0xFF, 0x7B, 0xFF, 0x7B, 0xFF, 0x7B, 0xFF, 0x7B, 0xFF, 0x7B, 0xFF,
  0x5B, 0xF7, 0x16, 0xD6, 0x90, 0xA4, 0x6C, 0x7B, 0x89, 0x62, 0x48, 0x5A, 0xC6, 0x41, 0x07, 0x52,
  0xC6, 0x41, 0xA6, 0x39, 0x44, 0x29, 0xE3, 0x18, 0x65, 0x39, 0xC6, 0x41, 0x85, 0x39, 0xA6, 0x41,
  0x44, 0x31, 0x07, 0x62, 0xC9, 0x8A, 0xC9, 0x8A, 0x4A, 0x9B, 0x31, 0xD5, 0xB7, 0xFE, 0x76, 0xF6,
  0x76, 0xFE, 0x56, 0xFE, 0x56, 0xFE, 0x36, 0xFE, 0x36, 0xFE, 0x56, 0xFE, 0x56, 0xFE, 0x76, 0xFE,
  0x97, 0xFE, 0xB7, 0xFE, 0xB8, 0xFE, 0xD8, 0xFE, 0xD8, 0xFE, 0xF9, 0xFE, 0xF9, 0xFE, 0xF8, 0xFE,
  0x1A, 0xFF, 0x3A, 0xFF, 0xD8, 0xFE, 0xD8, 0xFE, 0xD8, 0xFE, 0xF9, 0xFE, 0xF9, 0xFE, 0xD8, 0xFE,
  0xD8, 0xFE, 0xD8, 0xFE, 0xD8, 0xFE, 0xB8, 0xFE, 0xB8, 0xFE, 0xB7, 0xFE, 0x97, 0xFE, 0x97, 0xFE,
  0x97, 0xFE, 0x97, 0xFE, 0x97, 0xFE, 0xB7, 0xFE, 0x97, 0xF6, 0xF9, 0xFE, 0x4F, 0xAC, 0x65, 0x39,
  0xE7, 0x49, 0x44, 0x31, 0x04, 0x21, 0x04, 0x21, 0x03, 0x21, 0x04, 0x21, 0xE3, 0x18, 0x04, 0x21,
  0x85, 0x39, 0x86, 0x39, 0xA6, 0x39, 0x86, 0x39, 0xC7, 0x41, 0xE7, 0x49, 0x49, 0x52, 0x98, 0xDE,
  0x78, 0xD6, 0x5B, 0xF7, 0x9C, 0xFF, 0x7B, 0xFF, 0x7C, 0xFF, 0x7B, 0xFF, 0x7B, 0xFF, 0x7B, 0xFF,
  0x7B, 0xFF, 0x7B, 0xFF, 0x7B, 0xFF, 0x7B, 0xFF, 0x7B, 0xFF, 0x7B, 0xFF, 0x5B, 0xFF, 0x5B, 0xFF,
  0x5B, 0xFF, 0x5B, 0xFF, 0x5B, 0xFF, 0x5B, 0xFF, 0x5B, 0xFF, 0x5B, 0xFF, 0x5B, 0xFF, 0x5B, 0xFF,
  0x5B, 0xFF, 0x5B, 0xFF, 0x5B, 0xFF, 0x5B, 0xFF, 0x5B, 0xFF, 0x5B, 0xFF, 0x5B, 0xFF, 0x5B, 0xFF,
  0x5B, 0xFF, 0x5B, 0xFF, 0x5B, 0xFF, 0x5B, 0xFF, 0x5B, 0xFF, 0x5B, 0xFF, 0x5B, 0xFF, 0x7B, 0xFF,
  0x7B, 0xFF, 0x7B, 0xFF, 0x7B, 0xFF, 0x7B, 0xFF, 0x7B, 0xFF, 0x7B, 0xFF, 0x7B, 0xFF, 0x5B, 0xFF,
  0x5B, 0xF7, 0x74, 0xC5, 0x33, 0xB5, 0x2B, 0x7B, 0xA9, 0x6A, 0x28, 0x52, 0xA6, 0x41, 0x07, 0x52,
  0xC6, 0x41, 0x86, 0x39, 0x24, 0x29, 0xE3, 0x18, 0x65, 0x31, 0xC6, 0x41, 0x85, 0x39, 0xA6, 0x41,
  0x24, 0x29, 0x27, 0x62, 0x0A, 0x9B, 0x2A, 0x9B, 0x6B, 0xAB, 0xAC, 0xAB, 0x56, 0xF6, 0x77, 0xFE,
  0x56, 0xFE, 0x56, 0xFE, 0x36, 0xFE, 0x36, 0xFE, 0x36, 0xFE, 0x56, 0xFE, 0x56, 0xFE, 0x77, 0xFE,
  0x97, 0xFE, 0xB7, 0xFE, 0xB8, 0xFE, 0xD8, 0xFE, 0xD8, 0xFE, 0xF9, 0xFE, 0xF9, 0xFE, 0xF8, 0xFE,
  0x3B, 0xFF, 0x5B, 0xFF, 0xB8, 0xFE, 0xB8, 0xFE, 0xD8, 0xFE, 0xF8, 0xFE, 0xF9, 0xFE, 0xF9, 0xFE,
  0xF8, 0xFE, 0xD8, 0xFE, 0xD8, 0xFE, 0xD8, 0xFE, 0xD8, 0xFE, 0xB8, 0xFE, 0xB8, 0xFE, 0xB8, 0xFE,
  0xB8, 0xFE, 0xB8, 0xFE, 0xB8, 0xFE, 0xB8, 0xFE, 0xB8, 0xF6, 0xF8, 0xFE, 0x0A, 0x7B, 0x65, 0x39,
  0xC6, 0x41, 0x44, 0x29, 0x04, 0x21, 0x04, 0x21, 0x04, 0x21, 0x04, 0x21, 0xE3, 0x18, 0xE3, 0x20,
  0x65, 0x31, 0x86, 0x39, 0xA6, 0x39, 0x86, 0x39, 0xC6, 0x41, 0xE7, 0x49, 0x07, 0x4A, 0x58, 0xD6,
  0x78, 0xDE, 0x1A, 0xEF, 0x9C, 0xFF, 0x7B, 0xFF, 0x7B, 0xFF, 0x7B, 0xFF, 0x7B, 0xFF, 0x7B, 0xFF,
  0x7B, 0xFF, 0x7B, 0xFF, 0x7B, 0xFF, 0x7B, 0xFF, 0x7B, 0xFF, 0x7B, 0xFF, 0x5B, 0xFF, 0x5B, 0xFF,
  0x5B, 0xFF, 0x5B, 0xFF, 0x5B, 0xFF, 0x5B, 0xFF, 0x5B, 0xFF, 0x5B, 0xFF, 0x5B, 0xFF, 0x5B, 0xFF,
  0x5B, 0xFF, 0x5B, 0xFF, 0x5B, 0xFF, 0x5B, 0xFF, 0x5B, 0xFF, 0x5B, 0xFF, 0x5B, 0xFF, 0x5B, 0xFF,
  0x5B, 0xFF, 0x5B, 0xFF, 0x5B, 0xFF, 0x5B, 0xFF, 0x5B, 0xFF, 0x5B, 0xFF, 0x7B, 0xFF, 0x7B, 0xFF,
  0x7B, 0xFF, 0x7B, 0xFF, 0x7B, 0xFF, 0x7B, 0xFF, 0x7B, 0xFF, 0x7B, 0xFF, 0x7B, 0xFF, 0x5B, 0xFF,
  0x3B, 0xF7, 0x33, 0xB5, 0xB5, 0xC5, 0xEA, 0x72, 0xA9, 0x6A, 0x07, 0x52, 0xC6, 0x41, 0x07, 0x52,
  0xA6, 0x41, 0x85, 0x39, 0x24, 0x29, 0xE3, 0x18, 0x65, 0x31, 0xC6, 0x41, 0x85, 0x39, 0xA6, 0x41,
  0x24, 0x29, 0x07, 0x62, 0xED, 0xB3, 0xCC, 0xB3, 0x4B, 0xA3, 0xA8, 0x8A, 0x11, 0xCD, 0xB8, 0xFE,
  0x56, 0xFE, 0x56, 0xFE, 0x36, 0xFE, 0x56, 0xFE, 0x56, 0xFE, 0x56, 0xFE, 0x76, 0xFE, 0x77, 0xFE,
  0x97, 0xFE, 0xB7, 0xFE, 0xD8, 0xFE, 0xD8, 0xFE, 0xD8, 0xFE, 0xF9, 0xFE, 0xF9, 0xFE, 0xF9, 0xFE,
  0x19, 0xFF, 0x19, 0xFF, 0xB8, 0xFE, 0xD8, 0xFE, 0xD8, 0xFE, 0xF9, 0xFE, 0xF9, 0xFE, 0xD9, 0xFE,
  0xF9, 0xFE, 0xD9, 0xFE, 0xD8, 0xFE, 0xD8, 0xFE, 0xD8, 0xFE, 0xD8, 0xFE, 0xD8, 0xFE, 0xD8, 0xFE,
  0xD8, 0xFE, 0xD8, 0xFE, 0xD8, 0xFE, 0xB8, 0xFE, 0xD8, 0xFE, 0x77, 0xF6, 0xE6, 0x49, 0x85, 0x41,
  0xA6, 0x41, 0x44, 0x29, 0x04, 0x21, 0x04, 0x21, 0x04, 0x21, 0x04, 0x21, 0xE3, 0x20, 0xE3, 0x18,
  0x65, 0x31, 0xA6, 0x39, 0xA6, 0x39, 0x86, 0x39, 0xC6, 0x41, 0x07, 0x4A, 0xE7, 0x41, 0xD6, 0xC5,
  0xFA, 0xE6, 0x98, 0xDE, 0x9C, 0xFF, 0x7B, 0xFF, 0x7B, 0xFF, 0x7B, 0xFF, 0x7B, 0xFF, 0x7B, 0xFF,
  0x7B, 0xFF, 0x7B, 0xFF, 0x7B, 0xFF, 0x7B, 0xFF, 0x7B, 0xFF, 0x7B, 0xFF, 0x7B, 0xFF, 0x5B, 0xFF,
  0x5B, 0xFF, 0x7B, 0xFF, 0x5B, 0xFF, 0x5B, 0xFF, 0x5B, 0xFF, 0x5B, 0xFF, 0x5B, 0xFF, 0x5B, 0xFF,
  0x5B, 0xFF, 0x5B, 0xFF, 0x5B, 0xFF, 0x5B, 0xFF, 0x5B, 0xFF, 0x5B, 0xFF, 0x5B, 0xFF, 0x5B, 0xFF,
  0x5B, 0xFF, 0x5B, 0xFF, 0x5B, 0xFF, 0x5B, 0xFF, 0x5B, 0xFF, 0x5B, 0xFF, 0x5B, 0xFF, 0x5B, 0xFF,
  0x7B, 0xFF, 0x7B, 0xFF, 0x7B, 0xFF, 0x7B, 0xFF, 0x7B, 0xFF, 0x7B, 0xFF, 0x7B, 0xFF, 0x7B, 0xFF,
  0xD9, 0xE6, 0x33, 0xB5, 0xF6, 0xCD, 0xA9, 0x6A, 0xC9, 0x6A, 0xE7, 0x49, 0xC6, 0x41, 0x07, 0x4A,
  0xA6, 0x39, 0x85, 0x39, 0x24, 0x29, 0xE3, 0x20, 0x44, 0x31, 0xC6, 0x41, 0x85, 0x39, 0x85, 0x39,
  0x65, 0x31, 0x04, 0x29, 0xEA, 0x82, 0x0D, 0xC4, 0xAF, 0xCC, 0xAF, 0xCC, 0xCD, 0xAB, 0x35, 0xF6,
  0x77, 0xFE, 0x56, 0xFE, 0x56, 0xFE, 0x56, 0xFE, 0x76, 0xFE, 0x76, 0xFE, 0x77, 0xFE, 0x97, 0xFE,
  0xB7, 0xFE, 0xB8, 0xFE, 0xD8, 0xFE, 0xD8, 0xFE, 0xD8, 0xFE, 0xF9, 0xFE, 0xF9, 0xFE, 0xF9, 0xFE,
  0xF9, 0xFE, 0x77, 0xF6, 0xB8, 0xF6, 0xD8, 0xFE, 0xF9, 0xFE, 0xF9, 0xFE, 0xF8, 0xFE, 0xD8, 0xFE,
  0xF9, 0xFE, 0xD8, 0xFE, 0xD8, 0xFE, 0xD8, 0xFE, 0xD8, 0xFE, 0xF9, 0xFE, 0xD8, 0xFE, 0xD8, 0xFE,
  0xD8, 0xFE, 0xD8, 0xFE, 0xD8, 0xFE, 0xB8, 0xFE, 0x19, 0xFF, 0x53, 0xCD, 0x24, 0x29, 0xA6, 0x41,
  0x85, 0x39, 0x44, 0x29, 0x04, 0x21, 0x04, 0x21, 0x04, 0x21, 0x04, 0x21, 0xE3, 0x20, 0xE3, 0x20,
  0x65, 0x31, 0x86, 0x39, 0x86, 0x39, 0x86, 0x39, 0xA6, 0x39, 0x07, 0x4A, 0xC6, 0x41, 0x13, 0xAD,
  0x5B, 0xF7, 0x16, 0xCE, 0x9C, 0xFF, 0x7B, 0xFF, 0x7B, 0xFF, 0x7B, 0xFF, 0x7B, 0xFF, 0x7B, 0xFF,
  0x7B, 0xFF, 0x7B, 0xFF, 0x7B, 0xFF, 0x7B, 0xFF, 0x7B, 0xFF, 0x7B, 0xFF, 0x7B, 0xFF, 0x5B, 0xFF,
  0x5B, 0xFF, 0x5B, 0xFF, 0x5B, 0xFF, 0x5B, 0xFF, 0x5B, 0xFF, 0x7B, 0xFF, 0x7B, 0xFF, 0x7B, 0xFF,
  0x5B, 0xFF, 0x5B, 0xFF, 0x5B, 0xFF, 0x5B, 0xFF, 0x5B, 0xFF, 0x5B, 0xFF, 0x5B, 0xFF, 0x5B, 0xFF,
  0x5B, 0xFF, 0x5B, 0xFF, 0x5B, 0xFF, 0x5B, 0xFF, 0x5B, 0xFF, 0x5B, 0xFF, 0x5B, 0xFF, 0x5B, 0xFF,
  0x5B, 0xFF, 0x7B, 0xFF, 0x7B, 0xFF, 0x7B, 0xFF, 0x7B, 0xFF, 0x7B, 0xFF, 0x7B, 0xFF, 0x7C, 0xFF,
  0x57, 0xD6, 0x94, 0xC5, 0x16, 0xD6, 0x89, 0x62, 0xCA, 0x6A, 0xE7, 0x49, 0xC6, 0x41, 0xE7, 0x49,
  0xA6, 0x39, 0x85, 0x39, 0x24, 0x29, 0xE3, 0x20, 0x44, 0x29, 0xC6, 0x49, 0x85, 0x39, 0x85, 0x39,
  0x65, 0x39, 0x03, 0x21, 0xE3, 0x18, 0xE9, 0x82, 0x31, 0xDD, 0x72, 0xE5, 0x6E, 0xCC, 0xAF, 0xCC,
  0x97, 0xFE, 0x76, 0xFE, 0x76, 0xFE, 0x76, 0xFE, 0x77, 0xFE, 0x97, 0xFE, 0x97, 0xFE, 0xB7, 0xFE,
  0xB8, 0xFE, 0xB8, 0xFE, 0xD8, 0xFE, 0xD8, 0xFE, 0xD9, 0xFE, 0xF9, 0xFE, 0xF9, 0xFE, 0xF9, 0xFE,
  0xF9, 0xFE, 0xD8, 0xFE, 0xD8, 0xFE, 0xF9, 0xFE, 0xF9, 0xFE, 0xF9, 0xFE, 0xD8, 0xFE, 0xD9, 0xFE,
  0xF9, 0xFE, 0x19, 0xFF, 0x39, 0xFF, 0xF9, 0xFE, 0xF9, 0xFE, 0xF9, 0xFE, 0xF9, 0xFE, 0xF9, 0xFE,
  0xD8, 0xFE, 0xD8, 0xFE, 0xD8, 0xFE, 0xD8, 0xF6, 0x39, 0xFF, 0x6C, 0x83, 0x03, 0x21, 0xC6, 0x41,
  0x85, 0x39, 0x24, 0x29, 0x04, 0x21, 0x04, 0x21, 0x24, 0x21, 0xE4, 0x20, 0xE4, 0x20, 0xE3, 0x20,
  0x45, 0x31, 0x86, 0x39, 0x86, 0x39, 0x86, 0x39, 0x86, 0x39, 0xE7, 0x49, 0xC6, 0x41, 0x2F, 0x94,
  0xBD, 0xFF, 0x16, 0xCE, 0x7C, 0xFF, 0x7B, 0xFF, 0x7B, 0xFF, 0x7B, 0xFF, 0x7B, 0xFF, 0x7B, 0xFF,
  0x7B, 0xFF, 0x7B, 0xFF, 0x7B, 0xFF, 0x7B, 0xFF, 0x7B, 0xFF, 0x7B, 0xFF, 0x7B, 0xFF, 0x5B, 0xFF,
  0x5B, 0xFF, 0x5B, 0xFF, 0x5B, 0xFF, 0x5B, 0xFF, 0x5B, 0xFF, 0x7B, 0xFF, 0x7B, 0xFF, 0x7B, 0xFF,
  0x3A, 0xFF, 0x5B, 0xFF, 0x5B, 0xFF, 0x5B, 0xFF, 0x5B, 0xFF, 0x5B, 0xFF, 0x5B, 0xFF, 0x5B, 0xFF,
  0x5B, 0xFF, 0x5B, 0xFF, 0x5B, 0xFF, 0x5B, 0xFF, 0x5B, 0xFF, 0x5B, 0xFF, 0x7B, 0xFF, 0x7B, 0xFF,
  0x7B, 0xFF, 0x7B, 0xFF, 0x7B, 0xFF, 0x7B, 0xFF, 0x7B, 0xFF, 0x7B, 0xFF, 0x7B, 0xFF, 0x9C, 0xFF,
  0x94, 0xC5, 0x37, 0xD6, 0xF6, 0xCD, 0x89, 0x6A, 0xCA, 0x6A, 0xC6, 0x41, 0xC6, 0x41, 0xE7, 0x49,
  0xA6, 0x39, 0x65, 0x31, 0x24, 0x29, 0x04, 0x21, 0x44, 0x29, 0xC6, 0x49, 0x85, 0x39, 0x85, 0x39,
  0x45, 0x31, 0xE3, 0x20, 0x03, 0x21, 0x04, 0x21, 0x89, 0x6A, 0x11, 0xDD, 0x93, 0xED, 0x8F, 0xCC,
  0x15, 0xEE, 0x97, 0xFE, 0x77, 0xFE, 0x97, 0xFE, 0x97, 0xFE, 0x97, 0xFE, 0xB8, 0xFE, 0xB8, 0xFE,
  0xB8, 0xFE, 0xD8, 0xFE, 0xD8, 0xFE, 0xD8, 0xFE, 0xD8, 0xFE, 0xF9, 0xFE, 0xF9, 0xFE, 0xF9, 0xFE,
  0xF8, 0xFE, 0xF9, 0xFE, 0xF9, 0xFE, 0xF9, 0xFE, 0xF9, 0xFE, 0xF9, 0xFE, 0xF9, 0xFE, 0xF9, 0xFE,
  0xB8, 0xFE, 0x36, 0xEE, 0x94, 0xD5, 0xB8, 0xF6, 0xF9, 0xFE, 0xD9, 0xFE, 0xF9, 0xFE, 0xF9, 0xFE,
  0xF9, 0xFE, 0xD9, 0xFE, 0xD8, 0xFE, 0xF9, 0xFE, 0x36, 0xEE, 0x85, 0x39, 0x44, 0x29, 0xA6, 0x41,
  0x85, 0x39, 0x24, 0x29, 0x04, 0x21, 0x04, 0x21, 0x24, 0x29, 0xE3, 0x20, 0x04, 0x21, 0xE3, 0x20,
  0x24, 0x29, 0x86, 0x39, 0x86, 0x39, 0xA6, 0x39, 0x86, 0x39, 0xE7, 0x41, 0xC6, 0x41, 0x4C, 0x73,
  0xBD, 0xFF, 0x57, 0xD6, 0x5B, 0xF7, 0x9C, 0xFF, 0x7B, 0xFF, 0x7B, 0xFF, 0x7B, 0xFF, 0x7C, 0xFF,
  0x7B, 0xFF, 0x7B, 0xFF, 0x7B, 0xFF, 0x7B, 0xFF, 0x7B, 0xFF, 0x7B, 0xFF, 0x7B, 0xFF, 0x7B, 0xFF,
  0x5B, 0xFF, 0x5B, 0xFF, 0x5B, 0xFF, 0x5B, 0xFF, 0x5B, 0xFF, 0x5B, 0xFF, 0x7B, 0xFF, 0x7B, 0xFF,
  0x3A, 0xFF, 0x5A, 0xFF, 0x5B, 0xFF, 0x5B, 0xFF, 0x5B, 0xFF, 0x5B, 0xFF, 0x5B, 0xFF, 0x5B, 0xFF,
  0x5B, 0xFF, 0x5B, 0xFF, 0x5B, 0xFF, 0x5B, 0xFF, 0x5B, 0xFF, 0x5B, 0xFF, 0x7B, 0xFF, 0x7B, 0xFF,
  0x7B, 0xFF, 0x7B, 0xFF, 0x7B, 0xFF, 0x7B, 0xFF, 0x7B, 0xFF, 0x7B, 0xFF, 0x7B, 0xFF, 0x7C, 0xFF,
  0x33, 0xB5, 0xFA, 0xEE, 0x74, 0xBD, 0x89, 0x6A, 0xA9, 0x6A, 0xC6, 0x41, 0xC6, 0x49, 0xE7, 0x49,
  0xA6, 0x39, 0x65, 0x31, 0x04, 0x21, 0x04, 0x21, 0x24, 0x29, 0xE6, 0x49, 0x85, 0x39, 0x85, 0x39,
  0x65, 0x31, 0xE3, 0x20, 0xE3, 0x20, 0x24, 0x29, 0xA2, 0x10, 0xC6, 0x49, 0x0E, 0xAC, 0x4E, 0xBC,
  0x2E, 0xB4, 0xB8, 0xFE, 0x97, 0xFE, 0x97, 0xFE, 0xB7, 0xFE, 0xB8, 0xFE, 0xB8, 0xFE, 0xD8, 0xFE,
  0xD8, 0xFE, 0xD8, 0xFE, 0xD8, 0xFE, 0xD8, 0xFE, 0xD8, 0xFE, 0xD8, 0xFE, 0xD8, 0xFE, 0xD8, 0xFE,
  0xF9, 0xFE, 0xF9, 0xFE, 0xF9, 0xFE, 0xF9, 0xFE, 0xF9, 0xFE, 0xD8, 0xFE, 0x97, 0xF6, 0x56, 0xEE,
  0x37, 0xE6, 0x16, 0xE6, 0x68, 0x6A, 0x6F, 0xB4, 0x5A, 0xFF, 0xD8, 0xF6, 0xF9, 0xFE, 0xF9, 0xFE,
  0xF9, 0xFE, 0xF9, 0xFE, 0xD8, 0xF6, 0x3A, 0xFF, 0xCD, 0x93, 0xC3, 0x18, 0x65, 0x31, 0xA6, 0x41,
  0x65, 0x31, 0x24, 0x29, 0x04, 0x21, 0x04, 0x21, 0x24, 0x29, 0xE3, 0x20, 0xE4, 0x20, 0xE3, 0x20,
  0x24, 0x29, 0x85, 0x39, 0xA6, 0x39, 0xA6, 0x39, 0x85, 0x31, 0xC7, 0x41, 0xE7, 0x41, 0xAA, 0x62,
  0x5B, 0xF7, 0x98, 0xDE, 0xD9, 0xE6, 0x9C, 0xFF, 0x7B, 0xFF, 0x7B, 0xFF, 0x7B, 0xFF, 0x7B, 0xFF,
  0x7B, 0xFF, 0x7B, 0xFF, 0x7B, 0xFF, 0x7B, 0xFF, 0x7B, 0xFF, 0x7B, 0xFF, 0x7B, 0xFF, 0x7B, 0xFF,
  0x5B, 0xFF, 0x5B, 0xFF, 0x5B, 0xFF, 0x5B, 0xFF, 0x5B, 0xFF, 0x5B, 0xFF, 0x5B, 0xFF, 0x7B, 0xFF,
  0x3A, 0xFF, 0x5B, 0xFF, 0x5B, 0xFF, 0x5B, 0xFF, 0x5B, 0xFF, 0x5B, 0xFF, 0x5B, 0xFF, 0x5B, 0xFF,
  0x5B, 0xFF, 0x5B, 0xFF, 0x5B, 0xFF, 0x5B, 0xFF, 0x5B, 0xFF, 0x5B, 0xFF, 0x5B, 0xFF, 0x7B, 0xFF,
  0x7B, 0xFF, 0x7B, 0xFF, 0x7B, 0xFF, 0x7B, 0xFF, 0x7B, 0xFF, 0x7B, 0xFF, 0x9C, 0xFF, 0x3B, 0xF7,
  0xD1, 0xAC, 0x9C, 0xFF, 0xD2, 0xAC, 0x88, 0x62, 0x89, 0x62, 0xC6, 0x41, 0xE7, 0x49, 0xE7, 0x49,
  0x86, 0x39, 0x65, 0x31, 0x04, 0x21, 0x04, 0x21, 0x24, 0x29, 0xC6, 0x41, 0x85, 0x39, 0x65, 0x39,
  0x65, 0x31, 0x03, 0x21, 0xE3, 0x20, 0x04, 0x21, 0x03, 0x21, 0x04, 0x21, 0xE3, 0x20, 0x24, 0x29,
  0x24, 0x31, 0x73, 0xD5, 0xF9, 0xFE, 0x97, 0xFE, 0xB8, 0xFE, 0xB8, 0xFE, 0xD8, 0xFE, 0xD8, 0xFE,
  0xD8, 0xFE, 0xD8, 0xFE, 0xD8, 0xFE, 0xD8, 0xFE, 0xD8, 0xFE, 0x19, 0xFF, 0x19, 0xFF, 0xD8, 0xFE,
  0xD8, 0xFE, 0xD8, 0xFE, 0xB8, 0xFE, 0xB7, 0xFE, 0x97, 0xF6, 0xB8, 0xF6, 0xD9, 0xEE, 0xFA, 0xEE,
  0x98, 0xEE, 0x53, 0xDD, 0xA8, 0x92, 0xF1, 0xBC, 0x3A, 0xFF, 0xD8, 0xFE, 0xF9, 0xFE, 0xF9, 0xFE,
  0xF9, 0xFE, 0xD8, 0xFE, 0x19, 0xFF, 0xF5, 0xE5, 0x65, 0x31, 0x24, 0x21, 0x65, 0x39, 0x86, 0x41,
  0x45, 0x31, 0x24, 0x29, 0x04, 0x21, 0x04, 0x21, 0x45, 0x29, 0xE3, 0x20, 0x04, 0x21, 0x04, 0x21,
  0x24, 0x21, 0x86, 0x39, 0x86, 0x39, 0xA6, 0x39, 0x85, 0x31, 0xC6, 0x41, 0x07, 0x4A, 0x28, 0x52,
  0xB9, 0xE6, 0x1A, 0xEF, 0x57, 0xD6, 0xBC, 0xFF, 0x7B, 0xFF, 0x7B, 0xFF, 0x7B, 0xFF, 0x7B, 0xFF,
  0x7B, 0xFF, 0x7B, 0xFF, 0x7B, 0xFF, 0x7B, 0xFF, 0x7B, 0xFF, 0x7B, 0xFF, 0x7B, 0xFF, 0x7B, 0xFF,
  0x5B, 0xFF, 0x5B, 0xFF, 0x5B, 0xFF, 0x5B, 0xFF, 0x5B, 0xFF, 0x5B, 0xFF, 0x5B, 0xFF, 0x7B, 0xFF,
  0x3B, 0xFF, 0x5B, 0xFF, 0x5B, 0xFF, 0x5B, 0xFF, 0x5B, 0xFF, 0x5B, 0xFF, 0x5B, 0xFF, 0x5B, 0xFF,
  0x5B, 0xFF, 0x5B, 0xFF, 0x5B, 0xFF, 0x5B, 0xFF, 0x5B, 0xFF, 0x5B, 0xFF, 0x5B, 0xFF, 0x7B, 0xFF,
  0x7B, 0xFF, 0x7B, 0xFF, 0x7B, 0xFF, 0x7B, 0xFF, 0x7B, 0xFF, 0x7B, 0xFF, 0x9C, 0xFF, 0xF9, 0xEE,
  0x12, 0xB5, 0xDD, 0xFF, 0x70, 0x9C, 0x89, 0x6A, 0x68, 0x5A, 0xC6, 0x41, 0xE7, 0x49, 0xC6, 0x41,
  0x85, 0x39, 0x65, 0x31, 0x04, 0x21, 0x04, 0x21, 0x24, 0x29, 0xC6, 0x41, 0x86, 0x39, 0x65, 0x31,
  0x85, 0x39, 0x04, 0x21, 0xE3, 0x20, 0x04, 0x21, 0xE3, 0x18, 0x04, 0x21, 0x24, 0x21, 0x24, 0x29,
  0x04, 0x21, 0x48, 0x62, 0xB8, 0xFE, 0xD8, 0xFE, 0xD8, 0xFE, 0xD8, 0xFE, 0xD8, 0xFE, 0xD8, 0xFE,
  0xD8, 0xFE, 0xD8, 0xFE, 0xF9, 0xFE, 0xF9, 0xFE, 0xF9, 0xFE, 0x15, 0xE6, 0xF5, 0xE5, 0xB8, 0xF6,
  0x98, 0xF6, 0xB8, 0xF6, 0xD9, 0xF6, 0x1A, 0xF7, 0x1A, 0xF7, 0xFA, 0xF6, 0x57, 0xF6, 0x93, 0xED,
  0xD0, 0xEC, 0x6E, 0xE4, 0x0D, 0xBC, 0x97, 0xF6, 0xF9, 0xFE, 0xF9, 0xFE, 0xF9, 0xFE, 0xF9, 0xFE,
  0xD9, 0xFE, 0xF9, 0xFE, 0xF9, 0xFE, 0xA9, 0x6A, 0xE3, 0x20, 0x44, 0x29, 0x65, 0x39, 0x85, 0x39,
  0x44, 0x31, 0x24, 0x29, 0x04, 0x21, 0x24, 0x21, 0x45, 0x29, 0xE3, 0x20, 0x04, 0x21, 0x04, 0x21,
  0x04, 0x21, 0x85, 0x31, 0x86, 0x39, 0x86, 0x39, 0x86, 0x39, 0xA6, 0x39, 0x28, 0x4A, 0xC6, 0x41,
  0x95, 0xC5, 0x9C, 0xFF, 0x37, 0xD6, 0x9C, 0xFF, 0x7B, 0xFF, 0x7B, 0xFF, 0x7B, 0xFF, 0x7B, 0xFF,
  0x7B, 0xFF, 0x7B, 0xFF, 0x7B, 0xFF, 0x7B, 0xFF, 0x7B, 0xFF, 0x7B, 0xFF, 0x7B, 0xFF, 0x5B, 0xFF,
  0x5B, 0xFF, 0x5B, 0xFF, 0x5B, 0xFF, 0x5B, 0xFF, 0x5B, 0xFF, 0x5B, 0xFF, 0x5B, 0xFF, 0x5B, 0xFF,
  0x5B, 0xFF, 0x5B, 0xFF, 0x5B, 0xFF, 0x5B, 0xFF, 0x5B, 0xFF, 0x5B, 0xFF, 0x7B, 0xFF, 0x7B, 0xFF,
  0x5B, 0xFF, 0x5B, 0xFF, 0x5B, 0xFF, 0x5B, 0xFF, 0x5B, 0xFF, 0x5B, 0xFF, 0x5B, 0xFF, 0x5B, 0xFF,
  0x7B, 0xFF, 0x5B, 0xFF, 0x7B, 0xFF, 0x7B, 0xFF, 0x7B, 0xFF, 0x5B, 0xFF, 0xBC, 0xFF, 0x57, 0xDE,
  0x74, 0xBD, 0xFE, 0xFF, 0x0F, 0x94, 0x89, 0x6A, 0x28, 0x52, 0xC6, 0x41, 0xE7, 0x49, 0xC6, 0x41,
  0x85, 0x39, 0x45, 0x31, 0x03, 0x21, 0x24, 0x21, 0x24, 0x29, 0xA6, 0x41, 0xA6, 0x39, 0x65, 0x31,
  0x65, 0x31, 0x24, 0x29, 0xE3, 0x20, 0x04, 0x21, 0xE3, 0x20, 0x04, 0x21, 0x04, 0x21, 0x04, 0x21,
  0x44, 0x29, 0xE3, 0x20, 0xED, 0x9B, 0x3A, 0xFF, 0xB8, 0xF6, 0xD8, 0xFE, 0xD8, 0xFE, 0xF8, 0xFE,
  0xF9, 0xFE, 0xF8, 0xFE, 0xD8, 0xFE, 0xD8, 0xFE, 0x19, 0xFF, 0x68, 0x72, 0xAD, 0x9B, 0x78, 0xEE,
  0x57, 0xEE, 0x78, 0xF6, 0x77, 0xF6, 0x36, 0xF6, 0xD4, 0xF5, 0x72, 0xF5, 0x52, 0xF5, 0x52, 0xF5,
  0x52, 0xF5, 0xB0, 0xDC, 0x36, 0xEE, 0x19, 0xFF, 0xD8, 0xFE, 0xF9, 0xFE, 0xF9, 0xFE, 0xF9, 0xFE,
  0xD8, 0xF6, 0x3A, 0xFF, 0x0E, 0x9C, 0x04, 0x21, 0x24, 0x29, 0x24, 0x29, 0x85, 0x39, 0x85, 0x39,
  0x44, 0x29, 0x24, 0x21, 0x04, 0x21, 0x24, 0x29, 0x45, 0x29, 0xE3, 0x18, 0x04, 0x21, 0x24, 0x21,
  0x04, 0x21, 0x65, 0x31, 0x86, 0x39, 0x86, 0x39, 0x86, 0x39, 0xA6, 0x39, 0x28, 0x4A, 0x07, 0x4A,
  0x91, 0x9C, 0xBD, 0xFF, 0x37, 0xD6, 0x5B, 0xF7, 0x7B, 0xFF, 0x7B, 0xFF, 0x7B, 0xFF, 0x7B, 0xFF,
  0x7B, 0xFF, 0x7B, 0xFF, 0x7B, 0xFF, 0x7B, 0xFF, 0x7B, 0xFF, 0x7B, 0xFF, 0x7B, 0xFF, 0x7B, 0xFF,
  0x7B, 0xFF, 0x5B, 0xFF, 0x5B, 0xFF, 0x5B, 0xFF, 0x5B, 0xFF, 0x5B, 0xFF, 0x5B, 0xFF, 0x5B, 0xFF,
  0x5B, 0xFF, 0x5B, 0xFF, 0x5B, 0xFF, 0x5B, 0xFF, 0x5B, 0xFF, 0x7B, 0xFF, 0x7B, 0xFF, 0x5B, 0xFF,
  0x5B, 0xFF, 0x5B, 0xFF, 0x5B, 0xFF, 0x5B, 0xFF, 0x5B, 0xFF, 0x5B, 0xFF, 0x5B, 0xFF, 0x7B, 0xFF,
  0x7B, 0xFF, 0x7B, 0xFF, 0x7B, 0xFF, 0x7B, 0xFF, 0x7B, 0xFF, 0x5B, 0xFF, 0xBC, 0xFF, 0xD5, 0xCD,
  0x16, 0xD6, 0xBD, 0xFF, 0xCD, 0x8B, 0xA9, 0x6A, 0x27, 0x52, 0xC6, 0x41, 0xE7, 0x49, 0xA6, 0x41,
  0x85, 0x39, 0x45, 0x31, 0xE3, 0x20, 0x24, 0x21, 0x24, 0x29, 0xA6, 0x41, 0xC6, 0x41, 0x65, 0x31,
  0x65, 0x31, 0x24, 0x29, 0xE3, 0x20, 0x04, 0x21, 0xE3, 0x20, 0x04, 0x21, 0x04, 0x21, 0x03, 0x21,
  0x24, 0x29, 0x65, 0x31, 0x24, 0x29, 0x12, 0xC5, 0x3A, 0xFF, 0xB8, 0xF6, 0xD8, 0xFE, 0xF9, 0xFE,
  0xF9, 0xFE, 0xF9, 0xFE, 0xF9, 0xFE, 0xD8, 0xFE, 0x1A, 0xFF, 0xF1, 0xBC, 0xE9, 0x92, 0x6E, 0xDC,
  0xF0, 0xEC, 0x32, 0xF5, 0x52, 0xF5, 0x52, 0xF5, 0x52, 0xF5, 0x73, 0xF5, 0x72, 0xF5, 0x52, 0xED,
  0x73, 0xED, 0x77, 0xF6, 0xF9, 0xFE, 0xD8, 0xFE, 0xF9, 0xFE, 0xF9, 0xFE, 0xF9, 0xFE, 0xD8, 0xF6,
  0x5A, 0xFF, 0xF1, 0xBC, 0x44, 0x29, 0x65, 0x31, 0x04, 0x21, 0x44, 0x29, 0x85, 0x39, 0x85, 0x39,
  0x24, 0x29, 0x24, 0x21, 0x04, 0x21, 0x24, 0x29, 0x45, 0x29, 0xE3, 0x18, 0x04, 0x21, 0x24, 0x29,
  0x04, 0x21, 0x65, 0x31, 0x85, 0x31, 0x86, 0x39, 0x86, 0x39, 0x86, 0x39, 0xE7, 0x49, 0x69, 0x5A,
  0x8D, 0x7B, 0x9C, 0xFF, 0x98, 0xDE, 0xF9, 0xEE, 0x9C, 0xFF, 0x7B, 0xFF, 0x7B, 0xFF, 0x7B, 0xFF,
  0x7B, 0xFF, 0x7B, 0xFF, 0x7B, 0xFF, 0x7B, 0xFF, 0x7B, 0xFF, 0x7B, 0xFF, 0x7B, 0xFF, 0x7B, 0xFF,
  0x7B, 0xFF, 0x7B, 0xFF, 0x7B, 0xFF, 0x5B, 0xFF, 0x5B, 0xFF, 0x5B, 0xFF, 0x5B, 0xFF, 0x5B, 0xFF,
  0x5B, 0xFF, 0x5B, 0xFF, 0x5B, 0xFF, 0x5B, 0xFF, 0x5B, 0xFF, 0x7B, 0xFF, 0x5B, 0xFF, 0x5B, 0xFF,
  0x5B, 0xFF, 0x5B, 0xFF, 0x5B, 0xFF, 0x5B, 0xFF, 0x7B, 0xFF, 0x7B, 0xFF, 0x7B, 0xFF, 0x7B, 0xFF,
  0x7B, 0xFF, 0x7B, 0xFF, 0x7B, 0xFF, 0x7B, 0xFF, 0x7B, 0xFF, 0x5B, 0xFF, 0x9C, 0xFF, 0x53, 0xBD,
  0xB9, 0xE6, 0x5B, 0xF7, 0xAD, 0x8B, 0x89, 0x62, 0x07, 0x52, 0xC6, 0x41, 0xE7, 0x49, 0xA6, 0x39,
  0x65, 0x31, 0x24, 0x29, 0x04, 0x21, 0x04, 0x21, 0x24, 0x29, 0x86, 0x39, 0xE6, 0x49, 0x65, 0x31,
  0x45, 0x31, 0x44, 0x29, 0x03, 0x21, 0x03, 0x21, 0xE3, 0x18, 0x04, 0x21, 0x04, 0x21, 0x04, 0x21,
  0x24, 0x21, 0x44, 0x29, 0x44, 0x29, 0x65, 0x39, 0x93, 0xD5, 0x3A, 0xFF, 0xB8, 0xF6, 0xF9, 0xFE,
  0xF9, 0xFE, 0xF9, 0xFE, 0xF9, 0xFE, 0xF9, 0xFE, 0xD9, 0xFE, 0x3A, 0xFF, 0x15, 0xE6, 0xD0, 0xD4,
  0x11, 0xED, 0x52, 0xF5, 0x52, 0xF5, 0x72, 0xF5, 0x93, 0xF5, 0x93, 0xF5, 0xB4, 0xF5, 0x35, 0xF6,
  0xD8, 0xFE, 0xF9, 0xFE, 0xD8, 0xFE, 0xD8, 0xFE, 0xD8, 0xFE, 0xD8, 0xFE, 0xD8, 0xFE, 0x3A, 0xFF,
  0x94, 0xD5, 0x65, 0x39, 0x65, 0x29, 0x45, 0x29, 0x24, 0x21, 0x45, 0x31, 0x85, 0x39, 0x85, 0x39,
  0x24, 0x29, 0x24, 0x21, 0x04, 0x21, 0x45, 0x29, 0x45, 0x29, 0xC3, 0x18, 0xE3, 0x20, 0x24, 0x29,
  0x04, 0x21, 0x45, 0x31, 0x65, 0x31, 0x85, 0x31, 0x86, 0x39, 0x85, 0x39, 0xC6, 0x41, 0xAA, 0x62,
  0x2C, 0x73, 0xD9, 0xE6, 0x1A, 0xEF, 0x98, 0xE6, 0x9C, 0xFF, 0x7B, 0xFF, 0x7B, 0xFF, 0x7B, 0xFF,
  0x7B, 0xFF, 0x7B, 0xFF, 0x7B, 0xFF, 0x7B, 0xFF, 0x7B, 0xFF, 0x7B, 0xFF, 0x5B, 0xFF, 0x5B, 0xFF,
  0x7B, 0xFF, 0x7B, 0xFF, 0x7B, 0xFF, 0x5B, 0xFF, 0x5B, 0xFF, 0x5B, 0xFF, 0x5B, 0xFF, 0x5B, 0xFF,
  0x5B, 0xFF, 0x5B, 0xFF, 0x5B, 0xFF, 0x5B, 0xFF, 0x5B, 0xFF, 0x7B, 0xFF, 0x5B, 0xFF, 0x5B, 0xFF,
  0x5B, 0xFF, 0x5B, 0xFF, 0x5B, 0xFF, 0x5B, 0xFF, 0x5B, 0xFF, 0x7B, 0xFF, 0x7B, 0xFF, 0x7B, 0xFF,
  0x7B, 0xFF, 0x7B, 0xFF, 0x7B, 0xFF, 0x7B, 0xFF, 0x7B, 0xFF, 0x7B, 0xFF, 0x5B, 0xFF, 0x12, 0xB5,
  0x3B, 0xF7, 0xD9, 0xE6, 0x6C, 0x83, 0x89, 0x62, 0xE7, 0x49, 0xC6, 0x41, 0xE7, 0x49, 0x86, 0x39,
  0x65, 0x31, 0x24, 0x29, 0x04, 0x21, 0x04, 0x21, 0x24, 0x29, 0x85, 0x39, 0xE7, 0x49, 0x65, 0x31,
  0x65, 0x31, 0x44, 0x31, 0x04, 0x21, 0x03, 0x21, 0xE3, 0x18, 0x04, 0x21, 0x24, 0x21, 0x04, 0x21,
  0x24, 0x29, 0x24, 0x29, 0x65, 0x31, 0x24, 0x21, 0x65, 0x39, 0x52, 0xCD, 0x5A, 0xFF, 0xD8, 0xFE,
  0xD8, 0xFE, 0xF9, 0xFE, 0xF9, 0xFE, 0xF9, 0xFE, 0xF9, 0xFE, 0xD8, 0xFE, 0x19, 0xFF, 0xF9, 0xFE,
  0x56, 0xF6, 0x35, 0xF6, 0x15, 0xF6, 0x36, 0xF6, 0x56, 0xFE, 0x77, 0xFE, 0x97, 0xFE, 0xD8, 0xFE,
  0xD8, 0xFE, 0xD8, 0xFE, 0xD8, 0xFE, 0xD8, 0xFE, 0xD8, 0xFE, 0xD8, 0xF6, 0x19, 0xFF, 0x15, 0xEE,
  0xA9, 0x7A, 0x24, 0x29, 0x65, 0x31, 0x45, 0x29, 0x24, 0x21, 0x65, 0x31, 0xA6, 0x41, 0x65, 0x31,
  0x24, 0x29, 0x24, 0x21, 0x04, 0x21, 0x45, 0x29, 0x44, 0x29, 0xE3, 0x18, 0xE3, 0x20, 0x44, 0x29,
  0x24, 0x21, 0x45, 0x29, 0x65, 0x31, 0x86, 0x39, 0x86, 0x39, 0x85, 0x39, 0xA6, 0x39, 0xAA, 0x62,
  0x4C, 0x73, 0xB5, 0xC5, 0x7C, 0xFF, 0x77, 0xDE, 0x9C, 0xFF, 0x7B, 0xFF, 0x7B, 0xFF, 0x7B, 0xFF,
  0x7B, 0xFF, 0x7B, 0xFF, 0x7B, 0xFF, 0x7B, 0xFF, 0x7B, 0xFF, 0x7B, 0xFF, 0x7B, 0xFF, 0x7B, 0xFF,
  0x7B, 0xFF, 0x7B, 0xFF, 0x7B, 0xFF, 0x7B, 0xFF, 0x7B, 0xFF, 0x7B, 0xFF, 0x5B, 0xFF, 0x5B, 0xFF,
  0x5B, 0xFF, 0x5B, 0xFF, 0x5B, 0xFF, 0x5B, 0xFF, 0x5B, 0xFF, 0x5B, 0xFF, 0x5B, 0xFF, 0x5B, 0xFF,
  0x5B, 0xFF, 0x5B, 0xFF, 0x5B, 0xFF, 0x5B, 0xFF, 0x5B, 0xFF, 0x7B, 0xFF, 0x7B, 0xFF, 0x7B, 0xFF,
  0x7B, 0xFF, 0x7B, 0xFF, 0x7B, 0xFF, 0x7B, 0xFF, 0x7B, 0xFF, 0x9C, 0xFF, 0xB9, 0xE6, 0x33, 0xB5,
  0x7C, 0xFF, 0x57, 0xDE, 0x2B, 0x7B, 0x89, 0x62, 0xC6, 0x41, 0xA6, 0x41, 0xC6, 0x41, 0x85, 0x39,
  0x65, 0x31, 0x04, 0x21, 0x04, 0x21, 0x04, 0x21, 0x44, 0x29, 0x65, 0x31, 0xE7, 0x49, 0xA6, 0x39,
  0x65, 0x31, 0x45, 0x31, 0x24, 0x29, 0xE3, 0x20, 0xE3, 0x18, 0x04, 0x21, 0x24, 0x29, 0x04, 0x21,
  0x24, 0x29, 0x24, 0x29, 0x45, 0x29, 0x44, 0x29, 0x45, 0x29, 0x44, 0x31, 0x4F, 0xA4, 0x19, 0xFF,
  0x39, 0xFF, 0xD8, 0xFE, 0xD8, 0xFE, 0xD8, 0xFE, 0xD9, 0xFE, 0xF9, 0xFE, 0xD8, 0xFE, 0xD8, 0xFE,
  0xF9, 0xFE, 0xF9, 0xFE, 0xD8, 0xFE, 0xB8, 0xFE, 0xB8, 0xFE, 0xB8, 0xFE, 0xD8, 0xFE, 0xD8, 0xFE,
  0xD8, 0xFE, 0xD8, 0xFE, 0xD8, 0xFE, 0xD8, 0xFE, 0xD8, 0xFE, 0x19, 0xFF, 0xD5, 0xDD, 0x2E, 0xC4,
  0xC9, 0x7A, 0x24, 0x21, 0x65, 0x31, 0x45, 0x29, 0x24, 0x29, 0x65, 0x31, 0xC6, 0x41, 0x45, 0x31,
  0x04, 0x21, 0x24, 0x21, 0x24, 0x29, 0x45, 0x29, 0x44, 0x29, 0xE3, 0x18, 0xE3, 0x18, 0x45, 0x29,
  0x24, 0x29, 0x24, 0x29, 0x65, 0x31, 0x85, 0x39, 0x86, 0x39, 0x86, 0x39, 0xA6, 0x41, 0x69, 0x5A,
  0xCE, 0x83, 0xB1, 0xA4, 0xBC, 0xFF, 0x57, 0xDE, 0x5B, 0xFF, 0x7B, 0xFF, 0x7B, 0xFF, 0x7B, 0xFF,
  0x7B, 0xFF, 0x7B, 0xFF, 0x7B, 0xFF, 0x7B, 0xFF, 0x7B, 0xFF, 0x7B, 0xFF, 0x5B, 0xFF, 0x7B, 0xFF,
  0x7B, 0xFF, 0x7B, 0xFF, 0x7B, 0xFF, 0x7B, 0xFF, 0x7B, 0xFF, 0x7B, 0xFF, 0x5B, 0xFF, 0x5B, 0xFF,
  0x5B, 0xFF, 0x5B, 0xFF, 0x5B, 0xFF, 0x5B, 0xFF, 0x5B, 0xFF, 0x5B, 0xFF, 0x5B, 0xFF, 0x5B, 0xFF,
  0x5B, 0xFF, 0x5B, 0xFF, 0x5B, 0xFF, 0x5B, 0xFF, 0x5B, 0xFF, 0x7B, 0xFF, 0x7B, 0xFF, 0x7B, 0xFF,
  0x7B, 0xFF, 0x7B, 0xFF, 0x7B, 0xFF, 0x7B, 0xFF, 0x5B, 0xFF, 0xBC, 0xFF, 0x16, 0xD6, 0xD5, 0xCD,
  0x9C, 0xFF, 0xF6, 0xCD, 0xEA, 0x72, 0x89, 0x62, 0xC6, 0x41, 0xA6, 0x41, 0xC6, 0x41, 0x86, 0x39,
  0x45, 0x31, 0x04, 0x21, 0x04, 0x21, 0x04, 0x21, 0x45, 0x29, 0x45, 0x31, 0xE7, 0x49, 0xC6, 0x41,
  0x85, 0x39, 0x45, 0x31, 0x24, 0x29, 0xE3, 0x20, 0xE3, 0x18, 0x04, 0x21, 0x24, 0x29, 0x04, 0x21,
  0x44, 0x29, 0x24, 0x29, 0x45, 0x29, 0x24, 0x29, 0x45, 0x29, 0x45, 0x29, 0x24, 0x29, 0xA9, 0x6A,
  0x94, 0xD5, 0x39, 0xFF, 0x19, 0xFF, 0xD8, 0xFE, 0xD8, 0xFE, 0xD8, 0xFE, 0xD8, 0xFE, 0xD8, 0xFE,
  0xD8, 0xFE, 0xD8, 0xFE, 0xD8, 0xFE, 0xD8, 0xFE, 0xD8, 0xFE, 0xD8, 0xFE, 0xD8, 0xFE, 0xD8, 0xFE,
  0xD8, 0xFE, 0xD8, 0xFE, 0xD8, 0xFE, 0xD8, 0xFE, 0x19, 0xFF, 0xD4, 0xE5, 0x2E, 0xBC, 0xB0, 0xD4,
  0x68, 0x6A, 0x04, 0x21, 0x65, 0x31, 0x45, 0x29, 0x44, 0x29, 0x85, 0x39, 0xA6, 0x41, 0x24, 0x29,
  0x04, 0x21, 0x24, 0x21, 0x24, 0x29, 0x65, 0x31, 0x44, 0x29, 0xE3, 0x20, 0xE3, 0x18, 0x45, 0x29,
  0x44, 0x29, 0x24, 0x29, 0x65, 0x31, 0x65, 0x31, 0x86, 0x39, 0x85, 0x39, 0xA6, 0x39, 0xE7, 0x49,
  0x70, 0x94, 0x2F, 0x94, 0x5B, 0xF7, 0xB9, 0xE6, 0x1A, 0xF7, 0x9C, 0xFF, 0x7B, 0xFF, 0x7B, 0xFF,
  0x7B, 0xFF, 0x7B, 0xFF, 0x7B, 0xFF, 0x7B, 0xFF, 0x7B, 0xFF, 0x7B, 0xFF, 0x7B, 0xFF, 0x7B, 0xFF,
  0x7B, 0xFF, 0x7B, 0xFF, 0x7B, 0xFF, 0x7B, 0xFF, 0x7B, 0xFF, 0x5B, 0xFF, 0x5B, 0xFF, 0x5B, 0xFF,
  0x5B, 0xFF, 0x5B, 0xFF, 0x5B, 0xFF, 0x5B, 0xFF, 0x5B, 0xFF, 0x5B, 0xFF, 0x5B, 0xFF, 0x5B, 0xFF,
  0x5B, 0xFF, 0x5B, 0xFF, 0x5B, 0xFF, 0x7B, 0xFF, 0x7B, 0xFF, 0x7B, 0xFF, 0x7B, 0xFF, 0x7B, 0xFF,
  0x7B, 0xFF, 0x7B, 0xFF, 0x7B, 0xFF, 0x7B, 0xFF, 0x7B, 0xFF, 0x9C, 0xFF, 0xD5, 0xCD, 0x57, 0xDE,
  0x9C, 0xFF, 0x33, 0xBD, 0xC9, 0x6A, 0x89, 0x62, 0xE7, 0x41, 0xA6, 0x41, 0xC6, 0x41, 0x85, 0x39,
  0x24, 0x29, 0x04, 0x21, 0x04, 0x21, 0x04, 0x21, 0x45, 0x29, 0x45, 0x31, 0xC6, 0x41, 0xC6, 0x41,
  0x85, 0x39, 0x45, 0x31, 0x24, 0x29, 0x03, 0x21, 0xE3, 0x18, 0x04, 0x21, 0x24, 0x21, 0x04, 0x21,
  0x45, 0x29, 0x44, 0x29, 0x44, 0x29, 0x24, 0x21, 0x45, 0x29, 0x45, 0x29, 0x65, 0x31, 0x24, 0x29,
  0x45, 0x31, 0x6C, 0x83, 0xF5, 0xE5, 0xF9, 0xFE, 0xF9, 0xFE, 0xD8, 0xFE, 0xD8, 0xFE, 0xD8, 0xFE,
  0xD8, 0xFE, 0xD8, 0xFE, 0xD8, 0xFE, 0xD9, 0xFE, 0xD8, 0xFE, 0xD8, 0xFE, 0xD8, 0xFE, 0xD8, 0xFE,
  0xD8, 0xFE, 0xD8, 0xFE, 0xD8, 0xFE, 0x19, 0xFF, 0xD4, 0xDD, 0x4E, 0xC4, 0x8F, 0xCC, 0xD0, 0xD4,
  0x48, 0x5A, 0x24, 0x21, 0x65, 0x31, 0x45, 0x29, 0x45, 0x29, 0xA6, 0x39, 0xA6, 0x41, 0x24, 0x29,
  0x04, 0x21, 0x24, 0x21, 0x45, 0x29, 0x65, 0x31, 0x24, 0x29, 0xE4, 0x20, 0xE3, 0x18, 0x24, 0x29,
  0x45, 0x29, 0x24, 0x21, 0x65, 0x31, 0x65, 0x31, 0x86, 0x39, 0x86, 0x39, 0xC6, 0x41, 0xA6, 0x41,
  0x70, 0x94, 0x91, 0x9C, 0x98, 0xDE, 0x3A, 0xF7, 0xD9, 0xE6, 0x9C, 0xFF, 0x7B, 0xFF, 0x7B, 0xFF,
  0x7B, 0xFF, 0x7B, 0xFF, 0x7B, 0xFF, 0x7B, 0xFF, 0x7B, 0xFF, 0x7B, 0xFF, 0x7B, 0xFF, 0x5B, 0xFF,
  0x7B, 0xFF, 0x7B, 0xFF, 0x7B, 0xFF, 0x7B, 0xFF, 0x7B, 0xFF, 0x5B, 0xFF, 0x5B, 0xFF, 0x5B, 0xFF,
  0x5B, 0xFF, 0x5B, 0xFF, 0x5B, 0xFF, 0x5B, 0xFF, 0x5B, 0xFF, 0x5B, 0xFF, 0x5B, 0xFF, 0x5B, 0xFF,
  0x5B, 0xFF, 0x5B, 0xFF, 0x7B, 0xFF, 0x5B, 0xFF, 0x5B, 0xFF, 0x7B, 0xFF, 0x7B, 0xFF, 0x7B, 0xFF,
  0x7B, 0xFF, 0x7B, 0xFF, 0x7B, 0xFF, 0x7B, 0xFF, 0x9C, 0xFF, 0x3A, 0xF7, 0x16, 0xD6, 0xB8, 0xE6,
  0x7B, 0xFF, 0x90, 0xA4, 0xA9, 0x6A, 0x89, 0x62, 0xC6, 0x41, 0xC6, 0x41, 0xC6, 0x41, 0x65, 0x31,
  0x24, 0x29, 0x24, 0x21, 0x04, 0x21, 0x04, 0x21, 0x45, 0x29, 0x45, 0x31, 0x85, 0x39, 0xC6, 0x49,
  0xA6, 0x39, 0x65, 0x31, 0x04, 0x21, 0x24, 0x29, 0xE3, 0x18, 0x24, 0x21, 0x24, 0x21, 0x04, 0x21,
  0x44, 0x29, 0x45, 0x29, 0x44, 0x29, 0x24, 0x21, 0x45, 0x29, 0x24, 0x29, 0x45, 0x29, 0x65, 0x31,
  0x65, 0x31, 0x04, 0x21, 0xE6, 0x59, 0xF1, 0xD4, 0x36, 0xEE, 0xF9, 0xFE, 0xF9, 0xFE, 0xD8, 0xFE,
  0xD8, 0xFE, 0xD8, 0xFE, 0xD8, 0xFE, 0xD8, 0xFE, 0xF8, 0xFE, 0xD8, 0xFE, 0xD8, 0xFE, 0xD8, 0xFE,
  0xD8, 0xFE, 0xF9, 0xFE, 0x19, 0xFF, 0x73, 0xDD, 0x6E, 0xC4, 0xD0, 0xD4, 0xD0, 0xD4, 0xD0, 0xD4,
  0x07, 0x52, 0x24, 0x21, 0x65, 0x29, 0x65, 0x29, 0x45, 0x29, 0xC6, 0x41, 0x85, 0x39, 0x04, 0x21,
  0x04, 0x21, 0x24, 0x29, 0x45, 0x31, 0x65, 0x31, 0x24, 0x29, 0xE4, 0x20, 0xE3, 0x18, 0x24, 0x29,
  0x65, 0x31, 0x04, 0x21, 0x45, 0x31, 0x65, 0x31, 0x86, 0x39, 0xA6, 0x39, 0xA6, 0x39, 0xA6, 0x41,
  0xCE, 0x83, 0x54, 0xB5, 0x74, 0xBD, 0x9C, 0xFF, 0x98, 0xDE, 0x9C, 0xFF, 0x7B, 0xFF, 0x7B, 0xFF,
  0x7B, 0xFF, 0x7B, 0xFF, 0x7B, 0xFF, 0x7B, 0xFF, 0x7B, 0xFF, 0x7B, 0xFF, 0x7B, 0xFF, 0x5B, 0xFF,
  0x7B, 0xFF, 0x7B, 0xFF, 0x7B, 0xFF, 0x7B, 0xFF, 0x7B, 0xFF, 0x5B, 0xFF, 0x5B, 0xFF, 0x5B, 0xFF,
  0x5B, 0xFF, 0x5B, 0xFF, 0x5B, 0xFF, 0x5B, 0xFF, 0x5B, 0xFF, 0x5B, 0xFF, 0x5B, 0xFF, 0x5B, 0xFF,
  0x5B, 0xFF, 0x5B, 0xFF, 0x7B, 0xFF, 0x5B, 0xFF, 0x5B, 0xFF, 0x5B, 0xFF, 0x5B, 0xFF, 0x7B, 0xFF,
  0x7B, 0xFF, 0x7B, 0xFF, 0x7B, 0xFF, 0x7B, 0xFF, 0x9C, 0xFF, 0xD9, 0xE6, 0x78, 0xDE, 0xB9, 0xE6,
  0x7B, 0xFF, 0x0E, 0x94, 0xA9, 0x6A, 0x69, 0x62, 0xA6, 0x41, 0xC6, 0x41, 0xC6, 0x41, 0x65, 0x31,
  0x24, 0x29, 0x24, 0x21, 0x04, 0x21, 0x04, 0x21, 0x45, 0x31, 0x45, 0x31, 0x65, 0x31, 0xE7, 0x49,
  0xC6, 0x41, 0x65, 0x31, 0x03, 0x21, 0x04, 0x29, 0x04, 0x21, 0x24, 0x21, 0x24, 0x21, 0xE3, 0x20,
  0x24, 0x29, 0x45, 0x29, 0x44, 0x29, 0x04, 0x21, 0x24, 0x29, 0x24, 0x21, 0x45, 0x29, 0x45, 0x29,
  0x45, 0x29, 0x45, 0x29, 0xE7, 0x51, 0x6E, 0xCC, 0x4E, 0xC4, 0xF0, 0xCC, 0x15, 0xE6, 0xD8, 0xFE,
  0x19, 0xFF, 0xF9, 0xFE, 0xD8, 0xFE, 0xD8, 0xFE, 0xD8, 0xFE, 0xD8, 0xFE, 0xD8, 0xFE, 0xD8, 0xFE,
  0xF9, 0xFE, 0xD8, 0xFE, 0x52, 0xD5, 0x8F, 0xCC, 0xF0, 0xD4, 0xD0, 0xD4, 0x11, 0xDD, 0x11, 0xD5,
  0xE7, 0x49, 0x24, 0x21, 0x65, 0x29, 0x65, 0x31, 0x45, 0x29, 0xC6, 0x41, 0x65, 0x31, 0x04, 0x21,
  0x04, 0x21, 0x44, 0x29, 0x65, 0x31, 0x65, 0x31, 0x24, 0x29, 0xE4, 0x20, 0xE3, 0x18, 0x04, 0x21,
  0x65, 0x31, 0x04, 0x21, 0x45, 0x29, 0x65, 0x31, 0x85, 0x39, 0xA6, 0x39, 0xA6, 0x39, 0xC6, 0x41,
  0xEB, 0x6A, 0x78, 0xDE, 0xB1, 0xA4, 0x9C, 0xFF, 0x98, 0xDE, 0x9C, 0xFF, 0x7B, 0xFF, 0x7B, 0xFF,
  0x7B, 0xFF, 0x7B, 0xFF, 0x7B, 0xFF, 0x7B, 0xFF, 0x7B, 0xFF, 0x7B, 0xFF, 0x7B, 0xFF, 0x7B, 0xFF,
  0x5B, 0xFF, 0x7B, 0xFF, 0x7B, 0xFF, 0x7B, 0xFF, 0x7B, 0xFF, 0x7B, 0xFF, 0x5B, 0xFF, 0x5B, 0xFF,
  0x5B, 0xFF, 0x5B, 0xFF, 0x5B, 0xFF, 0x5B, 0xFF, 0x5B, 0xFF, 0x5B, 0xFF, 0x5B, 0xFF, 0x5B, 0xFF,
  0x5B, 0xFF, 0x5B, 0xFF, 0x5B, 0xFF, 0x5B, 0xFF, 0x5B, 0xFF, 0x5B, 0xFF, 0x7B, 0xFF, 0x7B, 0xFF,
  0x7B, 0xFF, 0x7B, 0xFF, 0x7B, 0xFF, 0x7B, 0xFF, 0x9C, 0xFF, 0x78, 0xDE, 0xD9, 0xE6, 0xB9, 0xE6,
  0xFA, 0xEE, 0x8C, 0x83, 0xA9, 0x6A, 0x48, 0x52, 0xA6, 0x41, 0xE7, 0x49, 0xA6, 0x39, 0x45, 0x31,
  0x24, 0x29, 0x24, 0x29, 0x04, 0x21, 0x04, 0x21, 0x45, 0x31, 0x45, 0x31, 0x65, 0x31, 0xE7, 0x49,
  0xE7, 0x49, 0x85, 0x39, 0x24, 0x29, 0x04, 0x21, 0x44, 0x29, 0x04, 0x21, 0x24, 0x29, 0xE3, 0x20,
  0x24, 0x29, 0x45, 0x29, 0x45, 0x29, 0x24, 0x21, 0x24, 0x29, 0x24, 0x21, 0x45, 0x29, 0x45, 0x29,
  0x45, 0x29, 0x45, 0x29, 0xC6, 0x49, 0xAF, 0xD4, 0xD0, 0xD4, 0x8F, 0xD4, 0x6F, 0xCC, 0xD0, 0xCC,
  0xD4, 0xDD, 0xB8, 0xF6, 0x19, 0xFF, 0x19, 0xFF, 0xF9, 0xFE, 0xD8, 0xFE, 0xF9, 0xFE, 0x19, 0xFF,
  0x77, 0xEE, 0xD0, 0xCC, 0x8F, 0xCC, 0xF0, 0xD4, 0xF0, 0xD4, 0x11, 0xD5, 0x32, 0xDD, 0xF1, 0xD4,
  0xC6, 0x41, 0x24, 0x21, 0x65, 0x29, 0x65, 0x31, 0x65, 0x31, 0xC6, 0x41, 0x24, 0x29, 0x04, 0x21,
  0x04, 0x21, 0x45, 0x29, 0x65, 0x31, 0x65, 0x31, 0x04, 0x21, 0xE4, 0x20, 0x04, 0x21, 0x04, 0x21,
  0x65, 0x31, 0x45, 0x29, 0x45, 0x29, 0x65, 0x31, 0x85, 0x31, 0xA6, 0x39, 0xA6, 0x39, 0xC7, 0x41,
  0x48, 0x52, 0xB9, 0xE6, 0x13, 0xAD, 0xD9, 0xE6, 0xB9, 0xE6, 0x7B, 0xFF, 0x7B, 0xFF, 0x7B, 0xFF,
  0x7B, 0xFF, 0x7B, 0xFF, 0x7B, 0xFF, 0x7B, 0xFF, 0x7B, 0xFF, 0x5B, 0xFF, 0x5B, 0xFF, 0x5B, 0xFF,
  0x5B, 0xFF, 0x7B, 0xFF, 0x7B, 0xFF, 0x7B, 0xFF, 0x7B, 0xFF, 0x7B, 0xFF, 0x5B, 0xFF, 0x5B, 0xFF,
  0x5B, 0xFF, 0x5B, 0xFF, 0x5B, 0xFF, 0x5B, 0xFF, 0x5B, 0xFF, 0x5B, 0xFF, 0x5B, 0xFF, 0x5B, 0xFF,
  0x5B, 0xFF, 0x5B, 0xFF, 0x5B, 0xFF, 0x5B, 0xFF, 0x5B, 0xFF, 0x5B, 0xFF, 0x5B, 0xFF, 0x7B, 0xFF,
  0x7B, 0xFF, 0x7B, 0xFF, 0x7B, 0xFF, 0x7B, 0xFF, 0x5B, 0xFF, 0x57, 0xDE, 0x1A, 0xF7, 0xB8, 0xE6,
  0x98, 0xE6, 0xEA, 0x72, 0xCA, 0x6A, 0x07, 0x4A, 0xC6, 0x41, 0x07, 0x4A, 0x85, 0x39, 0x44, 0x29,
  0x24, 0x29, 0x45, 0x29, 0x04, 0x21, 0xE3, 0x20, 0x45, 0x31, 0x45, 0x31, 0x44, 0x29, 0xE7, 0x49,
  0x07, 0x52, 0xA6, 0x41, 0x44, 0x29, 0x04, 0x21, 0x24, 0x29, 0x24, 0x21, 0x24, 0x21, 0xE3, 0x20,
  0x04, 0x21, 0x45, 0x29, 0x45, 0x31, 0x24, 0x29, 0x24, 0x29, 0x24, 0x21, 0x45, 0x29, 0x45, 0x29,
  0x45, 0x29, 0x45, 0x29, 0xA6, 0x41, 0xD0, 0xD4, 0x31, 0xDD, 0xF0, 0xDC, 0xD0, 0xD4, 0xAF, 0xD4,
  0x6F, 0xCC, 0xAF, 0xCC, 0x73, 0xD5, 0x36, 0xEE, 0xB8, 0xF6, 0xD8, 0xFE, 0xB7, 0xF6, 0xB3, 0xDD,
  0x6F, 0xC4, 0xAF, 0xD4, 0xF0, 0xD4, 0xF0, 0xD4, 0x11, 0xD5, 0x31, 0xDD, 0x52, 0xDD, 0xF1, 0xD4,
  0xC6, 0x41, 0x24, 0x21, 0x65, 0x31, 0x45, 0x29, 0x85, 0x39, 0xA6, 0x39, 0x04, 0x21, 0x04, 0x21,
  0x04, 0x21, 0x45, 0x31, 0x45, 0x31, 0x65, 0x31, 0x04, 0x21, 0x04, 0x21, 0x04, 0x21, 0xE3, 0x20,
  0x65, 0x31, 0x65, 0x31, 0x44, 0x29, 0x65, 0x31, 0x65, 0x31, 0xA6, 0x39, 0xA6, 0x39, 0xC7, 0x41,
  0xC7, 0x41, 0xF6, 0xCD, 0x16, 0xD6, 0x94, 0xBD, 0x1A, 0xEF, 0x3A, 0xF7, 0x9C, 0xFF, 0x7B, 0xFF,
  0x7B, 0xFF, 0x7B, 0xFF, 0x7B, 0xFF, 0x7B, 0xFF, 0x5B, 0xFF, 0x5B, 0xFF, 0x5B, 0xFF, 0x7B, 0xFF,
  0x7B, 0xFF, 0x7B, 0xFF, 0x7B, 0xFF, 0x7B, 0xFF, 0x7B, 0xFF, 0x7B, 0xFF, 0x5B, 0xFF, 0x5B, 0xFF,
  0x5B, 0xFF, 0x5B, 0xFF, 0x5B, 0xFF, 0x5B, 0xFF, 0x5B, 0xFF, 0x5B, 0xFF, 0x5B, 0xFF, 0x5B, 0xFF,
  0x5B, 0xFF, 0x5B, 0xFF, 0x5B, 0xFF, 0x5B, 0xFF, 0x5B, 0xFF, 0x5B, 0xFF, 0x5B, 0xFF, 0x5B, 0xFF,
  0x7B, 0xFF, 0x7B, 0xFF, 0x7B, 0xFF, 0x9C, 0xFF, 0x1A, 0xEF, 0x98, 0xE6, 0x3B, 0xF7, 0xD9, 0xE6,
  0xD5, 0xCD, 0xC9, 0x6A, 0xA9, 0x6A, 0xC6, 0x41, 0x27, 0x52, 0xC6, 0x41, 0x65, 0x31, 0x24, 0x29,
  0x44, 0x29, 0x45, 0x29, 0x04, 0x21, 0x04, 0x21, 0x45, 0x31, 0x45, 0x31, 0x44, 0x29, 0xA6, 0x41,
  0x07, 0x52, 0xE7, 0x49, 0x65, 0x31, 0x04, 0x21, 0x04, 0x21, 0x24, 0x29, 0x24, 0x29, 0xE3, 0x20,
  0x04, 0x21, 0x45, 0x31, 0x65, 0x31, 0x24, 0x29, 0x24, 0x29, 0x24, 0x29, 0x65, 0x29, 0x65, 0x29,
  0x45, 0x29, 0x65, 0x29, 0xA6, 0x41, 0xF0, 0xD4, 0x51, 0xDD, 0x31, 0xDD, 0xF1, 0xDC, 0xF0, 0xD4,
  0xD0, 0xD4, 0xD0, 0xD4, 0x8F, 0xCC, 0x6E, 0xCC, 0xAF, 0xCC, 0xAF, 0xCC, 0x8F, 0xCC, 0x8F, 0xCC,
  0xD0, 0xD4, 0xF0, 0xD4, 0xF1, 0xD4, 0x11, 0xDD, 0x31, 0xDD, 0x31, 0xDD, 0x52, 0xDD, 0x11, 0xD5,
  0xC6, 0x41, 0x45, 0x29, 0x65, 0x31, 0x45, 0x29, 0xA6, 0x39, 0x65, 0x31, 0x04, 0x21, 0x04, 0x21,
  0x24, 0x29, 0x65, 0x31, 0x45, 0x31, 0x65, 0x31, 0x24, 0x21, 0x24, 0x21, 0x04, 0x21, 0xE3, 0x18,
  0x45, 0x31, 0x85, 0x31, 0x44, 0x29, 0x65, 0x31, 0x65, 0x31, 0x86, 0x39, 0xA6, 0x39, 0xC6, 0x41,
  0xC6, 0x41, 0xD2, 0xA4, 0x5B, 0xF7, 0xF2, 0xAC, 0xD9, 0xE6, 0x1A, 0xEF, 0x9C, 0xFF, 0x7B, 0xFF,
  0x7B, 0xFF, 0x7B, 0xFF, 0x7B, 0xFF, 0x7B, 0xFF, 0x5B, 0xFF, 0x5B, 0xFF, 0x5B, 0xFF, 0x7B, 0xFF,
  0x7B, 0xFF, 0x5B, 0xFF, 0x7B, 0xFF, 0x7B, 0xFF, 0x7B, 0xFF, 0x7B, 0xFF, 0x7B, 0xFF, 0x7B, 0xFF,
  0x5B, 0xFF, 0x5B, 0xFF, 0x5B, 0xFF, 0x5B, 0xFF, 0x5B, 0xFF, 0x5B, 0xFF, 0x5B, 0xFF, 0x5B, 0xFF,
  0x5B, 0xFF, 0x5B, 0xFF, 0x5B, 0xFF, 0x5B, 0xFF, 0x5B, 0xFF, 0x5B, 0xFF, 0x5B, 0xFF, 0x5B, 0xFF,
  0x5B, 0xFF, 0x7B, 0xFF, 0x5B, 0xFF, 0x9C, 0xFF, 0xB8, 0xE6, 0x1A, 0xEF, 0x3A, 0xF7, 0xB9, 0xE6,
  0xF2, 0xB4, 0xA9, 0x6A, 0xA9, 0x62, 0xC6, 0x41, 0x48, 0x5A, 0x86, 0x39, 0x44, 0x29, 0x24, 0x29,
  0x44, 0x29, 0x24, 0x29, 0x04, 0x21, 0x04, 0x21, 0x65, 0x31, 0x65, 0x31, 0x45, 0x29, 0x85, 0x39,
  0xE7, 0x49, 0xE7, 0x49, 0x65, 0x39, 0x04, 0x21, 0x04, 0x21, 0x04, 0x21, 0x45, 0x29, 0xE3, 0x20,
  0x04, 0x21, 0x65, 0x31, 0x65, 0x31, 0x24, 0x29, 0x24, 0x21, 0x25, 0x29, 0x65, 0x31, 0x65, 0x31,
  0x65, 0x31, 0x45, 0x29, 0xE7, 0x51, 0x11, 0xDD, 0x31, 0xDD, 0x31, 0xDD, 0x31, 0xDD, 0x11, 0xDD,
  0xF0, 0xD4, 0xF0, 0xD4, 0xD0, 0xD4, 0xD0, 0xD4, 0xB0, 0xD4, 0xAF, 0xD4, 0xD0, 0xD4, 0xF0, 0xDC,
  0x11, 0xD5, 0x11, 0xDD, 0x31, 0xDD, 0x52, 0xDD, 0x31, 0xDD, 0x32, 0xDD, 0x52, 0xDD, 0x11, 0xD5,
  0xE7, 0x49, 0x45, 0x29, 0x65, 0x31, 0x65, 0x31, 0xA6, 0x41, 0x44, 0x29, 0x04, 0x21, 0x04, 0x21,
  0x24, 0x29, 0x65, 0x31, 0x45, 0x29, 0x65, 0x31, 0x24, 0x21, 0x24, 0x21, 0x04, 0x21, 0xE3, 0x18,
  0x45, 0x29, 0x86, 0x39, 0x45, 0x29, 0x45, 0x31, 0x65, 0x31, 0x85, 0x31, 0xA6, 0x39, 0xA6, 0x39,
  0xC7, 0x41, 0x6D, 0x7B, 0xDD, 0xFF, 0x74, 0xBD, 0xF6, 0xCD, 0x1A, 0xEF, 0x9C, 0xFF, 0x7B, 0xFF,
  0x7B, 0xFF, 0x7B, 0xFF, 0x7B, 0xFF, 0x7B, 0xFF, 0x7B, 0xFF, 0x5B, 0xFF, 0x5B, 0xFF, 0x5B, 0xFF,
  0x7B, 0xFF, 0x7B, 0xFF, 0x7B, 0xFF, 0x7B, 0xFF, 0x7B, 0xFF, 0x7B, 0xFF, 0x7B, 0xFF, 0x7B, 0xFF,
  0x5B, 0xFF, 0x5B, 0xFF, 0x5B, 0xFF, 0x5B, 0xFF, 0x5B, 0xFF, 0x5B, 0xFF, 0x5B, 0xFF, 0x5B, 0xFF,
  0x5B, 0xFF, 0x5B, 0xFF, 0x5B, 0xFF, 0x5B, 0xFF, 0x5B, 0xFF, 0x5B, 0xFF, 0x5B, 0xFF, 0x5B, 0xFF,
  0x5B, 0xFF, 0x7B, 0xFF, 0x7B, 0xFF, 0x9C, 0xFF, 0x77, 0xDE, 0x5B, 0xFF, 0x3A, 0xF7, 0x57, 0xD6,
  0x4F, 0x9C, 0x0A, 0x73, 0x48, 0x5A, 0x28, 0x52, 0x28, 0x52, 0x65, 0x31, 0x44, 0x29, 0x45, 0x29,
  0x44, 0x29, 0x04, 0x21, 0x04, 0x21, 0x04, 0x21, 0x65, 0x31, 0x65, 0x31, 0x44, 0x29, 0x45, 0x31,
  0xC6, 0x41, 0xE7, 0x49, 0xA6, 0x41, 0x04, 0x21, 0x04, 0x21, 0x04, 0x21, 0x45, 0x29, 0x04, 0x21,
  0x04, 0x21, 0x65, 0x31, 0x65, 0x31, 0x45, 0x29, 0x24, 0x21, 0x45, 0x29, 0x86, 0x31, 0x65, 0x31,
  0x45, 0x21, 0x86, 0x39, 0x4B, 0x9B, 0x15, 0xEE, 0x72, 0xE5, 0x31, 0xDD, 0x31, 0xDD, 0x11, 0xDD,
  0x11, 0xDD, 0xF0, 0xDC, 0xF0, 0xDC, 0xF0, 0xDC, 0xF0, 0xD4, 0xF1, 0xDC, 0x11, 0xDD, 0x11, 0xDD,
  0x11, 0xDD, 0x31, 0xDD, 0x52, 0xDD, 0x52, 0xDD, 0x52, 0xDD, 0x52, 0xDD, 0x32, 0xDD, 0x31, 0xDD,
  0x28, 0x52, 0x45, 0x29, 0x65, 0x31, 0x65, 0x31, 0xA6, 0x41, 0x04, 0x21, 0x04, 0x21, 0x04, 0x21,
  0x24, 0x29, 0x45, 0x31, 0x45, 0x29, 0x65, 0x31, 0x24, 0x21, 0x24, 0x21, 0x24, 0x21, 0xE4, 0x18,
  0x45, 0x29, 0x86, 0x39, 0x45, 0x29, 0x45, 0x31, 0x65, 0x31, 0x65, 0x31, 0xA6, 0x39, 0xA6, 0x39,
  0xE7, 0x41, 0xAA, 0x5A, 0x1A, 0xEF, 0xD9, 0xE6, 0x12, 0xAD, 0xD9, 0xE6, 0x9C, 0xFF, 0x7B, 0xFF,
  0x7B, 0xFF, 0x7B, 0xFF, 0x7B, 0xFF, 0x7B, 0xFF, 0x7B, 0xFF, 0x5B, 0xFF, 0x5B, 0xFF, 0x7B, 0xFF,
  0x5B, 0xFF, 0x5B, 0xFF, 0x7B, 0xFF, 0x7B, 0xFF, 0x7B, 0xFF, 0x7B, 0xFF, 0x7B, 0xFF, 0x7B, 0xFF,
  0x5B, 0xFF, 0x5B, 0xFF, 0x5B, 0xFF, 0x5B, 0xFF, 0x5B, 0xFF, 0x5B, 0xFF, 0x5B, 0xFF, 0x5B, 0xFF,
  0x5B, 0xFF, 0x5B, 0xFF, 0x5B, 0xFF, 0x5B, 0xFF, 0x5B, 0xFF, 0x5B, 0xFF, 0x5B, 0xFF, 0x5B, 0xFF,
  0x7B, 0xFF, 0x7B, 0xFF, 0x7B, 0xFF, 0x5B, 0xF7, 0x78, 0xDE, 0x9C, 0xFF, 0x3B, 0xF7, 0xD5, 0xC5,
  0x0E, 0x94, 0x4C, 0x7B, 0x07, 0x52, 0x68, 0x62, 0xE6, 0x49, 0x44, 0x29, 0x45, 0x31, 0x45, 0x29,
  0x44, 0x29, 0x04, 0x21, 0x04, 0x21, 0x24, 0x29, 0x65, 0x31, 0x45, 0x31, 0x24, 0x29, 0x24, 0x29,
  0xC6, 0x41, 0xC6, 0x41, 0xA6, 0x41, 0x24, 0x29, 0x04, 0x21, 0x04, 0x21, 0x24, 0x29, 0x04, 0x21,
  0x24, 0x29, 0x65, 0x31, 0x65, 0x31, 0x65, 0x31, 0x24, 0x29, 0x45, 0x29, 0x45, 0x29, 0x24, 0x29,
  0x48, 0x62, 0x2E, 0xBC, 0x8F, 0xCC, 0xB8, 0xFE, 0x56, 0xF6, 0x31, 0xDD, 0x31, 0xDD, 0x31, 0xDD,
  0x31, 0xDD, 0x31, 0xDD, 0x31, 0xDD, 0x11, 0xDD, 0x11, 0xDD, 0x31, 0xDD, 0x31, 0xDD, 0x31, 0xDD,
  0x52, 0xDD, 0x52, 0xDD, 0x52, 0xDD, 0x52, 0xDD, 0x52, 0xDD, 0x52, 0xDD, 0x32, 0xDD, 0x52, 0xDD,
  0xA9, 0x72, 0x45, 0x29, 0x86, 0x31, 0x85, 0x31, 0x86, 0x39, 0x04, 0x21, 0x04, 0x21, 0x04, 0x21,
  0x24, 0x29, 0x65, 0x31, 0x45, 0x29, 0x65, 0x31, 0x04, 0x21, 0x24, 0x21, 0x45, 0x29, 0x04, 0x21,
  0x24, 0x29, 0x85, 0x31, 0x65, 0x31, 0x44, 0x29, 0x65, 0x31, 0x65, 0x31, 0xA6, 0x39, 0xA6, 0x39,
  0xE7, 0x41, 0x07, 0x4A, 0xD5, 0xC5, 0xDD, 0xFF, 0x12, 0xB5, 0x16, 0xCE, 0xBC, 0xFF, 0x7B, 0xFF,
  0x7B, 0xFF, 0x7B, 0xFF, 0x7B, 0xFF, 0x7B, 0xFF, 0x7B, 0xFF, 0x7B, 0xFF, 0x7B, 0xFF, 0x7B, 0xFF,
  0x7B, 0xFF, 0x5B, 0xFF, 0x7B, 0xFF, 0x7B, 0xFF, 0x7B, 0xFF, 0x7B, 0xFF, 0x7B, 0xFF, 0x7B, 0xFF,
  0x5B, 0xFF, 0x5B, 0xFF, 0x5B, 0xFF, 0x5B, 0xFF, 0x5B, 0xFF, 0x5B, 0xFF, 0x5B, 0xFF, 0x5B, 0xFF,
  0x5B, 0xFF, 0x5B, 0xFF, 0x5B, 0xFF, 0x7B, 0xFF, 0x5B, 0xFF, 0x5B, 0xFF, 0x5B, 0xFF, 0x7B, 0xFF,
  0x7B, 0xFF, 0x5B, 0xFF, 0x9C, 0xFF, 0xF9, 0xEE, 0xD9, 0xEE, 0x9C, 0xFF, 0x5B, 0xF7, 0xD1, 0xAC,
  0x0E, 0x94, 0xEA, 0x6A, 0x48, 0x5A, 0x89, 0x62, 0x85, 0x39, 0x45, 0x31, 0x65, 0x31, 0x45, 0x31,
  0x24, 0x21, 0x24, 0x21, 0x24, 0x21, 0x44, 0x29, 0x65, 0x31, 0x45, 0x31, 0x24, 0x29, 0x24, 0x29,
  0x85, 0x39, 0xC6, 0x41, 0xA6, 0x41, 0x45, 0x31, 0x24, 0x29, 0x24, 0x21, 0x24, 0x29, 0x04, 0x21,
  0x24, 0x29, 0x65, 0x31, 0x65, 0x31, 0x45, 0x31, 0x24, 0x21, 0x86, 0x39, 0x89, 0x6A, 0xED, 0xAB,
  0x11, 0xDD, 0xD0, 0xD4, 0x52, 0xDD, 0xD8, 0xFE, 0xF9, 0xFE, 0x35, 0xF6, 0x31, 0xDD, 0x32, 0xDD,
  0x31, 0xDD, 0x31, 0xDD, 0x31, 0xDD, 0x31, 0xDD, 0x51, 0xDD, 0x52, 0xDD, 0x52, 0xDD, 0x52, 0xDD,
  0x52, 0xDD, 0x52, 0xDD, 0x72, 0xE5, 0x72, 0xDD, 0x72, 0xDD, 0x52, 0xDD, 0x52, 0xDD, 0x52, 0xDD,
  0x0E, 0xB4, 0x27, 0x52, 0x65, 0x29, 0xA6, 0x41, 0x65, 0x39, 0x04, 0x21, 0x24, 0x29, 0x04, 0x21,
  0x44, 0x29, 0x65, 0x31, 0x45, 0x31, 0x65, 0x31, 0x24, 0x21, 0x24, 0x21, 0x45, 0x29, 0x24, 0x21,
  0x24, 0x21, 0x65, 0x31, 0x85, 0x31, 0x45, 0x29, 0x65, 0x31, 0x65, 0x31, 0xA6, 0x39, 0xC6, 0x41,
  0xE7, 0x41, 0xE7, 0x49, 0x70, 0x9C, 0x9C, 0xFF, 0x78, 0xDE, 0x94, 0xBD, 0xBC, 0xFF, 0x5B, 0xFF,
  0x7B, 0xFF, 0x7B, 0xFF, 0x7B, 0xFF, 0x7B, 0xFF, 0x7B, 0xFF, 0x7B, 0xFF, 0x7B, 0xFF, 0x7B, 0xFF,
  0x7B, 0xFF, 0x7B, 0xFF, 0x7B, 0xFF, 0x7B, 0xFF, 0x7B, 0xFF, 0x7B, 0xFF, 0x7B, 0xFF, 0x7B, 0xFF,
  0x5B, 0xFF, 0x5B, 0xFF, 0x5B, 0xFF, 0x5B, 0xFF, 0x5B, 0xFF, 0x5B, 0xFF, 0x5B, 0xFF, 0x5B, 0xFF,
  0x5B, 0xFF, 0x5B, 0xFF, 0x5B, 0xFF, 0x5B, 0xFF, 0x5B, 0xFF, 0x5B, 0xFF, 0x5B, 0xFF, 0x7B, 0xFF,
  0x7B, 0xFF, 0x5B, 0xFF, 0x9C, 0xFF, 0x98, 0xE6, 0x1A, 0xF7, 0x7C, 0xFF, 0x5B, 0xF7, 0x4F, 0xA4,
  0x2F, 0x94, 0x89, 0x62, 0xEA, 0x72, 0x07, 0x52, 0x65, 0x31, 0x65, 0x31, 0x85, 0x39, 0x45, 0x31,
  0x24, 0x21, 0x45, 0x29, 0x24, 0x21, 0x45, 0x31, 0x65, 0x31, 0x45, 0x29, 0x24, 0x29, 0x24, 0x29,
  0x65, 0x31, 0xA6, 0x41, 0xA6, 0x39, 0x65, 0x31, 0x24, 0x29, 0x24, 0x29, 0x24, 0x29, 0xE3, 0x20,
  0x24, 0x29, 0x65, 0x31, 0x86, 0x39, 0x44, 0x31, 0xC9, 0x7A, 0x6F, 0xC4, 0x31, 0xDD, 0x72, 0xE5,
  0x32, 0xDD, 0x11, 0xD5, 0x56, 0xF6, 0xF8, 0xFE, 0xD8, 0xFE, 0xF9, 0xFE, 0x35, 0xF6, 0x31, 0xDD,
  0x52, 0xDD, 0x52, 0xDD, 0x32, 0xDD, 0x52, 0xDD, 0x52, 0xE5, 0x52, 0xDD, 0x52, 0xDD, 0x52, 0xDD,
  0x52, 0xDD, 0x72, 0xE5, 0x72, 0xE5, 0x72, 0xE5, 0x72, 0xDD, 0x52, 0xDD, 0x52, 0xDD, 0x52, 0xDD,
  0xAF, 0xCC, 0xAC, 0xA3, 0xE6, 0x49, 0xC6, 0x41, 0x45, 0x31, 0x24, 0x21, 0x24, 0x29, 0x24, 0x29,
  0x45, 0x29, 0x65, 0x31, 0x45, 0x31, 0x65, 0x31, 0x24, 0x21, 0x04, 0x21, 0x45, 0x29, 0x24, 0x21,
  0x24, 0x21, 0x45, 0x29, 0x86, 0x39, 0x45, 0x29, 0x65, 0x31, 0x65, 0x31, 0x85, 0x39, 0xA6, 0x39,
  0xA6, 0x39, 0xE7, 0x49, 0x2C, 0x73, 0x1A, 0xEF, 0x5B, 0xF7, 0xD2, 0xA4, 0x5B, 0xFF, 0x7B, 0xFF,
  0x7B, 0xFF, 0x7B, 0xFF, 0x7B, 0xFF, 0x7B, 0xFF, 0x7B, 0xFF, 0x7B, 0xFF, 0x7B, 0xFF, 0x7B, 0xFF,
  0x7B, 0xFF, 0x7B, 0xFF, 0x7B, 0xFF, 0x7B, 0xFF, 0x7B, 0xFF, 0x7B, 0xFF, 0x7B, 0xFF, 0x7B, 0xFF,
  0x5B, 0xFF, 0x5B, 0xFF, 0x5B, 0xFF, 0x5B, 0xFF, 0x5B, 0xFF, 0x5B, 0xFF, 0x5B, 0xFF, 0x5B, 0xFF,
  0x5B, 0xFF, 0x5B, 0xFF, 0x5B, 0xFF, 0x5B, 0xFF, 0x5B, 0xFF, 0x5B, 0xFF, 0x5B, 0xFF, 0x7B, 0xFF,
  0x7B, 0xFF, 0x7B, 0xFF, 0x7B, 0xFF, 0x78, 0xDE, 0x5B, 0xFF, 0x9C, 0xFF, 0xD9, 0xEE, 0xEE, 0x93,
  0x8D, 0x83, 0xA9, 0x6A, 0xA9, 0x6A, 0x85, 0x39, 0x65, 0x31, 0x85, 0x39, 0x85, 0x31, 0x24, 0x29,
  0x45, 0x29, 0x45, 0x29, 0x24, 0x29, 0x65, 0x31, 0x65, 0x31, 0x45, 0x29, 0x24, 0x29, 0x24, 0x29,
  0x65, 0x31, 0xA6, 0x39, 0x85, 0x39, 0x85, 0x39, 0x24, 0x29, 0x24, 0x29, 0x24, 0x29, 0xC6, 0x49,
  0xA6, 0x41, 0x44, 0x29, 0xA6, 0x39, 0x65, 0x39, 0xCC, 0xA3, 0x52, 0xE5, 0x31, 0xDD, 0x52, 0xDD,
  0xB3, 0xED, 0xF5, 0xED, 0xB8, 0xFE, 0xD8, 0xFE, 0xD8, 0xFE, 0xD8, 0xFE, 0xF8, 0xFE, 0x35, 0xF6,
  0x52, 0xE5, 0x52, 0xDD, 0x52, 0xDD, 0x52, 0xDD, 0x52, 0xDD, 0x52, 0xDD, 0x52, 0xDD, 0x72, 0xE5,
  0x72, 0xE5, 0x72, 0xE5, 0x72, 0xE5, 0x72, 0xE5, 0x72, 0xE5, 0x72, 0xDD, 0x73, 0xDD, 0x52, 0xDD,
  0xF0, 0xD4, 0x6C, 0x93, 0x6B, 0x93, 0xE7, 0x49, 0x24, 0x29, 0x04, 0x21, 0x44, 0x29, 0x24, 0x29,
  0x45, 0x31, 0x65, 0x31, 0x45, 0x31, 0x65, 0x31, 0x04, 0x21, 0x04, 0x21, 0x45, 0x29, 0x45, 0x29,
  0x24, 0x21, 0x24, 0x29, 0x86, 0x31, 0x86, 0x39, 0x45, 0x29, 0x85, 0x31, 0x86, 0x39, 0xC6, 0x41,
  0xA6, 0x39, 0x07, 0x4A, 0x69, 0x5A, 0x17, 0xCE, 0x5B, 0xF7, 0x53, 0xB5, 0x57, 0xD6, 0xBC, 0xFF,
  0x7B, 0xFF, 0x7B, 0xFF, 0x7B, 0xFF, 0x7B, 0xFF, 0x7B, 0xFF, 0x7B, 0xFF, 0x7B, 0xFF, 0x7B, 0xFF,
  0x7B, 0xFF, 0x7B, 0xFF, 0x7B, 0xFF, 0x7B, 0xFF, 0x7B, 0xFF, 0x7B, 0xFF, 0x7B, 0xFF, 0x7B, 0xFF,
  0x5B, 0xFF, 0x5B, 0xFF, 0x5B, 0xFF, 0x5B, 0xFF, 0x5B, 0xFF, 0x5B, 0xFF, 0x5B, 0xFF, 0x5B, 0xFF,
  0x5B, 0xFF, 0x5B, 0xFF, 0x5B, 0xFF, 0x5B, 0xFF, 0x5B, 0xFF, 0x5B, 0xFF, 0x5B, 0xFF, 0x5B, 0xFF,
  0x7B, 0xFF, 0x7B, 0xFF, 0x3A, 0xF7, 0x78, 0xDE, 0x7B, 0xFF, 0x7C, 0xFF, 0xD5, 0xCD, 0x2B, 0x7B,
  0x2B, 0x7B, 0x0A, 0x7B, 0xE7, 0x49, 0x85, 0x39, 0x85, 0x39, 0xA6, 0x39, 0x44, 0x29, 0x24, 0x29,
  0x65, 0x31, 0x45, 0x29, 0x45, 0x29, 0xA6, 0x39, 0x44, 0x29, 0x04, 0x21, 0x04, 0x21, 0x04, 0x21,
  0x45, 0x31, 0x65, 0x31, 0x85, 0x39, 0x85, 0x39, 0x44, 0x29, 0x24, 0x29, 0x45, 0x31, 0x8C, 0xA3,
  0x27, 0x5A, 0x24, 0x29, 0xA6, 0x39, 0xA6, 0x41, 0x6B, 0x93, 0x51, 0xE5, 0x72, 0xE5, 0x36, 0xF6,
  0x76, 0xF6, 0x97, 0xF6, 0xD8, 0xFE, 0xD8, 0xFE, 0xD8, 0xFE, 0xD8, 0xFE, 0xD8, 0xFE, 0xD8, 0xFE,
  0x35, 0xF6, 0x52, 0xE5, 0x52, 0xE5, 0x52, 0xE5, 0x72, 0xE5, 0x72, 0xE5, 0x52, 0xE5, 0x52, 0xE5,
  0x72, 0xE5, 0x72, 0xE5, 0x72, 0xDD, 0x72, 0xE5, 0x72, 0xDD, 0x73, 0xDD, 0x73, 0xDD, 0x72, 0xDD,
  0x31, 0xD5, 0xAC, 0x9B, 0x4B, 0x8B, 0x85, 0x39, 0x0A, 0x83, 0x07, 0x52, 0x24, 0x29, 0x45, 0x29,
  0x45, 0x31, 0x45, 0x31, 0x45, 0x29, 0x65, 0x31, 0x24, 0x21, 0x04, 0x21, 0x45, 0x29, 0x45, 0x29,
  0x24, 0x21, 0x24, 0x29, 0x45, 0x29, 0xC6, 0x39, 0x65, 0x31, 0x65, 0x31, 0x86, 0x39, 0xA6, 0x39,
  0xE7, 0x41, 0x28, 0x52, 0x28, 0x52, 0xB1, 0xA4, 0x1A, 0xEF, 0x98, 0xDE, 0x94, 0xBD, 0x7B, 0xFF,
  0x7B, 0xFF, 0x7B, 0xFF, 0x7B, 0xFF, 0x7B, 0xFF, 0x7B, 0xFF, 0x7B, 0xFF, 0x7B, 0xFF, 0x7B, 0xFF,
  0x7B, 0xFF, 0x7B, 0xFF, 0x7B, 0xFF, 0x7B, 0xFF, 0x7B, 0xFF, 0x7B, 0xFF, 0x7B, 0xFF, 0x7B, 0xFF,
  0x5B, 0xFF, 0x5B, 0xFF, 0x5B, 0xFF, 0x5B, 0xFF, 0x5B, 0xFF, 0x5B, 0xFF, 0x5B, 0xFF, 0x5B, 0xFF,
  0x5B, 0xFF, 0x5B, 0xFF, 0x5B, 0xFF, 0x7B, 0xFF, 0x5B, 0xFF, 0x5B, 0xFF, 0x5B, 0xFF, 0x7B, 0xFF,
  0x5B, 0xFF, 0x9C, 0xFF, 0xF9, 0xEE, 0xB9, 0xE6, 0x9C, 0xFF, 0x3A, 0xF7, 0xF2, 0xB4, 0xEE, 0x8B,
  0x4B, 0x83, 0x68, 0x5A, 0xA6, 0x41, 0xA6, 0x39, 0xC6, 0x41, 0x65, 0x31, 0x24, 0x29, 0x65, 0x29,
  0x65, 0x29, 0x65, 0x29, 0xA6, 0x39, 0x65, 0x31, 0x85, 0x31, 0x07, 0x4A, 0xCB, 0x62, 0x08, 0x4A,
  0x24, 0x29, 0x45, 0x31, 0x86, 0x39, 0x85, 0x39, 0x65, 0x31, 0x24, 0x29, 0xA6, 0x41, 0xED, 0xB3,
  0x07, 0x52, 0x24, 0x29, 0x85, 0x39, 0x07, 0x52, 0x6B, 0x93, 0x72, 0xE5, 0x56, 0xF6, 0x97, 0xF6,
  0x97, 0xF6, 0xB7, 0xFE, 0xD8, 0xFE, 0xD8, 0xFE, 0xD8, 0xFE, 0xD8, 0xFE, 0xD8, 0xFE, 0xB8, 0xFE,
  0xD8, 0xFE, 0x35, 0xF6, 0x72, 0xE5, 0x72, 0xE5, 0x72, 0xE5, 0x72, 0xE5, 0x72, 0xE5, 0x72, 0xE5,
  0x93, 0xE5, 0x93, 0xE5, 0x93, 0xE5, 0x73, 0xE5, 0x72, 0xDD, 0x93, 0xE5, 0x93, 0xDD, 0x93, 0xDD,
  0x32, 0xD5, 0xCD, 0x9B, 0xEA, 0x7A, 0xA5, 0x39, 0x4E, 0xBC, 0x89, 0x6A, 0x24, 0x29, 0x65, 0x31,
  0x65, 0x31, 0x45, 0x29, 0x45, 0x29, 0x65, 0x31, 0x24, 0x29, 0x24, 0x21, 0x45, 0x29, 0x66, 0x31,
  0x25, 0x29, 0x24, 0x29, 0x24, 0x29, 0x86, 0x39, 0x86, 0x39, 0x45, 0x29, 0x65, 0x31, 0x86, 0x31,
  0xC7, 0x41, 0x89, 0x5A, 0x28, 0x4A, 0x6C, 0x7B, 0x57, 0xD6, 0x5B, 0xF7, 0xF6, 0xCD, 0x78, 0xDE,
  0x9C, 0xFF, 0x5B, 0xFF, 0x7B, 0xFF, 0x7B, 0xFF, 0x7B, 0xFF, 0x7B, 0xFF, 0x7B, 0xFF, 0x7B, 0xFF,
  0x7B, 0xFF, 0x7B, 0xFF, 0x7B, 0xFF, 0x7B, 0xFF, 0x7B, 0xFF, 0x7B, 0xFF, 0x7B, 0xFF, 0x7C, 0xFF,
  0x5B, 0xFF, 0x5B, 0xFF, 0x5B, 0xFF, 0x5B, 0xFF, 0x5B, 0xFF, 0x5B, 0xFF, 0x5B, 0xFF, 0x5B, 0xFF,
  0x5B, 0xFF, 0x5B, 0xFF, 0x5B, 0xFF, 0x5B, 0xFF, 0x5B, 0xFF, 0x5B, 0xFF, 0x5B, 0xFF, 0x7B, 0xFF,
  0x5B, 0xFF, 0x9C, 0xFF, 0x98, 0xE6, 0xF9, 0xEE, 0xBC, 0xFF, 0x77, 0xDE, 0xB1, 0xA4, 0x4F, 0x9C,
  0x89, 0x62, 0xA6, 0x39, 0x65, 0x31, 0x85, 0x39, 0x85, 0x39, 0x65, 0x31, 0xA6, 0x39, 0x28, 0x52,
  0x89, 0x62, 0xA6, 0x41, 0x28, 0x4A, 0xA6, 0x39, 0xC7, 0x41, 0xAE, 0x83, 0xF3, 0xB4, 0xEB, 0x6A,
  0x24, 0x29, 0x44, 0x29, 0x86, 0x39, 0x86, 0x39, 0x65, 0x39, 0x24, 0x29, 0x27, 0x5A, 0xED, 0xB3,
  0x07, 0x52, 0x44, 0x29, 0x85, 0x39, 0x68, 0x62, 0x8C, 0x93, 0x93, 0xE5, 0x97, 0xFE, 0x97, 0xF6,
  0xB7, 0xF6, 0xB8, 0xFE, 0xD8, 0xFE, 0xD8, 0xFE, 0xD8, 0xFE, 0xD8, 0xFE, 0xD8, 0xFE, 0xD8, 0xFE,
  0xB8, 0xFE, 0xD8, 0xFE, 0x55, 0xF6, 0x72, 0xE5, 0x73, 0xE5, 0x73, 0xE5, 0x93, 0xE5, 0x93, 0xE5,
  0x93, 0xE5, 0x93, 0xE5, 0x93, 0xE5, 0x93, 0xE5, 0x93, 0xE5, 0x93, 0xE5, 0x93, 0xE5, 0xB3, 0xE5,
  0x11, 0xCD, 0x8C, 0x9B, 0x89, 0x6A, 0x68, 0x62, 0x8F, 0xC4, 0x48, 0x62, 0x45, 0x31, 0x65, 0x39,
  0x65, 0x39, 0x45, 0x31, 0x44, 0x29, 0x65, 0x31, 0x04, 0x21, 0x04, 0x21, 0x04, 0x21, 0x45, 0x29,
  0x65, 0x29, 0x45, 0x29, 0x45, 0x29, 0x65, 0x31, 0xA6, 0x39, 0x65, 0x31, 0x65, 0x31, 0x86, 0x39,
  0xA6, 0x39, 0xAA, 0x5A, 0x69, 0x5A, 0x89, 0x5A, 0x54, 0xB5, 0x7C, 0xFF, 0xB8, 0xE6, 0x74, 0xBD,
  0x9C, 0xFF, 0x5B, 0xFF, 0x7B, 0xFF, 0x7B, 0xFF, 0x7B, 0xFF, 0x7B, 0xFF, 0x7B, 0xFF, 0x7B, 0xFF,
  0x7B, 0xFF, 0x7B, 0xFF, 0x7B, 0xFF, 0x7B, 0xFF, 0x7B, 0xFF, 0x7B, 0xFF, 0x7B, 0xFF, 0x7C, 0xFF,
  0x5B, 0xFF, 0x5B, 0xFF, 0x5B, 0xFF, 0x5B, 0xFF, 0x5B, 0xFF, 0x5B, 0xFF, 0x5B, 0xFF, 0x5B, 0xFF,
  0x5B, 0xFF, 0x5B, 0xFF, 0x5B, 0xFF, 0x7B, 0xFF, 0x5B, 0xFF, 0x5B, 0xFF, 0x5B, 0xFF, 0x7B, 0xFF,
  0x7B, 0xFF, 0x9C, 0xFF, 0x77, 0xDE, 0x1A, 0xF7, 0x9C, 0xFF, 0xB5, 0xC5, 0xCD, 0x93, 0xCA, 0x72,
  0x28, 0x52, 0xEA, 0x6A, 0xCE, 0x8B, 0x70, 0x9C, 0xCE, 0x8B, 0x4C, 0x7B, 0x6C, 0x7B, 0xA9, 0x62,
  0x89, 0x5A, 0x2B, 0x73, 0xAE, 0x83, 0x2C, 0x73, 0x86, 0x39, 0xCA, 0x62, 0x50, 0x9C, 0xEB, 0x6A,
  0x24, 0x29, 0x44, 0x29, 0x65, 0x31, 0xA6, 0x39, 0x86, 0x39, 0x44, 0x31, 0x89, 0x62, 0xED, 0xB3,
  0xE7, 0x49, 0x44, 0x29, 0x85, 0x39, 0xA9, 0x72, 0x8C, 0x9B, 0x52, 0xDD, 0xB7, 0xFE, 0xB7, 0xF6,
  0xB8, 0xFE, 0xD8, 0xFE, 0xD8, 0xFE, 0xD8, 0xFE, 0xD8, 0xFE, 0xD8, 0xFE, 0xD8, 0xFE, 0xB8, 0xFE,
  0xB8, 0xFE, 0xB8, 0xFE, 0xD8, 0xFE, 0x76, 0xF6, 0xB3, 0xE5, 0x93, 0xE5, 0x93, 0xE5, 0x93, 0xE5,
  0xB3, 0xE5, 0x93, 0xE5, 0x93, 0xE5, 0x93, 0xE5, 0x93, 0xE5, 0x93, 0xE5, 0x93, 0xE5, 0xB3, 0xE5,
  0x90, 0xBC, 0xAC, 0x9B, 0x28, 0x5A, 0x4B, 0x8B, 0x8F, 0xC4, 0x27, 0x5A, 0x45, 0x31, 0x65, 0x31,
  0x85, 0x39, 0x65, 0x31, 0x44, 0x29, 0xE7, 0x49, 0x28, 0x52, 0xA6, 0x39, 0xEB, 0x62, 0x28, 0x4A,
  0x25, 0x29, 0x24, 0x21, 0x45, 0x29, 0x65, 0x29, 0xA6, 0x39, 0xC7, 0x41, 0x65, 0x31, 0xA6, 0x39,
  0xA6, 0x39, 0x48, 0x52, 0x2C, 0x6B, 0x28, 0x52, 0xEE, 0x8B, 0x3A, 0xF7, 0x7C, 0xFF, 0x13, 0xAD,
  0xFA, 0xEE, 0x7B, 0xFF, 0x5B, 0xFF, 0x7B, 0xFF, 0x7B, 0xFF, 0x7B, 0xFF, 0x7B, 0xFF, 0x7B, 0xFF,
  0x7B, 0xFF, 0x7B, 0xFF, 0x7B, 0xFF, 0x7B, 0xFF, 0x7B, 0xFF, 0x7B, 0xFF, 0x7B, 0xFF, 0x7B, 0xFF,
  0x5B, 0xFF, 0x5B, 0xFF, 0x5B, 0xFF, 0x5B, 0xFF, 0x5B, 0xFF, 0x5B, 0xFF, 0x5B, 0xFF, 0x5B, 0xFF,
  0x5B, 0xFF, 0x5B, 0xFF, 0x5B, 0xFF, 0x7B, 0xFF, 0x7B, 0xFF, 0x7B, 0xFF, 0x7B, 0xFF, 0x7B, 0xFF,
  0x7B, 0xFF, 0x7B, 0xFF, 0x57, 0xDE, 0x7B, 0xFF, 0xD9, 0xEE, 0x2F, 0x9C, 0x4F, 0x9C, 0x74, 0xBD,
  0xD9, 0xE6, 0x7C, 0xFF, 0xBD, 0xFF, 0x9C, 0xFF, 0x7C, 0xFF, 0xFA, 0xEE, 0xF6, 0xD5, 0x74, 0xBD,
  0x74, 0xC5, 0x37, 0xDE, 0x13, 0xB5, 0x91, 0xA4, 0x48, 0x52, 0xCA, 0x62, 0x0F, 0x94, 0x69, 0x52,
  0x45, 0x31, 0x24, 0x29, 0x24, 0x29, 0xA6, 0x41, 0xA6, 0x39, 0x24, 0x29, 0x2C, 0x73, 0x0E, 0xB4,
  0xA6, 0x41, 0x44, 0x29, 0x85, 0x39, 0xEA, 0x7A, 0xCC, 0xA3, 0x31, 0xD5, 0xB8, 0xFE, 0xB8, 0xFE,
  0xB8, 0xFE, 0xD8, 0xFE, 0xD8, 0xFE, 0xD8, 0xFE, 0xD8, 0xFE, 0xD8, 0xFE, 0xD8, 0xFE, 0xB8, 0xFE,
  0xB8, 0xFE, 0xB8, 0xFE, 0xB8, 0xFE, 0xD8, 0xFE, 0x97, 0xFE, 0xD4, 0xED, 0x93, 0xE5, 0xB3, 0xE5,
  0xB4, 0xE5, 0xB3, 0xE5, 0xB3, 0xE5, 0xB4, 0xE5, 0xD4, 0xE5, 0xB4, 0xE5, 0x93, 0xE5, 0xB4, 0xED,
  0x4F, 0xAC, 0x8C, 0x93, 0x07, 0x52, 0x0E, 0xB4, 0x6F, 0xC4, 0x07, 0x52, 0x45, 0x31, 0x85, 0x39,
  0x85, 0x39, 0x45, 0x31, 0x24, 0x29, 0x48, 0x5A, 0x8F, 0xC4, 0x4F, 0xB4, 0x8D, 0x8B, 0x95, 0xC5,
  0x50, 0x94, 0xEB, 0x6A, 0x07, 0x42, 0x45, 0x29, 0x24, 0x29, 0x86, 0x39, 0xA6, 0x39, 0x85, 0x31,
  0xE7, 0x41, 0xE7, 0x41, 0xCE, 0x83, 0x69, 0x52, 0xCA, 0x62, 0x98, 0xDE, 0xDD, 0xFF, 0x74, 0xBD,
  0xF6, 0xCD, 0x9C, 0xFF, 0x7B, 0xFF, 0x7B, 0xFF, 0x7B, 0xFF, 0x7B, 0xFF, 0x7B, 0xFF, 0x7B, 0xFF,
  0x7B, 0xFF, 0x7B, 0xFF, 0x7B, 0xFF, 0x7B, 0xFF, 0x7B, 0xFF, 0x7B, 0xFF, 0x7B, 0xFF, 0x7B, 0xFF,
  0x5B, 0xFF, 0x5B, 0xFF, 0x5B, 0xFF, 0x5B, 0xFF, 0x5B, 0xFF, 0x5B, 0xFF, 0x5B, 0xFF, 0x5B, 0xFF,
  0x5B, 0xFF, 0x5B, 0xFF, 0x5B, 0xFF, 0x5B, 0xFF, 0x5B, 0xFF, 0x5B, 0xFF, 0x7B, 0xFF, 0x7B, 0xFF,
  0x7B, 0xFF, 0x5B, 0xFF, 0x37, 0xDE, 0x7B, 0xFF, 0xF6, 0xCD, 0x16, 0xCE, 0xDD, 0xFF, 0xFE, 0xFF,
  0xDD, 0xFF, 0xBD, 0xFF, 0x9D, 0xFF, 0x7C, 0xFF, 0x5C, 0xF7, 0x3B, 0xF7, 0x5B, 0xFF, 0xFA, 0xF6,
  0x98, 0xE6, 0x57, 0xDE, 0xF6, 0xCD, 0x33, 0xBD, 0x70, 0x9C, 0xC6, 0x41, 0x70, 0x9C, 0x0B, 0x6B,
  0x45, 0x31, 0x44, 0x29, 0x24, 0x29, 0x85, 0x39, 0xA6, 0x39, 0x44, 0x31, 0xAE, 0x83, 0x2F, 0xA4,
  0x65, 0x39, 0x45, 0x31, 0x85, 0x39, 0x2A, 0x83, 0x0D, 0xAC, 0x11, 0xCD, 0xB8, 0xFE, 0xB8, 0xFE,
  0xD8, 0xFE, 0xD8, 0xFE, 0xD8, 0xFE, 0xD8, 0xFE, 0xD8, 0xFE, 0xD8, 0xFE, 0xB8, 0xFE, 0xB8, 0xFE,
  0xB8, 0xFE, 0xD8, 0xFE, 0xD8, 0xFE, 0xB8, 0xFE, 0xD8, 0xFE, 0xB7, 0xFE, 0x15, 0xEE, 0xB4, 0xED,
  0xD4, 0xE5, 0xB4, 0xE5, 0xB4, 0xE5, 0xD4, 0xE5, 0xD4, 0xE5, 0xD4, 0xE5, 0xB3, 0xE5, 0xB4, 0xE5,
  0x2E, 0xAC, 0x2A, 0x83, 0x27, 0x52, 0xF0, 0xD4, 0x4F, 0xBC, 0xC6, 0x49, 0x65, 0x31, 0x85, 0x39,
  0x65, 0x31, 0x45, 0x31, 0x24, 0x21, 0x27, 0x5A, 0xB0, 0xC4, 0xF0, 0xD4, 0x70, 0xAC, 0xF6, 0xCD,
  0x37, 0xD6, 0xD6, 0xCD, 0x34, 0xB5, 0xB2, 0xA4, 0xAE, 0x83, 0xCA, 0x62, 0x48, 0x52, 0xA6, 0x39,
  0x65, 0x31, 0xA6, 0x39, 0xCA, 0x62, 0xAE, 0x7B, 0x48, 0x52, 0x33, 0xAD, 0x9C, 0xFF, 0x37, 0xD6,
  0x33, 0xB5, 0x7B, 0xFF, 0x7B, 0xFF, 0x7B, 0xFF, 0x7B, 0xFF, 0x7B, 0xFF, 0x7B, 0xFF, 0x7B, 0xFF,
  0x7B, 0xFF, 0x7B, 0xFF, 0x7B, 0xFF, 0x7B, 0xFF, 0x7B, 0xFF, 0x7B, 0xFF, 0x7B, 0xFF, 0x7B, 0xFF,
  0x5B, 0xFF, 0x5B, 0xFF, 0x5B, 0xFF, 0x5B, 0xFF, 0x5B, 0xFF, 0x5B, 0xFF, 0x5A, 0xFF, 0x5B, 0xFF,
  0x5B, 0xFF, 0x5B, 0xFF, 0x5B, 0xFF, 0x5B, 0xFF, 0x5B, 0xFF, 0x5B, 0xFF, 0x7B, 0xFF, 0x7B, 0xFF,
  0x7B, 0xFF, 0x5B, 0xFF, 0xF6, 0xCD, 0x98, 0xE6, 0x5B, 0xF7, 0xFE, 0xFF, 0xBD, 0xFF, 0x9D, 0xFF,
  0x9C, 0xFF, 0x7C, 0xFF, 0x5C, 0xFF, 0x7C, 0xFF, 0x5C, 0xFF, 0x3B, 0xF7, 0x1A, 0xF7, 0x1B, 0xF7,
  0x5B, 0xF7, 0x1B, 0xF7, 0x58, 0xDE, 0x74, 0xBD, 0xF6, 0xD5, 0xEB, 0x6A, 0xAA, 0x62, 0xAA, 0x62,
  0x65, 0x31, 0x45, 0x31, 0x24, 0x29, 0x44, 0x29, 0xA6, 0x41, 0x44, 0x31, 0x6D, 0x7B, 0x50, 0x9C,
  0x85, 0x39, 0x45, 0x31, 0x85, 0x39, 0x2B, 0x8B, 0x2E, 0xB4, 0xB0, 0xC4, 0xB7, 0xFE, 0xD8, 0xFE,
  0xD8, 0xFE, 0xD8, 0xFE, 0xD8, 0xFE, 0xD8, 0xFE, 0xD8, 0xFE, 0xD8, 0xFE, 0xB8, 0xFE, 0xB8, 0xFE,
  0xD8, 0xFE, 0xD8, 0xFE, 0xB8, 0xFE, 0xB8, 0xFE, 0xB8, 0xFE, 0xB8, 0xFE, 0xB7, 0xFE, 0x35, 0xF6,
  0xD4, 0xED, 0xD4, 0xED, 0xD4, 0xED, 0xD4, 0xED, 0xD4, 0xE5, 0xD4, 0xE5, 0xD4, 0xE5, 0x93, 0xDD,
  0xCD, 0x9B, 0xA9, 0x72, 0xEA, 0x7A, 0x31, 0xDD, 0x0E, 0xAC, 0xC6, 0x41, 0x65, 0x31, 0x85, 0x39,
  0x65, 0x31, 0x45, 0x29, 0x24, 0x21, 0x68, 0x62, 0xD0, 0xCC, 0x8F, 0xC4, 0x74, 0xC5, 0x37, 0xD6,
  0x37, 0xD6, 0xB5, 0xC5, 0xB5, 0xC5, 0x79, 0xDE, 0x58, 0xDE, 0x37, 0xD6, 0xF6, 0xCD, 0x34, 0xB5,
  0x70, 0x9C, 0x6D, 0x7B, 0x69, 0x5A, 0x91, 0x9C, 0x89, 0x5A, 0xEA, 0x62, 0xF9, 0xEE, 0xD9, 0xE6,
  0xB1, 0xA4, 0x3A, 0xF7, 0x7B, 0xFF, 0x7B, 0xFF, 0x7B, 0xFF, 0x7B, 0xFF, 0x7B, 0xFF, 0x7B, 0xFF,
  0x7B, 0xFF, 0x7B, 0xFF, 0x7B, 0xFF, 0x7B, 0xFF, 0x7B, 0xFF, 0x7B, 0xFF, 0x7B, 0xFF, 0x7B, 0xFF,
  0x5B, 0xFF, 0x5B, 0xFF, 0x5B, 0xFF, 0x5B, 0xFF, 0x5B, 0xFF, 0x5B, 0xFF, 0x5B, 0xFF, 0x5B, 0xFF,
  0x5B, 0xFF, 0x5B, 0xFF, 0x5B, 0xFF, 0x5B, 0xFF, 0x5B, 0xFF, 0x5B, 0xFF, 0x5B, 0xFF, 0x7B, 0xFF,
  0x7B, 0xFF, 0x5B, 0xFF, 0xF6, 0xCD, 0x7C, 0xF7, 0xBD, 0xFF, 0x9C, 0xFF, 0x9D, 0xFF, 0x7C, 0xFF,
  0x5C, 0xFF, 0x5B, 0xFF, 0x5B, 0xF7, 0x5C, 0xF7, 0x7C, 0xFF, 0x7C, 0xFF, 0x1B, 0xF7, 0x1B, 0xF7,
  0x3B, 0xF7, 0x5C, 0xFF, 0xFA, 0xF6, 0x17, 0xD6, 0xF6, 0xCD, 0x95, 0xC5, 0x28, 0x52, 0xC6, 0x41,
  0x85, 0x39, 0x44, 0x29, 0x44, 0x29, 0x44, 0x29, 0x85, 0x39, 0x65, 0x31, 0x0B, 0x6B, 0xEF, 0x8B,
  0x65, 0x31, 0x65, 0x31, 0x85, 0x39, 0x4B, 0x93, 0x4E, 0xB4, 0x6F, 0xBC, 0x35, 0xF6, 0x97, 0xF6,
  0xB8, 0xFE, 0xD8, 0xFE, 0xD8, 0xFE, 0xD8, 0xFE, 0xD8, 0xFE, 0xD8, 0xFE, 0xB8, 0xFE, 0xB7, 0xFE,
  0xD8, 0xFE, 0xD8, 0xFE, 0xD8, 0xFE, 0xD8, 0xFE, 0xB8, 0xFE, 0xB8, 0xFE, 0x97, 0xF6, 0xB7, 0xFE,
  0x76, 0xF6, 0xF4, 0xED, 0xF4, 0xED, 0xD4, 0xED, 0xD4, 0xE5, 0xD4, 0xE5, 0xD4, 0xE5, 0x52, 0xD5,
  0x8C, 0x93, 0x48, 0x5A, 0xAC, 0x93, 0x72, 0xE5, 0xED, 0xA3, 0x85, 0x39, 0x85, 0x39, 0x85, 0x39,
  0x65, 0x31, 0x44, 0x29, 0x24, 0x29, 0x89, 0x6A, 0x8F, 0xC4, 0xF2, 0xC4, 0x37, 0xD6, 0x17, 0xD6,
  0x17, 0xD6, 0xB6, 0xC5, 0xD6, 0xCD, 0x37, 0xD6, 0x58, 0xDE, 0x38, 0xDE, 0x58, 0xDE, 0x78, 0xDE,
  0x99, 0xE6, 0x78, 0xE6, 0x38, 0xD6, 0xD6, 0xCD, 0xB1, 0xA4, 0x2C, 0x73, 0x74, 0xBD, 0xD9, 0xE6,
  0x50, 0x94, 0xD9, 0xE6, 0x5B, 0xFF, 0x7B, 0xFF, 0x7B, 0xFF, 0x7B, 0xFF, 0x7B, 0xFF, 0x7B, 0xFF,
  0x7B, 0xFF, 0x7B, 0xFF, 0x7B, 0xFF, 0x5B, 0xFF, 0x7B, 0xFF, 0x7B, 0xFF, 0x5B, 0xFF, 0x7B, 0xFF,
  0x5B, 0xFF, 0x5B, 0xFF, 0x5B, 0xFF, 0x5B, 0xFF, 0x5A, 0xFF, 0x5B, 0xFF, 0x5B, 0xFF, 0x5B, 0xFF,
  0x5B, 0xFF, 0x5B, 0xFF, 0x5B, 0xFF, 0x5B, 0xFF, 0x5B, 0xFF, 0x5B, 0xFF, 0x5B, 0xFF, 0x7B, 0xFF,
  0x7B, 0xFF, 0x1A, 0xF7, 0x9C, 0xFF, 0xBD, 0xFF, 0x9D, 0xFF, 0x9C, 0xFF, 0x7C, 0xFF, 0x5C, 0xFF,
  0x5C, 0xFF, 0x7C, 0xFF, 0x7C, 0xFF, 0x1A, 0xF7, 0x1A, 0xF7, 0x7C, 0xFF, 0x5B, 0xF7, 0x1A, 0xF7,
  0x5B, 0xF7, 0x3B, 0xF7, 0xDA, 0xEE, 0x3B, 0xF7, 0x17, 0xD6, 0xD6, 0xCD, 0x0F, 0x94, 0x07, 0x4A,
  0x85, 0x39, 0x45, 0x31, 0x65, 0x31, 0x45, 0x31, 0x45, 0x29, 0x85, 0x39, 0x49, 0x52, 0x4C, 0x73,
  0x65, 0x31, 0x86, 0x39, 0xA6, 0x39, 0xAC, 0x9B, 0xD1, 0xC4, 0xF1, 0xC4, 0x36, 0xF6, 0x15, 0xEE,
  0x56, 0xF6, 0x77, 0xF6, 0x97, 0xF6, 0x97, 0xFE, 0xB8, 0xFE, 0xD8, 0xFE, 0xD8, 0xFE, 0x97, 0xF6,
  0xB8, 0xFE, 0xD8, 0xFE, 0xD8, 0xFE, 0xD8, 0xFE, 0xB8, 0xFE, 0xB8, 0xFE, 0xB8, 0xFE, 0xB8, 0xFE,
  0x77, 0xF6, 0x15, 0xEE, 0x15, 0xEE, 0xF5, 0xED, 0xD4, 0xE5, 0xD4, 0xE5, 0xD4, 0xE5, 0x52, 0xD5,
  0x4B, 0x8B, 0x07, 0x52, 0x4E, 0xB4, 0x93, 0xED, 0x8C, 0x93, 0x85, 0x39, 0xA6, 0x39, 0x65, 0x31,
  0x45, 0x31, 0x44, 0x29, 0x45, 0x29, 0xC9, 0x72, 0x4E, 0xB4, 0xD6, 0xCD, 0x58, 0xDE, 0x37, 0xD6,
  0x17, 0xD6, 0xB5, 0xC5, 0xF7, 0xD5, 0x78, 0xDE, 0x78, 0xDE, 0x58, 0xDE, 0x58, 0xDE, 0x78, 0xDE,
  0x78, 0xDE, 0x99, 0xE6, 0xB9, 0xE6, 0xB9, 0xEE, 0xFA, 0xEE, 0xBA, 0xE6, 0xF6, 0xCD, 0xB5, 0xC5,
  0xCE, 0x83, 0xB9, 0xE6, 0x3A, 0xF7, 0x7B, 0xFF, 0x7B, 0xFF, 0x7B, 0xFF, 0x7B, 0xFF, 0x7B, 0xFF,
  0x5B, 0xFF, 0x7B, 0xFF, 0x7B, 0xFF, 0x7B, 0xFF, 0x7B, 0xFF, 0x7B, 0xFF, 0x5B, 0xFF, 0x5B, 0xFF,
  0x5B, 0xFF, 0x5B, 0xFF, 0x5B, 0xFF, 0x5B, 0xFF, 0x5B, 0xFF, 0x5B, 0xFF, 0x5B, 0xFF, 0x5B, 0xFF,
  0x5B, 0xFF, 0x5B, 0xFF, 0x5B, 0xFF, 0x5B, 0xFF, 0x7B, 0xFF, 0x5B, 0xFF, 0x5B, 0xFF, 0x7B, 0xFF,
  0x3A, 0xF7, 0x5B, 0xF7, 0xBD, 0xFF, 0x9D, 0xFF, 0x9C, 0xFF, 0x7C, 0xFF, 0x7C, 0xFF, 0x7C, 0xFF,
  0x5C, 0xFF, 0x5C, 0xFF, 0x7C, 0xFF, 0x1B, 0xF7, 0xFA, 0xEE, 0x3B, 0xF7, 0x7C, 0xFF, 0x1B, 0xF7,
  0x5C, 0xF7, 0x3B, 0xF7, 0xFA, 0xEE, 0x5C, 0xF7, 0x3B, 0xF7, 0x74, 0xBD, 0xF2, 0xB4, 0x48, 0x52,
  0x65, 0x31, 0x65, 0x31, 0x65, 0x31, 0x45, 0x31, 0x24, 0x29, 0x65, 0x31, 0xC6, 0x41, 0xCA, 0x62,
  0x86, 0x39, 0xA6, 0x39, 0xA6, 0x41, 0xCD, 0xA3, 0x11, 0xC5, 0xD0, 0xC4, 0xD8, 0xFE, 0xD8, 0xFE,
  0xB8, 0xFE, 0x97, 0xFE, 0x97, 0xF6, 0x77, 0xF6, 0x77, 0xF6, 0x97, 0xF6, 0xB8, 0xFE, 0x97, 0xF6,
  0x97, 0xF6, 0xD8, 0xFE, 0xD8, 0xFE, 0xD8, 0xFE, 0xD8, 0xFE, 0xB8, 0xFE, 0xD8, 0xFE, 0xD8, 0xFE,
  0x56, 0xF6, 0x15, 0xEE, 0x76, 0xF6, 0x35, 0xEE, 0xD4, 0xE5, 0xB4, 0xE5, 0xB3, 0xE5, 0xF1, 0xCC,
  0xEA, 0x7A, 0x68, 0x62, 0xD0, 0xCC, 0xF1, 0xDC, 0x0A, 0x83, 0xA6, 0x41, 0x85, 0x39, 0x65, 0x31,
  0x45, 0x29, 0x45, 0x29, 0x45, 0x29, 0xA9, 0x72, 0xD2, 0xB4, 0x58, 0xDE, 0x78, 0xDE, 0x37, 0xDE,
  0x17, 0xD6, 0xB5, 0xC5, 0x58, 0xDE, 0x78, 0xDE, 0x78, 0xDE, 0x78, 0xDE, 0x78, 0xDE, 0x99, 0xE6,
  0x99, 0xE6, 0x99, 0xE6, 0xB9, 0xE6, 0xB9, 0xE6, 0xB9, 0xE6, 0xDA, 0xEE, 0xDA, 0xEE, 0x99, 0xE6,
  0x95, 0xBD, 0x78, 0xDE, 0x3A, 0xF7, 0x7B, 0xFF, 0x7B, 0xFF, 0x7B, 0xFF, 0x7B, 0xFF, 0x7B, 0xFF,
  0x7B, 0xFF, 0x5B, 0xFF, 0x5B, 0xFF, 0x7B, 0xFF, 0x7B, 0xFF, 0x7B, 0xFF, 0x7B, 0xFF, 0x7B, 0xFF,
  0x5A, 0xFF, 0x5B, 0xFF, 0x5B, 0xFF, 0x5B, 0xFF, 0x5B, 0xFF, 0x5A, 0xFF, 0x5B, 0xFF, 0x5B, 0xFF,
  0x5B, 0xFF, 0x5B, 0xFF, 0x5B, 0xFF, 0x5B, 0xFF, 0x5B, 0xFF, 0x7B, 0xFF, 0x7B, 0xFF, 0x7B, 0xFF,
  0x1A, 0xF7, 0x9D, 0xFF, 0xBD, 0xFF, 0x9C, 0xFF, 0x7C, 0xFF, 0x7C, 0xFF, 0x7C, 0xFF, 0x5C, 0xFF,
  0x7C, 0xFF, 0x5C, 0xFF, 0x7C, 0xFF, 0x3B, 0xF7, 0x1A, 0xF7, 0xFA, 0xEE, 0x5C, 0xFF, 0x5C, 0xF7,
  0x5C, 0xF7, 0x1B, 0xF7, 0x1A, 0xF7, 0x5C, 0xF7, 0x7C, 0xFF, 0xF6, 0xD5, 0x70, 0x9C, 0x07, 0x4A,
  0x85, 0x39, 0x85, 0x39, 0x65, 0x31, 0x45, 0x31, 0x24, 0x29, 0x45, 0x29, 0xA6, 0x41, 0xCA, 0x62,
  0x86, 0x39, 0xA6, 0x39, 0x85, 0x39, 0x2F, 0xA4, 0xD1, 0xBC, 0xB0, 0xC4, 0xD8, 0xFE, 0xF8, 0xFE,
  0xF8, 0xFE, 0xF9, 0xFE, 0xF9, 0xFE, 0xD8, 0xFE, 0xD8, 0xFE, 0xB7, 0xFE, 0x56, 0xF6, 0x76, 0xF6,
  0x97, 0xF6, 0xB8, 0xFE, 0xD8, 0xFE, 0xD8, 0xFE, 0xD8, 0xFE, 0xD8, 0xFE, 0xD8, 0xFE, 0xB7, 0xFE,
  0x36, 0xF6, 0x35, 0xEE, 0x35, 0xEE, 0xF4, 0xED, 0xD4, 0xED, 0xB3, 0xE5, 0x72, 0xDD, 0x90, 0xC4,
  0xEA, 0x7A, 0xC9, 0x72, 0x11, 0xDD, 0x11, 0xDD, 0xC9, 0x72, 0x85, 0x39, 0x85, 0x39, 0x65, 0x31,
  0x44, 0x29, 0x45, 0x31, 0x45, 0x29, 0x0B, 0x6B, 0x13, 0xB5, 0x38, 0xD6, 0x78, 0xDE, 0x37, 0xD6,
  0x58, 0xDE, 0xD6, 0xCD, 0x78, 0xE6, 0x78, 0xE6, 0x99, 0xE6, 0xB9, 0xE6, 0x99, 0xE6, 0x99, 0xE6,
  0x99, 0xE6, 0xB9, 0xEE, 0xB9, 0xEE, 0xD9, 0xEE, 0xB9, 0xE6, 0xB9, 0xE6, 0xB9, 0xE6, 0xDA, 0xEE,
  0xDA, 0xEE, 0x78, 0xDE, 0x98, 0xDE, 0x7B, 0xFF, 0x7B, 0xFF, 0x5B, 0xFF, 0x7B, 0xFF, 0x7B, 0xFF,
  0x5B, 0xFF, 0x5B, 0xFF, 0x5B, 0xFF, 0x5B, 0xFF, 0x5B, 0xFF, 0x7B, 0xFF, 0x7B, 0xFF, 0x7B, 0xFF,
  0x5B, 0xFF, 0x5B, 0xFF, 0x5B, 0xFF, 0x5B, 0xFF, 0x5B, 0xFF, 0x5B, 0xFF, 0x5B, 0xFF, 0x5B, 0xFF,
  0x5B, 0xFF, 0x5B, 0xFF, 0x5B, 0xFF, 0x5B, 0xFF, 0x5B, 0xFF, 0x7B, 0xFF, 0x7B, 0xFF, 0x3A, 0xF7,
  0x5C, 0xF7, 0x9D, 0xFF, 0x9C, 0xFF, 0x5C, 0xFF, 0x5C, 0xFF, 0x5C, 0xFF, 0x7C, 0xFF, 0x5B, 0xF7,
  0x5B, 0xF7, 0x5C, 0xFF, 0x5C, 0xFF, 0x5B, 0xF7, 0x1A, 0xF7, 0xFA, 0xEE, 0x3B, 0xF7, 0x7C, 0xFF,
  0x5B, 0xF7, 0xFA, 0xF6, 0x1B, 0xF7, 0x5C, 0xFF, 0x3B, 0xF7, 0x98, 0xE6, 0x91, 0xA4, 0xC6, 0x41,
  0x85, 0x39, 0x85, 0x39, 0x85, 0x39, 0x45, 0x31, 0x24, 0x29, 0x45, 0x29, 0xA6, 0x39, 0x07, 0x4A,
  0xA6, 0x39, 0xC6, 0x41, 0xA6, 0x41, 0xF2, 0xB4, 0x33, 0xB5, 0xD0, 0xC4, 0x76, 0xFE, 0xB8, 0xFE,
  0xD8, 0xFE, 0xD8, 0xFE, 0xD8, 0xFE, 0xF8, 0xFE, 0xF9, 0xFE, 0x19, 0xFF, 0xB8, 0xFE, 0x56, 0xF6,
  0x76, 0xF6, 0xB7, 0xFE, 0xD8, 0xFE, 0xD8, 0xFE, 0xD8, 0xFE, 0xD8, 0xFE, 0xD8, 0xFE, 0x77, 0xF6,
  0x36, 0xF6, 0x35, 0xF6, 0x76, 0xF6, 0xB7, 0xFE, 0x97, 0xFE, 0x97, 0xFE, 0x35, 0xEE, 0x52, 0xD5,
  0x0A, 0x7B, 0x0A, 0x7B, 0x72, 0xE5, 0x93, 0xE5, 0x89, 0x6A, 0x85, 0x39, 0x85, 0x39, 0x65, 0x31,
  0x44, 0x29, 0x65, 0x31, 0x24, 0x29, 0x2C, 0x6B, 0x13, 0xB5, 0x38, 0xDE, 0x78, 0xDE, 0x58, 0xDE,
  0x37, 0xD6, 0xF7, 0xD5, 0x99, 0xE6, 0x99, 0xE6, 0x99, 0xE6, 0xB9, 0xE6, 0x99, 0xE6, 0x99, 0xE6,
  0xD9, 0xEE, 0xDA, 0xEE, 0xD9, 0xEE, 0xB9, 0xEE, 0xB9, 0xEE, 0xB9, 0xEE, 0xB9, 0xEE, 0xB9, 0xEE,
  0xD9, 0xEE, 0xB9, 0xE6, 0x58, 0xDE, 0xF9, 0xEE, 0x7B, 0xFF, 0x5B, 0xFF, 0x7B, 0xFF, 0x7B, 0xFF,
  0x7B, 0xFF, 0x5B, 0xFF, 0x5B, 0xFF, 0x5B, 0xFF, 0x5B, 0xFF, 0x7B, 0xFF, 0x7B, 0xFF, 0x7B, 0xFF,
  0x5B, 0xFF, 0x5B, 0xFF, 0x5B, 0xFF, 0x5B, 0xFF, 0x5B, 0xFF, 0x5B, 0xFF, 0x5B, 0xFF, 0x5B, 0xFF,
  0x5B, 0xFF, 0x5B, 0xFF, 0x5B, 0xFF, 0x5B, 0xFF, 0x5B, 0xFF, 0x5B, 0xFF, 0x7B, 0xFF, 0x1A, 0xF7,
  0x5B, 0xF7, 0x9D, 0xFF, 0x7C, 0xFF, 0x5B, 0xF7, 0x5B, 0xF7, 0x3B, 0xF7, 0x7C, 0xFF, 0x3B, 0xF7,
  0x3B, 0xF7, 0x5C, 0xFF, 0x5C, 0xFF, 0x5C, 0xFF, 0x1B, 0xF7, 0xFA, 0xEE, 0x1B, 0xF7, 0x7C, 0xFF,
  0x5B, 0xF7, 0xFA, 0xEE, 0x3B, 0xF7, 0x7C, 0xFF, 0x1B, 0xF7, 0xB9, 0xE6, 0x70, 0xA4, 0xA5, 0x41,
  0xA6, 0x39, 0xA6, 0x39, 0x65, 0x31, 0x44, 0x29, 0x45, 0x29, 0x45, 0x29, 0x65, 0x31, 0x65, 0x31,
  0xC6, 0x41, 0xE7, 0x41, 0x07, 0x4A, 0xF2, 0xB4, 0x13, 0xAD, 0x33, 0xBD, 0x76, 0xF6, 0xB7, 0xFE,
  0x97, 0xFE, 0xB8, 0xFE, 0xD8, 0xFE, 0xD8, 0xFE, 0xD8, 0xFE, 0xF9, 0xFE, 0xF9, 0xFE, 0x97, 0xF6,
  0x76, 0xF6, 0xB7, 0xFE, 0xD8, 0xFE, 0xD8, 0xFE, 0xD8, 0xFE, 0xD8, 0xFE, 0xB8, 0xFE, 0x76, 0xF6,
  0x76, 0xF6, 0xB8, 0xFE, 0xF9, 0xFE, 0xD8, 0xFE, 0xB7, 0xFE, 0xB8, 0xFE, 0x36, 0xEE, 0x93, 0xD5,
  0x0A, 0x7B, 0x4B, 0x93, 0xF4, 0xF5, 0xB4, 0xE5, 0x27, 0x5A, 0x85, 0x39, 0x85, 0x39, 0x65, 0x31,
  0x44, 0x29, 0x45, 0x31, 0x45, 0x29, 0x4C, 0x73, 0x13, 0xB5, 0x37, 0xD6, 0x79, 0xE6, 0x78, 0xDE,
  0xF6, 0xCD, 0x37, 0xD6, 0xB9, 0xE6, 0x78, 0xE6, 0x99, 0xE6, 0xB9, 0xE6, 0xB9, 0xE6, 0xB9, 0xEE,
  0xD9, 0xEE, 0xB9, 0xEE, 0xD9, 0xEE, 0xFA, 0xEE, 0x1A, 0xF7, 0x1B, 0xF7, 0x3B, 0xF7, 0xFA, 0xEE,
  0xB9, 0xEE, 0xDA, 0xEE, 0xB9, 0xE6, 0x58, 0xDE, 0x1A, 0xF7, 0x7B, 0xFF, 0x5B, 0xFF, 0x7B, 0xFF,
  0x7B, 0xFF, 0x7B, 0xFF, 0x5B, 0xFF, 0x5B, 0xFF, 0x7B, 0xFF, 0x7B, 0xFF, 0x7B, 0xFF, 0x7B, 0xFF,
  0x5B, 0xFF, 0x5B, 0xFF, 0x5B, 0xFF, 0x5B, 0xFF, 0x5B, 0xFF, 0x5B, 0xFF, 0x5B, 0xFF, 0x5B, 0xFF,
  0x5B, 0xFF, 0x5B, 0xFF, 0x5B, 0xFF, 0x5B, 0xFF, 0x5B, 0xFF, 0x7B, 0xFF, 0x5B, 0xFF, 0x3B, 0xF7,
  0x5C, 0xFF, 0x7C, 0xFF, 0x5B, 0xF7, 0x5C, 0xFF, 0x5B, 0xF7, 0x3B, 0xF7, 0x7C, 0xFF, 0x5B, 0xFF,
  0x1B, 0xF7, 0x3B, 0xF7, 0x5C, 0xFF, 0x5C, 0xFF, 0x3B, 0xF7, 0xFA, 0xEE, 0xFA, 0xEE, 0x7C, 0xFF,
  0x3B, 0xF7, 0x1A, 0xF7, 0x5C, 0xF7, 0x7C, 0xFF, 0xFA, 0xEE, 0xDA, 0xEE, 0xEE, 0x8B, 0x85, 0x39,
  0xC6, 0x41, 0xA6, 0x39, 0x65, 0x31, 0x24, 0x29, 0x65, 0x31, 0x45, 0x29, 0x44, 0x31, 0xA6, 0x39,
  0xC6, 0x41, 0x28, 0x52, 0xAA, 0x62, 0x54, 0xBD, 0x13, 0xB5, 0x58, 0xDE, 0xFA, 0xF6, 0x76, 0xF6,
  0xB7, 0xFE, 0xB8, 0xFE, 0xB8, 0xFE, 0xD8, 0xFE, 0xD8, 0xFE, 0xB8, 0xFE, 0xD8, 0xFE, 0xB7, 0xFE,
  0x97, 0xF6, 0xB7, 0xFE, 0xD8, 0xFE, 0xD8, 0xFE, 0xD8, 0xFE, 0xD8, 0xFE, 0xB8, 0xFE, 0x97, 0xF6,
  0xB8, 0xFE, 0xD8, 0xFE, 0xF8, 0xFE, 0xB8, 0xFE, 0x97, 0xF6, 0x97, 0xF6, 0xF5, 0xE5, 0x11, 0xCD,
  0xCA, 0x72, 0xED, 0xAB, 0x56, 0xFE, 0x52, 0xD5, 0xC6, 0x49, 0x86, 0x39, 0x65, 0x31, 0x45, 0x31,
  0x45, 0x29, 0x45, 0x29, 0x45, 0x31, 0xCE, 0x83, 0x33, 0xB5, 0x37, 0xD6, 0x99, 0xE6, 0x78, 0xDE,
  0xD6, 0xCD, 0x98, 0xE6, 0xB9, 0xE6, 0x78, 0xE6, 0x99, 0xE6, 0xB9, 0xEE, 0xD9, 0xEE, 0xB9, 0xEE,
  0xB9, 0xEE, 0xD9, 0xEE, 0x3B, 0xF7, 0x5C, 0xFF, 0x5C, 0xF7, 0x5B, 0xF7, 0x5B, 0xF7, 0x5B, 0xF7,
  0xFA, 0xF6, 0xB9, 0xEE, 0xDA, 0xEE, 0x99, 0xE6, 0x98, 0xDE, 0x7B, 0xFF, 0x7B, 0xFF, 0x5B, 0xFF,
  0x7B, 0xFF, 0x5B, 0xFF, 0x7B, 0xFF, 0x5B, 0xFF, 0x5B, 0xFF, 0x7B, 0xFF, 0x7B, 0xFF, 0x7B, 0xFF,
  0x5B, 0xFF, 0x5B, 0xFF, 0x5B, 0xFF, 0x5A, 0xFF, 0x5B, 0xFF, 0x5B, 0xFF, 0x5B, 0xFF, 0x5B, 0xFF,
  0x5B, 0xFF, 0x5B, 0xFF, 0x5B, 0xFF, 0x5B, 0xFF, 0x5B, 0xFF, 0x7B, 0xFF, 0x3A, 0xF7, 0x5B, 0xF7,
  0x7C, 0xFF, 0x1B, 0xF7, 0x3B, 0xF7, 0x7C, 0xFF, 0x5C, 0xFF, 0x3B, 0xF7, 0x5C, 0xFF, 0x5C, 0xFF,
  0x1B, 0xF7, 0x1B, 0xF7, 0x7C, 0xFF, 0x5C, 0xFF, 0x3B, 0xF7, 0xFA, 0xEE, 0xFA, 0xEE, 0x7C, 0xFF,
  0x3B, 0xF7, 0x1B, 0xF7, 0x5C, 0xFF, 0x7C, 0xFF, 0xFA, 0xEE, 0x99, 0xE6, 0x2B, 0x7B, 0xA6, 0x41,
  0xE7, 0x49, 0x85, 0x39, 0x65, 0x31, 0x45, 0x29, 0x65, 0x31, 0x45, 0x31, 0x24, 0x29, 0xA6, 0x39,
  0xA6, 0x39, 0xAA, 0x62, 0xEB, 0x6A, 0x54, 0xBD, 0xF2, 0xAC, 0x99, 0xE6, 0x5C, 0xFF, 0x1A, 0xF7,
  0x97, 0xF6, 0xB7, 0xFE, 0xD8, 0xFE, 0xD8, 0xFE, 0xD8, 0xFE, 0xB8, 0xFE, 0xB7, 0xFE, 0xB8, 0xFE,
  0xB8, 0xFE, 0xD8, 0xFE, 0xD8, 0xFE, 0xD8, 0xFE, 0xD8, 0xFE, 0xD8, 0xFE, 0xB8, 0xFE, 0xB8, 0xFE,
  0xD8, 0xFE, 0xD8, 0xFE, 0xB8, 0xFE, 0x97, 0xF6, 0x97, 0xF6, 0x97, 0xF6, 0xF5, 0xE5, 0xF1, 0xC4,
  0xC9, 0x6A, 0x4E, 0xB4, 0x96, 0xFE, 0xB0, 0xBC, 0xE7, 0x49, 0x86, 0x39, 0x65, 0x31, 0x45, 0x31,
  0x65, 0x31, 0x45, 0x29, 0x65, 0x31, 0xEF, 0x8B, 0xF3, 0xAC, 0x37, 0xD6, 0x99, 0xE6, 0x37, 0xD6,
  0x17, 0xD6, 0xD9, 0xEE, 0xD9, 0xEE, 0xB9, 0xE6, 0xB9, 0xEE, 0x1A, 0xF7, 0xFA, 0xF6, 0xD9, 0xEE,
  0xDA, 0xEE, 0x3B, 0xF7, 0x5C, 0xFF, 0x3B, 0xF7, 0x5B, 0xF7, 0x5C, 0xF7, 0x5B, 0xF7, 0x3B, 0xF7,
  0x3B, 0xF7, 0xDA, 0xEE, 0xB9, 0xE6, 0xDA, 0xEE, 0x58, 0xDE, 0xF9, 0xEE, 0x7B, 0xFF, 0x5B, 0xFF,
  0x5B, 0xFF, 0x5B, 0xFF, 0x5B, 0xFF, 0x5B, 0xFF, 0x5B, 0xFF, 0x7B, 0xFF, 0x7B, 0xFF, 0x7B, 0xFF,
  0x5B, 0xFF, 0x5B, 0xFF, 0x5B, 0xFF, 0x5A, 0xFF, 0x5B, 0xFF, 0x5B, 0xFF, 0x5B, 0xFF, 0x5B, 0xFF,
  0x5B, 0xFF, 0x5B, 0xFF, 0x5B, 0xFF, 0x5B, 0xFF, 0x5B, 0xFF, 0x5B, 0xFF, 0x3B, 0xF7, 0x5C, 0xF7,
  0x7C, 0xFF, 0x1B, 0xF7, 0x5C, 0xF7, 0x5B, 0xF7, 0x7C, 0xFF, 0x3B, 0xF7, 0x3B, 0xF7, 0x7C, 0xFF,
  0x3B, 0xF7, 0xFA, 0xF6, 0x3B, 0xF7, 0x5C, 0xFF, 0x5C, 0xF7, 0xFA, 0xEE, 0xFA, 0xEE, 0x7C, 0xFF,
  0x3B, 0xF7, 0x3B, 0xF7, 0x5C, 0xFF, 0x5C, 0xF7, 0x1B, 0xF7, 0x17, 0xD6, 0x89, 0x62, 0xA6, 0x39,
  0xE7, 0x49, 0x65, 0x31, 0x65, 0x31, 0x45, 0x31, 0x65, 0x31, 0x65, 0x31, 0x24, 0x29, 0x85, 0x39,
  0xA6, 0x39, 0xAE, 0x83, 0x2B, 0x73, 0x74, 0xC5, 0x33, 0xB5, 0xD9, 0xEE, 0x5B, 0xF7, 0x5C, 0xF7,
  0x3B, 0xF7, 0xB8, 0xF6, 0x97, 0xF6, 0xD8, 0xFE, 0xD8, 0xFE, 0xD8, 0xFE, 0xD8, 0xFE, 0xD8, 0xFE,
  0xD8, 0xFE, 0xD8, 0xFE, 0xD8, 0xFE, 0xD8, 0xFE, 0xD8, 0xFE, 0xD8, 0xFE, 0xD8, 0xFE, 0xD8, 0xFE,
  0xD8, 0xFE, 0xD8, 0xFE, 0xB8, 0xFE, 0xB7, 0xFE, 0xB7, 0xF6, 0x97, 0xF6, 0x15, 0xE6, 0x11, 0xC5,
  0xA9, 0x6A, 0x4E, 0xBC, 0x97, 0xF6, 0x70, 0x9C, 0xE7, 0x49, 0xA6, 0x41, 0x85, 0x39, 0x45, 0x31,
  0x65, 0x31, 0x45, 0x29, 0x85, 0x31, 0x50, 0x94, 0xF2, 0xAC, 0x17, 0xD6, 0xB9, 0xE6, 0xD6, 0xCD,
  0x99, 0xE6, 0x1B, 0xF7, 0x1B, 0xF7, 0xB9, 0xE6, 0xDA, 0xEE, 0x5C, 0xF7, 0x3B, 0xF7, 0xDA, 0xEE,
  0x1B, 0xF7, 0x5C, 0xFF, 0x1B, 0xF7, 0xDA, 0xEE, 0x3B, 0xF7, 0x5C, 0xFF, 0x5C, 0xF7, 0x3B, 0xF7,
  0x3B, 0xF7, 0x1B, 0xF7, 0xB9, 0xE6, 0xB9, 0xE6, 0x99, 0xE6, 0x78, 0xDE, 0x5B, 0xFF, 0x5B, 0xFF,
  0x5B, 0xFF, 0x5B, 0xFF, 0x5B, 0xFF, 0x5B, 0xFF, 0x5B, 0xFF, 0x7B, 0xFF, 0x7B, 0xFF, 0x7B, 0xFF,
  0x5B, 0xFF, 0x5B, 0xFF, 0x5B, 0xFF, 0x5A, 0xFF, 0x5A, 0xFF, 0x5A, 0xFF, 0x5A, 0xFF, 0x5B, 0xFF,
  0x5B, 0xFF, 0x5B, 0xFF, 0x5B, 0xFF, 0x5B, 0xFF, 0x7B, 0xFF, 0x3A, 0xFF, 0x5B, 0xF7, 0x5B, 0xFF,
  0x7C, 0xFF, 0x3B, 0xF7, 0x7C, 0xFF, 0xFA, 0xEE, 0x5C, 0xFF, 0x3B, 0xF7, 0x1B, 0xF7, 0x5C, 0xFF,
  0x5B, 0xF7, 0x1A, 0xF7, 0x1B, 0xF7, 0x5C, 0xF7, 0x7C, 0xFF, 0x1A, 0xF7, 0xDA, 0xEE, 0x5C, 0xFF,
  0x3B, 0xF7, 0x3B, 0xF7, 0x7C, 0xFF, 0x3B, 0xF7, 0x5C, 0xF7, 0x33, 0xB5, 0x07, 0x52, 0xC6, 0x41,
  0xE7, 0x49, 0x65, 0x31, 0x65, 0x31, 0x44, 0x29, 0x65, 0x31, 0x65, 0x31, 0x44, 0x29, 0x85, 0x39,
  0x28, 0x52, 0x50, 0x9C, 0x8D, 0x83, 0x54, 0xBD, 0x33, 0xB5, 0xFA, 0xF6, 0x5C, 0xF7, 0x5B, 0xF7,
  0x3B, 0xF7, 0x5C, 0xF7, 0xFA, 0xF6, 0x77, 0xF6, 0xB7, 0xFE, 0xD8, 0xFE, 0xD8, 0xFE, 0xD8, 0xFE,
  0xD8, 0xFE, 0xD8, 0xFE, 0xD8, 0xFE, 0xD8, 0xFE, 0xD8, 0xFE, 0xD8, 0xFE, 0xD8, 0xFE, 0xD8, 0xFE,
  0xD8, 0xFE, 0xD8, 0xFE, 0xD8, 0xFE, 0xD8, 0xFE, 0xD8, 0xFE, 0x97, 0xF6, 0x77, 0xEE, 0xF1, 0xC4,
  0x88, 0x62, 0x33, 0xC5, 0xD9, 0xEE, 0xCE, 0x8B, 0x48, 0x52, 0xA6, 0x39, 0x65, 0x31, 0x45, 0x31,
  0x65, 0x31, 0x24, 0x29, 0x86, 0x39, 0xB2, 0xA4, 0xB2, 0xA4, 0x17, 0xD6, 0x58, 0xDE, 0x37, 0xDE,
  0x1B, 0xF7, 0x5C, 0xF7, 0x3B, 0xF7, 0xB9, 0xEE, 0x1A, 0xEF, 0x5C, 0xF7, 0x5B, 0xF7, 0x1B, 0xF7,
  0x5C, 0xF7, 0x3B, 0xF7, 0xB9, 0xE6, 0xDA, 0xEE, 0x5B, 0xF7, 0x5C, 0xFF, 0x5B, 0xF7, 0x3B, 0xF7,
  0x1B, 0xF7, 0x1B, 0xF7, 0xB9, 0xEE, 0x99, 0xE6, 0xB9, 0xE6, 0x58, 0xDE, 0x1A, 0xEF, 0x7B, 0xFF,
  0x5B, 0xFF, 0x7B, 0xFF, 0x7B, 0xFF, 0x5B, 0xFF, 0x5B, 0xFF, 0x5B, 0xFF, 0x7B, 0xFF, 0x7B, 0xFF,
  0x5A, 0xFF, 0x5A, 0xFF, 0x5B, 0xFF, 0x5B, 0xFF, 0x5A, 0xFF, 0x5A, 0xFF, 0x5A, 0xFF, 0x5B, 0xFF,
  0x5B, 0xFF, 0x5B, 0xFF, 0x5B, 0xFF, 0x5B, 0xFF, 0x7B, 0xFF, 0x3A, 0xF7, 0x7C, 0xF7, 0x3B, 0xF7,
  0x9C, 0xFF, 0x3B, 0xF7, 0x7C, 0xFF, 0x1B, 0xF7, 0x3B, 0xF7, 0x5B, 0xF7, 0x1B, 0xF7, 0x3B, 0xF7,
  0x5C, 0xFF, 0x1B, 0xF7, 0x1A, 0xF7, 0x3B, 0xF7, 0x5C, 0xFF, 0x1A, 0xF7, 0xDA, 0xEE, 0x7C, 0xFF,
  0x3B, 0xF7, 0x5B, 0xF7, 0x7C, 0xFF, 0x1B, 0xEF, 0x5C, 0xFF, 0x0F, 0x94, 0xC6, 0x41, 0x28, 0x52,
  0xE7, 0x49, 0x86, 0x39, 0x65, 0x31, 0x45, 0x29, 0x65, 0x31, 0x65, 0x31, 0x65, 0x31, 0x65, 0x31,
  0x4C, 0x7B, 0xF2, 0xAC, 0xEE, 0x8B, 0x74, 0xBD, 0xD6, 0xCD, 0xB9, 0xEE, 0x1B, 0xF7, 0x5C, 0xF7,
  0x5B, 0xF7, 0x3B, 0xF7, 0x7C, 0xFF, 0x3B, 0xF7, 0xD9, 0xF6, 0x97, 0xF6, 0xB8, 0xFE, 0xD8, 0xFE,
  0xD8, 0xFE, 0xD8, 0xFE, 0xD8, 0xFE, 0xD8, 0xFE, 0xD8, 0xFE, 0xD8, 0xFE, 0xD8, 0xFE, 0xD8, 0xFE,
  0xD8, 0xFE, 0xD8, 0xFE, 0xD8, 0xFE, 0xD8, 0xFE, 0xB8, 0xFE, 0x97, 0xF6, 0x36, 0xE6, 0xF2, 0xBC,
  0xA9, 0x6A, 0xD6, 0xCD, 0x99, 0xE6, 0x6C, 0x7B, 0x69, 0x5A, 0x86, 0x39, 0x65, 0x31, 0x65, 0x31,
  0x65, 0x31, 0x44, 0x29, 0x86, 0x39, 0xD2, 0xAC, 0xF2, 0xAC, 0xD5, 0xCD, 0x17, 0xD6, 0x1B, 0xF7,
  0x1B, 0xF7, 0x5B, 0xF7, 0x3B, 0xF7, 0xDA, 0xEE, 0x3B, 0xF7, 0x5C, 0xF7, 0x5B, 0xF7, 0x3B, 0xF7,
  0x5C, 0xF7, 0xFA, 0xEE, 0xB9, 0xEE, 0xFA, 0xF6, 0x5B, 0xF7, 0x5B, 0xF7, 0x5B, 0xF7, 0x1B, 0xF7,
  0xFA, 0xEE, 0x3B, 0xF7, 0xB9, 0xEE, 0x78, 0xE6, 0xB9, 0xE6, 0x78, 0xDE, 0xB9, 0xE6, 0x7B, 0xFF,
  0x5B, 0xFF, 0x5B, 0xFF, 0x5B, 0xFF, 0x5B, 0xFF, 0x5B, 0xFF, 0x5B, 0xFF, 0x5B, 0xFF, 0x5B, 0xFF,
  0x5A, 0xFF, 0x5A, 0xFF, 0x5B, 0xFF, 0x5B, 0xFF, 0x5B, 0xFF, 0x5B, 0xFF, 0x5B, 0xFF, 0x5B, 0xFF,
  0x5B, 0xFF, 0x5B, 0xFF, 0x5B, 0xFF, 0x5B, 0xFF, 0x5B, 0xFF, 0x1A, 0xF7, 0x7C, 0xFF, 0x3B, 0xF7,
  0x9D, 0xFF, 0x5B, 0xF7, 0x7C, 0xFF, 0x1A, 0xF7, 0x3B, 0xF7, 0x3B, 0xF7, 0x3B, 0xF7, 0x1B, 0xF7,
  0x7C, 0xFF, 0x1B, 0xF7, 0xDA, 0xEE, 0x1A, 0xF7, 0x7C, 0xFF, 0xFA, 0xEE, 0xDA, 0xEE, 0x7C, 0xFF,
  0x3B, 0xF7, 0x5C, 0xFF, 0x3B, 0xF7, 0x1B, 0xF7, 0x1A, 0xEF, 0x2B, 0x7B, 0x28, 0x52, 0x48, 0x5A,
  0xE7, 0x49, 0xA6, 0x39, 0x65, 0x31, 0x65, 0x31, 0x65, 0x31, 0x65, 0x31, 0x65, 0x31, 0xC6, 0x41,
  0x91, 0xA4, 0x13, 0xB5, 0x2F, 0x9C, 0xB5, 0xC5, 0x37, 0xD6, 0xB9, 0xE6, 0x1A, 0xF7, 0x1B, 0xF7,
  0x5B, 0xF7, 0x3B, 0xF7, 0x5C, 0xF7, 0x5C, 0xF7, 0x5C, 0xFF, 0x3B, 0xF7, 0xD9, 0xF6, 0xB8, 0xF6,
  0xB8, 0xF6, 0xD8, 0xFE, 0xD8, 0xFE, 0xD8, 0xFE, 0xD8, 0xFE, 0xD8, 0xFE, 0xD8, 0xFE, 0xD8, 0xFE,
  0xD8, 0xFE, 0xB8, 0xFE, 0xB8, 0xFE, 0xB7, 0xF6, 0xB8, 0xF6, 0xB8, 0xEE, 0x98, 0xE6, 0x94, 0xC5,
  0xEA, 0x6A, 0xD5, 0xCD, 0xF6, 0xD5, 0xAD, 0x83, 0x69, 0x5A, 0x85, 0x39, 0x65, 0x31, 0x65, 0x31,
  0x45, 0x29, 0x45, 0x29, 0x86, 0x39, 0x13, 0xB5, 0x50, 0x9C, 0x33, 0xB5, 0x1A, 0xF7, 0x3B, 0xF7,
  0x1B, 0xF7, 0x3B, 0xF7, 0x5B, 0xF7, 0x1B, 0xF7, 0x3B, 0xF7, 0x3B, 0xF7, 0x5B, 0xF7, 0x3B, 0xF7,
  0x5B, 0xF7, 0xDA, 0xEE, 0xFA, 0xEE, 0x3B, 0xF7, 0x5B, 0xF7, 0x5B, 0xF7, 0x3B, 0xF7, 0xFA, 0xEE,
  0xFA, 0xEE, 0x3B, 0xF7, 0xB9, 0xEE, 0x78, 0xE6, 0x99, 0xE6, 0x78, 0xDE, 0x78, 0xDE, 0x5B, 0xFF,
  0x5B, 0xFF, 0x5B, 0xFF, 0x5B, 0xFF, 0x5B, 0xFF, 0x5B, 0xFF, 0x5B, 0xFF, 0x5B, 0xFF, 0x5B, 0xFF,
  0x5A, 0xFF, 0x5A, 0xFF, 0x5B, 0xFF, 0x5B, 0xFF, 0x5B, 0xFF, 0x5B, 0xFF, 0x5B, 0xFF, 0x5A, 0xFF,
  0x5A, 0xFF, 0x5B, 0xFF, 0x5B, 0xFF, 0x5B, 0xFF, 0x5B, 0xFF, 0x3A, 0xF7, 0x7C, 0xFF, 0x3B, 0xF7,
  0x9C, 0xFF, 0x5C, 0xF7, 0x7C, 0xFF, 0x1B, 0xF7, 0x5C, 0xF7, 0xFA, 0xEE, 0x3B, 0xF7, 0x3B, 0xF7,
  0x5C, 0xF7, 0x3B, 0xF7, 0xD9, 0xEE, 0xDA, 0xEE, 0x7C, 0xFF, 0x1B, 0xF7, 0xB9, 0xEE, 0x7C, 0xFF,
  0x5B, 0xF7, 0x5C, 0xFF, 0xFA, 0xEE, 0x5C, 0xF7, 0x57, 0xD6, 0xA9, 0x62, 0x89, 0x5A, 0x48, 0x5A,
  0xE7, 0x49, 0x86, 0x39, 0x65, 0x31, 0x65, 0x31, 0x65, 0x31, 0x65, 0x31, 0x45, 0x31, 0x48, 0x52,
  0x33, 0xBD, 0x54, 0xBD, 0x70, 0x9C, 0xD6, 0xCD, 0x78, 0xE6, 0xFA, 0xEE, 0x1B, 0xF7, 0x1A, 0xEF,
  0x1B, 0xF7, 0x1B, 0xF7, 0x5C, 0xF7, 0x5C, 0xF7, 0x3B, 0xF7, 0x5C, 0xF7, 0x5B, 0xF7, 0x3B, 0xF7,
  0x1A, 0xF7, 0xD9, 0xF6, 0xB7, 0xF6, 0xD8, 0xFE, 0xD8, 0xFE, 0xD8, 0xFE, 0xD8, 0xFE, 0xB8, 0xF6,
  0xD8, 0xF6, 0xD9, 0xF6, 0xF9, 0xEE, 0x1A, 0xF7, 0x5C, 0xF7, 0xFA, 0xEE, 0xDA, 0xE6, 0xD6, 0xCD,
  0xA9, 0x62, 0xB5, 0xCD, 0x74, 0xBD, 0xAD, 0x83, 0x69, 0x5A, 0x85, 0x39, 0x65, 0x31, 0x85, 0x39,
  0x44, 0x29, 0x65, 0x31, 0xA6, 0x39, 0xF3, 0xB4, 0x50, 0x9C, 0x53, 0xBD, 0x7C, 0xFF, 0x1B, 0xF7,
  0x1B, 0xF7, 0x5B, 0xF7, 0x5B, 0xF7, 0x1B, 0xF7, 0x3B, 0xF7, 0x1B, 0xF7, 0x5C, 0xF7, 0x5C, 0xF7,
  0x3B, 0xF7, 0xB9, 0xEE, 0x1B, 0xF7, 0x5B, 0xF7, 0x5B, 0xF7, 0x5B, 0xF7, 0x3B, 0xF7, 0xFA, 0xEE,
  0x1B, 0xF7, 0x3B, 0xF7, 0xB9, 0xE6, 0x78, 0xE6, 0x99, 0xE6, 0x79, 0xE6, 0x58, 0xDE, 0x3A, 0xF7,
  0x7B, 0xFF, 0x5B, 0xFF, 0x5B, 0xFF, 0x5B, 0xFF, 0x5B, 0xFF, 0x5B, 0xFF, 0x5B, 0xFF, 0x5B, 0xFF,
  0x5A, 0xFF, 0x5B, 0xFF, 0x5B, 0xFF, 0x5B, 0xFF, 0x5B, 0xFF, 0x5B, 0xFF, 0x5A, 0xFF, 0x5A, 0xFF,
  0x5A, 0xFF, 0x5B, 0xFF, 0x5B, 0xFF, 0x5B, 0xFF, 0x3A, 0xFF, 0x3B, 0xF7, 0x9C, 0xFF, 0x1B, 0xF7,
  0x9C, 0xFF, 0x7C, 0xFF, 0x7C, 0xFF, 0x3B, 0xF7, 0x5B, 0xF7, 0xFA, 0xEE, 0x1B, 0xF7, 0x5B, 0xF7,
  0x3B, 0xF7, 0x5C, 0xF7, 0xDA, 0xEE, 0xB9, 0xE6, 0x3B, 0xF7, 0x1B, 0xF7, 0xB9, 0xE6, 0x7C, 0xFF,
  0x5C, 0xF7, 0x5B, 0xF7, 0xD9, 0xEE, 0x9D, 0xFF, 0xF2, 0xAC, 0x0B, 0x73, 0xA9, 0x62, 0x27, 0x52,
  0xE7, 0x49, 0x85, 0x39, 0xA6, 0x39, 0x65, 0x31, 0x86, 0x39, 0x65, 0x31, 0x65, 0x31, 0x89, 0x5A,
  0xB5, 0xCD, 0xF2, 0xAC, 0x70, 0x9C, 0x37, 0xD6, 0xB9, 0xE6, 0x1B, 0xF7, 0x1A, 0xF7, 0x3B, 0xF7,
  0x1B, 0xF7, 0xFA, 0xEE, 0x3B, 0xF7, 0x3B, 0xF7, 0x3B, 0xF7, 0x3B, 0xF7, 0x5B, 0xF7, 0x5C, 0xF7,
  0x5C, 0xF7, 0x7C, 0xFF, 0x3B, 0xF7, 0xB8, 0xF6, 0xD8, 0xFE, 0xD8, 0xFE, 0xB8, 0xF6, 0x3B, 0xF7,
  0x5C, 0xF7, 0x3B, 0xF7, 0x3B, 0xF7, 0x3B, 0xF7, 0x3B, 0xF7, 0xFA, 0xEE, 0xD9, 0xE6, 0x17, 0xD6,
  0xEA, 0x6A, 0x53, 0xBD, 0x13, 0xB5, 0xAD, 0x83, 0x28, 0x52, 0x86, 0x39, 0x85, 0x39, 0x65, 0x39,
  0x44, 0x29, 0x65, 0x31, 0xC6, 0x41, 0xD2, 0xAC, 0x13, 0xB5, 0x74, 0xBD, 0x7C, 0xFF, 0x1B, 0xF7,
  0x3B, 0xF7, 0x5C, 0xF7, 0x5B, 0xF7, 0x3B, 0xF7, 0x1B, 0xF7, 0xFA, 0xEE, 0x5C, 0xF7, 0x5C, 0xF7,
  0x1B, 0xF7, 0xDA, 0xEE, 0x3B, 0xF7, 0x3B, 0xF7, 0x5C, 0xF7, 0x5C, 0xFF, 0x3B, 0xF7, 0xFA, 0xEE,
  0x3B, 0xF7, 0x3B, 0xF7, 0x99, 0xE6, 0x78, 0xE6, 0xB9, 0xE6, 0x99, 0xE6, 0x37, 0xD6, 0xFA, 0xEE,
  0x7B, 0xFF, 0x5B, 0xFF, 0x5B, 0xFF, 0x5B, 0xFF, 0x5B, 0xFF, 0x5B, 0xFF, 0x5B, 0xFF, 0x7B, 0xFF,
  0x5A, 0xFF, 0x5B, 0xFF, 0x5B, 0xFF, 0x5B, 0xFF, 0x5B, 0xFF, 0x5A, 0xFF, 0x5A, 0xFF, 0x5A, 0xFF,
  0x5A, 0xFF, 0x5A, 0xFF, 0x5B, 0xFF, 0x5B, 0xFF, 0x3A, 0xF7, 0x5B, 0xF7, 0x7C, 0xFF, 0x1B, 0xF7,
  0x7C, 0xFF, 0x7C, 0xFF, 0x7C, 0xFF, 0x5B, 0xF7, 0x3B, 0xF7, 0x1A, 0xF7, 0x3B, 0xF7, 0x5C, 0xF7,
  0x1B, 0xF7, 0x5C, 0xF7, 0xFA, 0xEE, 0x99, 0xE6, 0xFA, 0xEE, 0x3B, 0xF7, 0x99, 0xE6, 0x7C, 0xFF,
  0x7C, 0xFF, 0x1B, 0xF7, 0xDA, 0xEE, 0x5C, 0xFF, 0xEE, 0x8B, 0xAD, 0x83, 0x48, 0x52, 0x07, 0x52,
  0xC6, 0x41, 0x85, 0x39, 0xC6, 0x41, 0xA6, 0x39, 0xA6, 0x39, 0x65, 0x31, 0x65, 0x31, 0x0B, 0x73,
  0x58, 0xE6, 0xEE, 0x8B, 0x33, 0xBD, 0x37, 0xDE, 0xFA, 0xEE, 0x3B, 0xF7, 0xFA, 0xF6, 0x5C, 0xF7,
  0x5B, 0xF7, 0xDA, 0xEE, 0x3B, 0xF7, 0x1B, 0xEF, 0xFA, 0xEE, 0x3B, 0xF7, 0x5C, 0xF7, 0x7C, 0xFF,
  0x1A, 0xF7, 0x3B, 0xF7, 0x9D, 0xFF, 0xB9, 0xEE, 0x55, 0xF6, 0xD8, 0xFE, 0x1A, 0xF7, 0x5C, 0xFF,
  0x1B, 0xF7, 0x1B, 0xF7, 0x3B, 0xF7, 0x1B, 0xF7, 0x5C, 0xFF, 0xFA, 0xEE, 0x78, 0xDE, 0x78, 0xDE,
  0x4C, 0x7B, 0x54, 0xBD, 0x91, 0xA4, 0xCE, 0x8B, 0xE7, 0x49, 0xA6, 0x39, 0xA6, 0x39, 0x65, 0x31,
  0x45, 0x29, 0x65, 0x31, 0xC7, 0x41, 0x54, 0xBD, 0x54, 0xBD, 0x33, 0xB5, 0x7C, 0xFF, 0x3B, 0xF7,
  0x3B, 0xF7, 0x5C, 0xF7, 0x5C, 0xF7, 0x5B, 0xF7, 0xFA, 0xF6, 0xFA, 0xEE, 0x5C, 0xF7, 0x5C, 0xFF,
  0xFA, 0xEE, 0xFA, 0xEE, 0x1B, 0xF7, 0x3B, 0xF7, 0x5C, 0xF7, 0x5C, 0xF7, 0x1B, 0xF7, 0xFA, 0xF6,
  0x3B, 0xF7, 0x1A, 0xF7, 0x98, 0xE6, 0x78, 0xE6, 0xB9, 0xE6, 0x78, 0xDE, 0x17, 0xD6, 0xB9, 0xE6,
  0x7B, 0xFF, 0x5B, 0xFF, 0x5B, 0xFF, 0x5B, 0xFF, 0x5B, 0xFF, 0x5B, 0xFF, 0x5B, 0xFF, 0x7B, 0xFF,
  0x5B, 0xFF, 0x5B, 0xFF, 0x5B, 0xFF, 0x5A, 0xFF, 0x5B, 0xFF, 0x5A, 0xFF, 0x5A, 0xFF, 0x5A, 0xFF,
  0x5A, 0xFF, 0x5A, 0xFF, 0x5B, 0xFF, 0x7B, 0xFF, 0x1A, 0xF7, 0x5C, 0xF7, 0x7C, 0xFF, 0x1B, 0xF7,
  0x7C, 0xFF, 0x7C, 0xFF, 0x7C, 0xFF, 0x5C, 0xF7, 0x1A, 0xF7, 0xFA, 0xEE, 0x3B, 0xF7, 0x1B, 0xF7,
  0x1B, 0xF7, 0x3B, 0xF7, 0x3B, 0xF7, 0xB9, 0xE6, 0xB9, 0xEE, 0x3B, 0xF7, 0xB9, 0xE6, 0x7C, 0xFF,
  0x7C, 0xFF, 0xFA, 0xEE, 0x1B, 0xF7, 0x78, 0xDE, 0x2B, 0x73, 0x8D, 0x7B, 0xC6, 0x49, 0xE7, 0x49,
  0xA6, 0x39, 0xA6, 0x39, 0xC7, 0x41, 0xC6, 0x41, 0xA6, 0x41, 0x65, 0x31, 0xC6, 0x41, 0x2F, 0x94,
  0x37, 0xDE, 0xEE, 0x8B, 0x37, 0xDE, 0x16, 0xD6, 0x3B, 0xF7, 0x5C, 0xF7, 0x1A, 0xF7, 0x3B, 0xF7,
  0x5C, 0xFF, 0x1A, 0xF7, 0x5C, 0xF7, 0x3B, 0xF7, 0xFA, 0xEE, 0x1B, 0xF7, 0x1B, 0xF7, 0x5C, 0xF7,
  0x5C, 0xF7, 0x1B, 0xF7, 0x7C, 0xFF, 0xD9, 0xEE, 0x72, 0xE5, 0xB8, 0xF6, 0x5C, 0xFF, 0x3B, 0xF7,
  0xFA, 0xEE, 0x1A, 0xF7, 0x3B, 0xF7, 0x1B, 0xF7, 0x3B, 0xF7, 0xB9, 0xE6, 0x78, 0xDE, 0xFA, 0xEE,
  0xAD, 0x83, 0x12, 0xB5, 0x50, 0x9C, 0x2B, 0x73, 0xE7, 0x49, 0xC6, 0x41, 0xC6, 0x41, 0x45, 0x29,
  0x45, 0x31, 0x65, 0x31, 0xC7, 0x41, 0x54, 0xBD, 0xF6, 0xD5, 0x12, 0xAD, 0x7C, 0xFF, 0x3B, 0xF7,
  0x3B, 0xF7, 0x5C, 0xF7, 0x5C, 0xF7, 0x3B, 0xF7, 0xFA, 0xEE, 0xDA, 0xEE, 0x3B, 0xF7, 0x7C, 0xFF,
  0xDA, 0xEE, 0xDA, 0xEE, 0xFA, 0xEE, 0x3B, 0xF7, 0x5C, 0xF7, 0x3B, 0xF7, 0xFA, 0xEE, 0x1B, 0xF7,
  0x3B, 0xF7, 0xFA, 0xEE, 0x99, 0xE6, 0x78, 0xE6, 0x99, 0xE6, 0x58, 0xDE, 0x17, 0xD6, 0xB9, 0xE6,
  0x7B, 0xFF, 0x5B, 0xFF, 0x5B, 0xFF, 0x5B, 0xFF, 0x5B, 0xFF, 0x5B, 0xFF, 0x5B, 0xFF, 0x5B, 0xFF,
  0x5B, 0xFF, 0x5B, 0xFF, 0x5B, 0xFF, 0x5A, 0xFF, 0x5A, 0xFF, 0x5A, 0xFF, 0x5A, 0xFF, 0x5A, 0xFF,
  0x5B, 0xFF, 0x5B, 0xFF, 0x5B, 0xFF, 0x5B, 0xFF, 0xFA, 0xEE, 0x5C, 0xFF, 0x5C, 0xF7, 0x1B, 0xF7,
  0x5C, 0xF7, 0x7C, 0xFF, 0x5C, 0xFF, 0x7C, 0xFF, 0x1A, 0xF7, 0xFA, 0xEE, 0x3B, 0xF7, 0x1B, 0xF7,
  0xFA, 0xEE, 0x3B, 0xF7, 0x3B, 0xF7, 0xB9, 0xEE, 0x99, 0xE6, 0xFA, 0xEE, 0xB9, 0xE6, 0x7C, 0xFF,
  0x5C, 0xFF, 0xB9, 0xE6, 0x5C, 0xFF, 0xF2, 0xAC, 0xEA, 0x6A, 0xA9, 0x62, 0xC6, 0x41, 0xC6, 0x41,
  0x85, 0x39, 0xE7, 0x41, 0x27, 0x52, 0xE7, 0x41, 0xC6, 0x41, 0x45, 0x31, 0x28, 0x52, 0x54, 0xBD,
  0x33, 0xB5, 0x13, 0xB5, 0x37, 0xD6, 0x37, 0xDE, 0x5C, 0xF7, 0x5C, 0xFF, 0x1B, 0xF7, 0x1B, 0xF7,
  0x5C, 0xFF, 0x3B, 0xF7, 0x3B, 0xF7, 0x5C, 0xF7, 0xFA, 0xF6, 0x3B, 0xF7, 0x1A, 0xEF, 0x1B, 0xF7,
  0x5C, 0xF7, 0x5B, 0xF7, 0x5C, 0xF7, 0xFA, 0xEE, 0x93, 0xE5, 0x57, 0xE6, 0x1B, 0xF7, 0xFA, 0xEE,
  0x1B, 0xF7, 0x1A, 0xEF, 0xFA, 0xEE, 0xFA, 0xEE, 0x3B, 0xF7, 0xDA, 0xEE, 0x99, 0xDE, 0x1A, 0xF7,
  0x2F, 0x9C, 0x2F, 0x94, 0x50, 0x9C, 0xCA, 0x6A, 0xE7, 0x49, 0x27, 0x52, 0xA6, 0x41, 0x45, 0x29,
  0x65, 0x31, 0x65, 0x31, 0xC7, 0x41, 0x74, 0xBD, 0x98, 0xE6, 0x13, 0xAD, 0x3B, 0xF7, 0x3B, 0xF7,
  0x3B, 0xF7, 0x5B, 0xF7, 0x5C, 0xF7, 0x5B, 0xF7, 0xDA, 0xEE, 0xDA, 0xEE, 0x3B, 0xF7, 0x7C, 0xFF,
  0xD9, 0xEE, 0x99, 0xE6, 0xDA, 0xEE, 0x5C, 0xF7, 0x5C, 0xF7, 0x1B, 0xF7, 0xFA, 0xEE, 0x3B, 0xF7,
  0x3B, 0xF7, 0xDA, 0xEE, 0x99, 0xE6, 0x99, 0xE6, 0x99, 0xE6, 0x58, 0xDE, 0x17, 0xD6, 0x98, 0xE6,
  0x7B, 0xFF, 0x5B, 0xFF, 0x5B, 0xFF, 0x5B, 0xFF, 0x5B, 0xFF, 0x5B, 0xFF, 0x5B, 0xFF, 0x5B, 0xFF,
  0x5B, 0xFF, 0x5B, 0xFF, 0x5A, 0xFF, 0x5A, 0xFF, 0x5A, 0xFF, 0x5A, 0xFF, 0x5A, 0xFF, 0x5A, 0xFF,
  0x5A, 0xFF, 0x5B, 0xFF, 0x5B, 0xFF, 0x5B, 0xFF, 0xFA, 0xEE, 0x7C, 0xFF, 0x5B, 0xF7, 0x1B, 0xF7,
  0x3B, 0xF7, 0x7C, 0xFF, 0x5C, 0xFF, 0x7C, 0xFF, 0x1B, 0xF7, 0xFA, 0xEE, 0x1B, 0xF7, 0x5B, 0xF7,
  0xFA, 0xEE, 0x3B, 0xF7, 0x3B, 0xF7, 0xFA, 0xEE, 0x78, 0xE6, 0xB9, 0xE6, 0x99, 0xE6, 0x7C, 0xFF,
  0x5B, 0xF7, 0xB9, 0xE6, 0x1B, 0xF7, 0x0B, 0x73, 0xA9, 0x62, 0x07, 0x4A, 0xC6, 0x41, 0xA6, 0x39,
  0x85, 0x39, 0xE7, 0x49, 0x48, 0x52, 0xE7, 0x49, 0xC6, 0x41, 0x65, 0x31, 0x2B, 0x73, 0x95, 0xC5,
  0x50, 0x9C, 0x16, 0xD6, 0xF6, 0xD5, 0xDA, 0xEE, 0x5B, 0xF7, 0x5C, 0xFF, 0x3B, 0xF7, 0x1B, 0xF7,
  0x5C, 0xF7, 0x5B, 0xF7, 0x3B, 0xF7, 0x5C, 0xF7, 0x1B, 0xF7, 0x3B, 0xF7, 0x3B, 0xF7, 0x3B, 0xF7,
  0x3B, 0xF7, 0x5C, 0xF7, 0x5C, 0xFF, 0x3B, 0xF7, 0x73, 0xDD, 0x77, 0xEE, 0x3B, 0xF7, 0xB9, 0xEE,
  0xFA, 0xEE, 0xB9, 0xE6, 0xFA, 0xEE, 0x3B, 0xF7, 0x1A, 0xEF, 0xFA, 0xEE, 0x58, 0xDE, 0xFA, 0xF6,
  0x33, 0xBD, 0x4C, 0x7B, 0xCE, 0x8B, 0x89, 0x62, 0xC6, 0x49, 0x27, 0x52, 0x86, 0x39, 0x44, 0x29,
  0x65, 0x31, 0x65, 0x31, 0xC7, 0x41, 0x74, 0xBD, 0x1B, 0xF7, 0x13, 0xAD, 0xFA, 0xEE, 0x5C, 0xF7,
  0x3B, 0xF7, 0x3B, 0xF7, 0x5B, 0xF7, 0x5B, 0xF7, 0xDA, 0xEE, 0xD9, 0xEE, 0x3B, 0xF7, 0x5C, 0xFF,
  0xB9, 0xE6, 0x99, 0xE6, 0xFA, 0xEE, 0x5C, 0xFF, 0x3B, 0xF7, 0xFA, 0xEE, 0x1B, 0xF7, 0x5C, 0xF7,
  0xFA, 0xF6, 0xFA, 0xEE, 0xB9, 0xE6, 0x78, 0xDE, 0x99, 0xE6, 0x78, 0xDE, 0x37, 0xD6, 0x78, 0xDE,
  0x5B, 0xFF, 0x5B, 0xFF, 0x5B, 0xFF, 0x5B, 0xFF, 0x5B, 0xFF, 0x5B, 0xFF, 0x5B, 0xFF, 0x5B, 0xFF,
  0x5B, 0xFF, 0x5B, 0xFF, 0x5A, 0xFF, 0x5A, 0xFF, 0x5A, 0xFF, 0x5A, 0xFF, 0x5A, 0xFF, 0x5A, 0xFF,
  0x5B, 0xFF, 0x5B, 0xFF, 0x5B, 0xFF, 0x5B, 0xFF, 0xFA, 0xEE, 0x7C, 0xFF, 0x5C, 0xFF, 0x1A, 0xF7,
  0x3B, 0xF7, 0x5C, 0xFF, 0x5C, 0xFF, 0x7C, 0xFF, 0x3B, 0xF7, 0xFA, 0xEE, 0xFA, 0xF6, 0x5C, 0xF7,
  0x1B, 0xF7, 0x1B, 0xF7, 0xFA, 0xEE, 0x1B, 0xF7, 0x78, 0xE6, 0x58, 0xDE, 0x99, 0xE6, 0x7C, 0xFF,
  0x1B, 0xF7, 0xDA, 0xEE, 0x17, 0xD6, 0x28, 0x52, 0x68, 0x5A, 0xC6, 0x41, 0xA6, 0x41, 0x85, 0x39,
  0xA6, 0x39, 0xE7, 0x49, 0x27, 0x52, 0xE7, 0x49, 0xC6, 0x41, 0x65, 0x31, 0x70, 0x9C, 0x71, 0x9C,
  0xF2, 0xB4, 0xF6, 0xD5, 0x99, 0xE6, 0x1A, 0xF7, 0x3B, 0xF7, 0x5C, 0xFF, 0x3B, 0xF7, 0x1B, 0xF7,
  0x3B, 0xF7, 0x5C, 0xFF, 0x3B, 0xF7, 0x5C, 0xFF, 0x3B, 0xF7, 0x1A, 0xF7, 0x3B, 0xF7, 0x5C, 0xF7,
  0x3B, 0xF7, 0x3B, 0xF7, 0x7C, 0xFF, 0x5B, 0xF7, 0x52, 0xD5, 0xFA, 0xF6, 0x7C, 0xFF, 0x1A, 0xF7,
  0xB9, 0xE6, 0xDA, 0xEE, 0x5C, 0xF7, 0x3B, 0xF7, 0xFA, 0xEE, 0x5C, 0xF7, 0x78, 0xDE, 0xD9, 0xEE,
  0xF6, 0xD5, 0xEA, 0x6A, 0xCA, 0x6A, 0x28, 0x52, 0xA6, 0x41, 0xC6, 0x41, 0x65, 0x31, 0x45, 0x29,
  0x65, 0x31, 0x65, 0x31, 0xA6, 0x39, 0x74, 0xBD, 0x7C, 0xFF, 0xF2, 0xAC, 0xB9, 0xE6, 0x7C, 0xFF,
  0x5B, 0xF7, 0x3B, 0xF7, 0x5B, 0xF7, 0x5B, 0xF7, 0xDA, 0xEE, 0xB9, 0xEE, 0x1B, 0xF7, 0x3B, 0xF7,
  0x99, 0xE6, 0x99, 0xE6, 0x1B, 0xF7, 0x5C, 0xFF, 0x1A, 0xF7, 0xDA, 0xEE, 0x3B, 0xF7, 0x5B, 0xF7,
  0xFA, 0xEE, 0x3B, 0xF7, 0x99, 0xE6, 0x58, 0xDE, 0xDA, 0xEE, 0x78, 0xDE, 0x58, 0xDE, 0x78, 0xDE,
  0x5B, 0xFF, 0x5B, 0xFF, 0x5B, 0xFF, 0x5B, 0xFF, 0x5B, 0xFF, 0x5B, 0xFF, 0x5B, 0xFF, 0x5B, 0xFF,
  0x5A, 0xFF, 0x5A, 0xFF, 0x5A, 0xFF, 0x5A, 0xFF, 0x5B, 0xFF, 0x5A, 0xFF, 0x5A, 0xFF, 0x5A, 0xFF,
  0x5A, 0xFF, 0x5A, 0xFF, 0x5B, 0xFF, 0x5B, 0xFF, 0xFA, 0xEE, 0x7C, 0xFF, 0x7C, 0xFF, 0x1B, 0xF7,
  0x1B, 0xF7, 0x5C, 0xFF, 0x5C, 0xFF, 0x7C, 0xFF, 0x5C, 0xFF, 0xFA, 0xEE, 0xFA, 0xEE, 0x3B, 0xF7,
  0x3B, 0xF7, 0xFA, 0xEE, 0xB9, 0xEE, 0x3B, 0xF7, 0x99, 0xE6, 0x17, 0xD6, 0x78, 0xDE, 0x7C, 0xFF,
  0xDA, 0xEE, 0xD9, 0xEE, 0xB1, 0xA4, 0x68, 0x5A, 0x07, 0x4A, 0xA6, 0x41, 0xA6, 0x39, 0x65, 0x39,
  0xA6, 0x39, 0xA6, 0x41, 0xE7, 0x49, 0xC7, 0x41, 0xC6, 0x41, 0xE7, 0x41, 0x91, 0xA4, 0xCE, 0x8B,
  0x95, 0xC5, 0xB9, 0xE6, 0x3B, 0xF7, 0xFA, 0xEE, 0x3B, 0xF7, 0x5C, 0xFF, 0x5C, 0xF7, 0x1A, 0xF7,
  0x1B, 0xF7, 0x5C, 0xF7, 0x5C, 0xF7, 0x5C, 0xF7, 0x5C, 0xF7, 0xFA, 0xEE, 0x1B, 0xF7, 0x7C, 0xFF,
  0x3B, 0xF7, 0x1B, 0xF7, 0x5C, 0xF7, 0x5C, 0xF7, 0xB5, 0xD5, 0x3B, 0xF7, 0x3B, 0xF7, 0xFA, 0xEE,
  0x1A, 0xF7, 0x3B, 0xF7, 0x3B, 0xF7, 0xFA, 0xEE, 0x3B, 0xF7, 0x7C, 0xFF, 0x78, 0xDE, 0x98, 0xE6,
  0xDA, 0xEE, 0x8D, 0x83, 0x48, 0x5A, 0x07, 0x52, 0xA6, 0x39, 0x86, 0x39, 0x65, 0x31, 0x45, 0x29,
  0x65, 0x31, 0x65, 0x31, 0xA6, 0x39, 0x74, 0xBD, 0xBD, 0xFF, 0x33, 0xB5, 0x58, 0xDE, 0x7C, 0xFF,
  0x3B, 0xF7, 0x1B, 0xF7, 0x3B, 0xF7, 0x5B, 0xF7, 0xDA, 0xEE, 0xB9, 0xE6, 0x3B, 0xF7, 0x1B, 0xF7,
  0x78, 0xE6, 0xB9, 0xEE, 0x5C, 0xF7, 0x3B, 0xF7, 0xDA, 0xEE, 0xFA, 0xEE, 0x5C, 0xF7, 0x1B, 0xF7,
  0x1B, 0xF7, 0x1A, 0xEF, 0x58, 0xDE, 0x78, 0xDE, 0xDA, 0xEE, 0x78, 0xDE, 0x58, 0xDE, 0x58, 0xDE,
  0x3B, 0xFF, 0x5B, 0xFF, 0x5B, 0xFF, 0x5B, 0xFF, 0x5B, 0xFF, 0x5B, 0xFF, 0x5B, 0xFF, 0x5B, 0xFF,
  0x5A, 0xFF, 0x5A, 0xFF, 0x5A, 0xFF, 0x5A, 0xFF, 0x5B, 0xFF, 0x5A, 0xFF, 0x5A, 0xFF, 0x5A, 0xFF,
  0x5A, 0xFF, 0x5A, 0xFF, 0x5B, 0xFF, 0x3A, 0xF7, 0xDA, 0xEE, 0x7C, 0xFF, 0x5C, 0xFF, 0x1B, 0xF7,
  0x1B, 0xF7, 0x5C, 0xF7, 0x5C, 0xF7, 0x5C, 0xFF, 0x7C, 0xFF, 0xFA, 0xEE, 0xFA, 0xEE, 0xFA, 0xEE,
  0x3B, 0xF7, 0x3B, 0xF7, 0xB9, 0xE6, 0x1B, 0xF7, 0xFA, 0xEE, 0x17, 0xD6, 0x17, 0xD6, 0x5C, 0xFF,
  0xDA, 0xEE, 0x17, 0xD6, 0xEE, 0x8B, 0xA9, 0x62, 0xC6, 0x41, 0xC6, 0x41, 0x85, 0x39, 0x65, 0x31,
  0x86, 0x39, 0xA6, 0x39, 0xC6, 0x41, 0xA6, 0x41, 0xC6, 0x41, 0x48, 0x52, 0x6D, 0x7B, 0xB1, 0xAC,
  0x78, 0xE6, 0x5C, 0xFF, 0x3B, 0xF7, 0x1B, 0xF7, 0x5B, 0xF7, 0x5C, 0xFF, 0x5C, 0xFF, 0x1B, 0xF7,
  0x1B, 0xF7, 0x5C, 0xF7, 0x5C, 0xFF, 0x5C, 0xFF, 0x5C, 0xF7, 0xFA, 0xEE, 0xFA, 0xEE, 0x7C, 0xFF,
  0x5C, 0xFF, 0x1B, 0xF7, 0x1B, 0xF7, 0x5C, 0xF7, 0x78, 0xE6, 0xFA, 0xEE, 0xFA, 0xEE, 0x1A, 0xEF,
  0x5C, 0xF7, 0x3B, 0xF7, 0x1B, 0xF7, 0x1B, 0xF7, 0x5C, 0xF7, 0x5B, 0xF7, 0x99, 0xE6, 0x78, 0xDE,
  0x7C, 0xFF, 0x70, 0xA4, 0x48, 0x5A, 0x07, 0x52, 0x86, 0x39, 0xA6, 0x39, 0x65, 0x31, 0x45, 0x31,
  0x65, 0x31, 0x65, 0x31, 0x86, 0x39, 0x54, 0xBD, 0xDD, 0xFF, 0x74, 0xBD, 0x17, 0xD6, 0x7C, 0xFF,
  0x3B, 0xF7, 0x1B, 0xF7, 0x3B, 0xF7, 0x5C, 0xF7, 0xDA, 0xEE, 0x78, 0xE6, 0x3B, 0xF7, 0xFA, 0xEE,
  0x58, 0xDE, 0xDA, 0xEE, 0x7C, 0xFF, 0xFA, 0xEE, 0xD9, 0xEE, 0x3B, 0xF7, 0x3B, 0xF7, 0x1B, 0xF7,
  0x1B, 0xF7, 0xDA, 0xEE, 0x58, 0xDE, 0x79, 0xE6, 0xDA, 0xEE, 0x58, 0xDE, 0x58, 0xDE, 0x58, 0xDE,
  0x3A, 0xF7, 0x5B, 0xFF, 0x5B, 0xFF, 0x5B, 0xFF, 0x5B, 0xFF, 0x5B, 0xFF, 0x5B, 0xFF, 0x5B, 0xFF,
  0x3A, 0xFF, 0x5A, 0xFF, 0x5A, 0xFF, 0x5A, 0xFF, 0x5A, 0xFF, 0x5A, 0xFF, 0x5A, 0xFF, 0x5A, 0xFF,
  0x5A, 0xFF, 0x5A, 0xFF, 0x5B, 0xFF, 0x1A, 0xF7, 0xDA, 0xEE, 0x7C, 0xFF, 0x5C, 0xFF, 0x1A, 0xF7,
  0x1A, 0xF7, 0x3B, 0xF7, 0x5C, 0xF7, 0x5B, 0xF7, 0x7C, 0xFF, 0x1B, 0xF7, 0xFA, 0xEE, 0xFA, 0xEE,
  0x1B, 0xF7, 0x7C, 0xFF, 0xDA, 0xEE, 0xB9, 0xEE, 0x3B, 0xF7, 0x17, 0xDE, 0xD6, 0xCD, 0x5C, 0xF7,
  0xB9, 0xE6, 0x13, 0xB5, 0x0F, 0x94, 0x48, 0x5A, 0xA6, 0x41, 0xC6, 0x41, 0x85, 0x39, 0x65, 0x31,
  0x86, 0x39, 0x86, 0x39, 0xA6, 0x41, 0xC6, 0x41, 0xA6, 0x41, 0x48, 0x52, 0x70, 0xA4, 0x37, 0xD6,
  0x5C, 0xFF, 0x5C, 0xF7, 0x3B, 0xF7, 0x1B, 0xF7, 0x3B, 0xF7, 0x5C, 0xFF, 0x5C, 0xFF, 0x3B, 0xF7,
  0x1B, 0xF7, 0x3B, 0xF7, 0x5C, 0xFF, 0x5B, 0xF7, 0x5C, 0xFF, 0x1B, 0xF7, 0xFA, 0xEE, 0x3B, 0xF7,
  0x7C, 0xFF, 0x3B, 0xF7, 0x1B, 0xF7, 0x5C, 0xF7, 0xB9, 0xE6, 0xB9, 0xE6, 0x1A, 0xF7, 0x5C, 0xF7,
  0x5C, 0xF7, 0x1B, 0xF7, 0x1B, 0xF7, 0x5C, 0xF7, 0x5C, 0xF7, 0x1B, 0xF7, 0xDA, 0xEE, 0x17, 0xD6,
  0x7C, 0xFF, 0x95, 0xC5, 0x68, 0x5A, 0xE7, 0x49, 0xA6, 0x39, 0x86, 0x39, 0x45, 0x31, 0x65, 0x31,
  0x65, 0x31, 0x65, 0x31, 0x86, 0x39, 0x13, 0xB5, 0xDE, 0xFF, 0xB5, 0xC5, 0xF6, 0xCD, 0x9D, 0xFF,
  0x5B, 0xF7, 0x1B, 0xF7, 0x1B, 0xF7, 0x5C, 0xF7, 0xDA, 0xEE, 0x58, 0xDE, 0x3B, 0xF7, 0xB9, 0xEE,
  0x58, 0xDE, 0x3B, 0xF7, 0x5B, 0xF7, 0xDA, 0xEE, 0xFA, 0xEE, 0x5B, 0xF7, 0x3B, 0xF7, 0xFA, 0xEE,
  0x1B, 0xF7, 0xB9, 0xE6, 0x58, 0xDE, 0x99, 0xE6, 0xB9, 0xE6, 0x58, 0xDE, 0x58, 0xDE, 0x37, 0xD6,
  0x3A, 0xF7, 0x5B, 0xFF, 0x5B, 0xFF, 0x5B, 0xFF, 0x5B, 0xFF, 0x5B, 0xFF, 0x5B, 0xFF, 0x5B, 0xFF,
  0x3A, 0xFF, 0x5A, 0xFF, 0x5A, 0xFF, 0x5A, 0xFF, 0x5A, 0xFF, 0x5A, 0xFF, 0x5A, 0xFF, 0x3A, 0xFF,
  0x5A, 0xFF, 0x5A, 0xFF, 0x5B, 0xFF, 0xFA, 0xF6, 0xDA, 0xEE, 0x5C, 0xFF, 0x5C, 0xFF, 0x1A, 0xF7,
  0x1A, 0xF7, 0x3B, 0xF7, 0x5C, 0xF7, 0x5B, 0xF7, 0x5C, 0xFF, 0x3B, 0xF7, 0xDA, 0xEE, 0xFA, 0xEE,
  0xFA, 0xEE, 0x5C, 0xFF, 0x1B, 0xF7, 0x99, 0xE6, 0x1A, 0xF7, 0x58, 0xDE, 0xF6, 0xD5, 0x5B, 0xF7,
  0x17, 0xD6, 0x70, 0x9C, 0x70, 0x9C, 0xC6, 0x49, 0xA6, 0x41, 0xA6, 0x41, 0x85, 0x39, 0x85, 0x39,
  0x86, 0x39, 0xA6, 0x39, 0x86, 0x39, 0xE7, 0x41, 0xA6, 0x39, 0xAD, 0x83, 0xB5, 0xCD, 0xFA, 0xEE,
  0x5C, 0xFF, 0x5C, 0xF7, 0x5B, 0xF7, 0x1B, 0xF7, 0x3B, 0xF7, 0x5C, 0xFF, 0x5C, 0xFF, 0x5B, 0xF7,
  0x1B, 0xF7, 0x3B, 0xF7, 0x5C, 0xF7, 0x3B, 0xF7, 0x5C, 0xF7, 0x3B, 0xF7, 0xFA, 0xEE, 0x1B, 0xF7,
  0x5C, 0xF7, 0x7C, 0xFF, 0x3B, 0xF7, 0x3B, 0xF7, 0xB9, 0xE6, 0x99, 0xE6, 0x5C, 0xF7, 0x5C, 0xFF,
  0x3B, 0xF7, 0x3B, 0xF7, 0x5B, 0xF7, 0x5C, 0xF7, 0x3B, 0xF7, 0xFA, 0xEE, 0x1A, 0xF7, 0x78, 0xDE,
  0x1B, 0xEF, 0xF6, 0xCD, 0x48, 0x52, 0xA6, 0x39, 0xA6, 0x41, 0x85, 0x39, 0x45, 0x29, 0x65, 0x31,
  0x65, 0x31, 0x86, 0x39, 0x85, 0x39, 0xD2, 0xAC, 0xBD, 0xFF, 0xF6, 0xCD, 0xF6, 0xCD, 0x9D, 0xFF,
  0x3B, 0xF7, 0x1A, 0xF7, 0x1B, 0xF7, 0x5C, 0xF7, 0xFA, 0xEE, 0x58, 0xDE, 0x3B, 0xF7, 0x78, 0xDE,
  0x78, 0xDE, 0x5C, 0xFF, 0xFA, 0xEE, 0xB9, 0xEE, 0x1A, 0xF7, 0x5C, 0xF7, 0x1A, 0xEF, 0xD9, 0xEE,
  0x3B, 0xF7, 0x99, 0xE6, 0x58, 0xDE, 0x99, 0xE6, 0x99, 0xE6, 0x58, 0xDE, 0x58, 0xDE, 0x37, 0xD6,
  0x1A, 0xF7, 0x5B, 0xFF, 0x5B, 0xFF, 0x5B, 0xFF, 0x5B, 0xFF, 0x5B, 0xFF, 0x5B, 0xFF, 0x5B, 0xFF,
  0x5A, 0xFF, 0x5A, 0xFF, 0x5A, 0xFF, 0x5A, 0xFF, 0x5A, 0xFF, 0x5B, 0xFF, 0x5A, 0xFF, 0x5A, 0xFF,
  0x5A, 0xFF, 0x5A, 0xFF, 0x5B, 0xFF, 0xF9, 0xEE, 0xDA, 0xEE, 0x5C, 0xFF, 0x7C, 0xFF, 0x1B, 0xF7,
  0xFA, 0xF6, 0x1B, 0xF7, 0x5C, 0xF7, 0x5B, 0xF7, 0x5B, 0xF7, 0x5C, 0xF7, 0xDA, 0xEE, 0xFA, 0xEE,
  0xDA, 0xEE, 0x3B, 0xF7, 0x3B, 0xF7, 0x98, 0xE6, 0xD9, 0xEE, 0x99, 0xE6, 0xD6, 0xCD, 0x3B, 0xF7,
  0x33, 0xB5, 0xD2, 0xAC, 0x50, 0x9C, 0x85, 0x41, 0xA6, 0x41, 0xA6, 0x39, 0x85, 0x39, 0x65, 0x31,
  0x86, 0x39, 0xA6, 0x39, 0x86, 0x39, 0xC7, 0x41, 0xE7, 0x49, 0x91, 0xA4, 0xF6, 0xD5, 0x3B, 0xF7,
  0x5C, 0xF7, 0x5C, 0xF7, 0x5B, 0xF7, 0x1B, 0xF7, 0x3B, 0xF7, 0x5C, 0xFF, 0x5C, 0xFF, 0x7C, 0xFF,
  0x3B, 0xF7, 0x1B, 0xF7, 0x5B, 0xF7, 0x5B, 0xF7, 0x3B, 0xF7, 0x5C, 0xF7, 0x1A, 0xEF, 0x1B, 0xF7,
  0x3B, 0xF7, 0x5C, 0xFF, 0x5C, 0xF7, 0x3B, 0xF7, 0xDA, 0xEE, 0xB9, 0xE6, 0x7C, 0xFF, 0x1B, 0xF7,
  0x1B, 0xF7, 0x3B, 0xF7, 0x3B, 0xF7, 0x5C, 0xF7, 0x1B, 0xF7, 0xFA, 0xEE, 0x3B, 0xF7, 0x3B, 0xF7,
  0x78, 0xDE, 0x74, 0xBD, 0xE6, 0x49, 0xC6, 0x41, 0xA6, 0x41, 0x85, 0x39, 0x45, 0x29, 0x65, 0x31,
  0x65, 0x31, 0xA6, 0x39, 0x86, 0x39, 0x70, 0x9C, 0xBD, 0xFF, 0xF6, 0xCD, 0x17, 0xCE, 0x9D, 0xFF,
  0x3B, 0xF7, 0xFA, 0xEE, 0xFA, 0xEE, 0x5C, 0xF7, 0x1A, 0xEF, 0x58, 0xDE, 0x1A, 0xF7, 0x37, 0xD6,
  0xD9, 0xE6, 0x3B, 0xF7, 0xB9, 0xE6, 0xB9, 0xEE, 0x3B, 0xF7, 0x3B, 0xF7, 0xFA, 0xEE, 0xFA, 0xEE,
  0x3B, 0xF7, 0x78, 0xDE, 0x78, 0xE6, 0xB9, 0xE6, 0x99, 0xE6, 0x58, 0xDE, 0x58, 0xDE, 0x37, 0xD6,
  0x1A, 0xF7, 0x5B, 0xFF, 0x5B, 0xFF, 0x5B, 0xFF, 0x5B, 0xFF, 0x5B, 0xFF, 0x5B, 0xFF, 0x5B, 0xFF,
  0x3A, 0xFF, 0x5A, 0xFF, 0x5A, 0xFF, 0x5A, 0xFF, 0x5A, 0xFF, 0x5B, 0xFF, 0x5B, 0xFF, 0x5A, 0xFF,
  0x5A, 0xFF, 0x5A, 0xFF, 0x5B, 0xFF, 0xF9, 0xEE, 0xFA, 0xEE, 0x5C, 0xF7, 0x7C, 0xFF, 0x1B, 0xF7,
  0xFA, 0xF6, 0x1A, 0xF7, 0x5B, 0xF7, 0x3B, 0xF7, 0x3B, 0xF7, 0x5C, 0xFF, 0xFA, 0xEE, 0xDA, 0xEE,
  0xFA, 0xEE, 0xFA, 0xEE, 0x5C, 0xFF, 0xB9, 0xE6, 0x78, 0xDE, 0x99, 0xE6, 0x17, 0xD6, 0xB9, 0xEE,
  0x70, 0x9C, 0xF6, 0xCD, 0xAD, 0x83, 0x86, 0x39, 0xA6, 0x41, 0xA6, 0x39, 0x85, 0x39, 0x65, 0x31,
  0x86, 0x39, 0xA6, 0x39, 0x85, 0x39, 0x07, 0x4A, 0x48, 0x52, 0x54, 0xBD, 0x37, 0xD6, 0x3B, 0xF7,
  0x5C, 0xFF, 0x5C, 0xF7, 0x5C, 0xF7, 0x3B, 0xF7, 0x3B, 0xF7, 0x5C, 0xFF, 0x5C, 0xFF, 0x5C, 0xFF,
  0x5C, 0xF7, 0x1B, 0xF7, 0x3B, 0xF7, 0x5C, 0xF7, 0x1A, 0xF7, 0x3B, 0xF7, 0x3B, 0xF7, 0x3B, 0xF7,
  0x1B, 0xF7, 0x3B, 0xF7, 0x7C, 0xFF, 0x3B, 0xF7, 0xFA, 0xEE, 0x99, 0xE6, 0x1B, 0xF7, 0xFA, 0xEE,
  0x1B, 0xF7, 0x3B, 0xF7, 0x5C, 0xFF, 0x3B, 0xF7, 0xFA, 0xEE, 0x1B, 0xF7, 0x5B, 0xF7, 0x7C, 0xFF,
  0xB9, 0xE6, 0x2F, 0x94, 0xCA, 0x6A, 0xC6, 0x41, 0xA6, 0x39, 0x85, 0x39, 0x45, 0x31, 0x65, 0x31,
  0x65, 0x31, 0x07, 0x4A, 0xE7, 0x41, 0xCE, 0x8B, 0xBD, 0xFF, 0xF6, 0xCD, 0x17, 0xD6, 0x9D, 0xFF,
  0x5C, 0xF7, 0xFA, 0xEE, 0xDA, 0xEE, 0x3B, 0xF7, 0x1B, 0xF7, 0x58, 0xDE, 0xB9, 0xEE, 0x17, 0xD6,
  0x1B, 0xEF, 0xFA, 0xEE, 0xB9, 0xE6, 0xDA, 0xEE, 0x1B, 0xF7, 0x3B, 0xF7, 0xDA, 0xEE, 0x3B, 0xF7,
  0xFA, 0xEE, 0x78, 0xDE, 0x99, 0xE6, 0xB9, 0xE6, 0x99, 0xE6, 0x58, 0xDE, 0x58, 0xDE, 0x38, 0xD6,
  0x1A, 0xF7, 0x5B, 0xFF, 0x5B, 0xFF, 0x5B, 0xFF, 0x5B, 0xFF, 0x5B, 0xFF, 0x5B, 0xFF, 0x5B, 0xFF,
  0x5A, 0xFF, 0x5A, 0xFF, 0x5A, 0xFF, 0x5A, 0xFF, 0x5B, 0xFF, 0x5B, 0xFF, 0x5B, 0xFF, 0x5A, 0xFF,
  0x5A, 0xFF, 0x5B, 0xFF, 0x5B, 0xFF, 0xD9, 0xEE, 0xFA, 0xEE, 0x3B, 0xF7, 0x5C, 0xFF, 0x3B, 0xF7,
  0xFA, 0xF6, 0xFA, 0xEE, 0x3B, 0xF7, 0x5B, 0xF7, 0x3B, 0xF7, 0x5C, 0xFF, 0x3B, 0xF7, 0xB9, 0xEE,
  0xFA, 0xF6, 0xDA, 0xEE, 0x3B, 0xF7, 0xDA, 0xEE, 0x37, 0xDE, 0x58, 0xDE, 0x58, 0xDE, 0x37, 0xD6,
  0x70, 0x9C, 0x37, 0xDE, 0x2B, 0x73, 0x65, 0x39, 0xC6, 0x41, 0xA6, 0x39, 0x85, 0x39, 0x65, 0x31,
  0x86, 0x39, 0xA6, 0x41, 0xA6, 0x39, 0xE7, 0x49, 0xAA, 0x62, 0xF6, 0xD5, 0x58, 0xDE, 0x5B, 0xF7,
  0x5C, 0xFF, 0x5C, 0xFF, 0x5C, 0xFF, 0x3B, 0xF7, 0x3B, 0xF7, 0x5C, 0xFF, 0x5C, 0xFF, 0x5C, 0xFF,
  0x5C, 0xFF, 0x3B, 0xF7, 0x3B, 0xF7, 0x7C, 0xFF, 0x1B, 0xF7, 0xFA, 0xF6, 0x5B, 0xF7, 0x3B, 0xF7,
  0x3B, 0xF7, 0x1B, 0xF7, 0x5B, 0xF7, 0x5C, 0xFF, 0x1B, 0xF7, 0x58, 0xDE, 0xDA, 0xEE, 0x1B, 0xF7,
  0x3B, 0xF7, 0x5C, 0xFF, 0x5C, 0xFF, 0x3B, 0xF7, 0x1A, 0xF7, 0x3B, 0xF7, 0x5C, 0xF7, 0x5C, 0xF7,
  0x3B, 0xF7, 0xEE, 0x8B, 0xA9, 0x62, 0xE7, 0x41, 0x86, 0x39, 0x65, 0x31, 0x65, 0x31, 0x85, 0x39,
  0x65, 0x31, 0x48, 0x52, 0x48, 0x52, 0x4C, 0x73, 0x7C, 0xFF, 0xD6, 0xC5, 0x58, 0xD6, 0x7C, 0xFF,
  0x5C, 0xF7, 0x1A, 0xF7, 0xD9, 0xEE, 0x3B, 0xF7, 0x1B, 0xF7, 0x58, 0xDE, 0x78, 0xDE, 0x17, 0xD6,
  0x1B, 0xF7, 0xB9, 0xE6, 0xD9, 0xEE, 0xB9, 0xE6, 0x3B, 0xF7, 0x1B, 0xF7, 0xFA, 0xEE, 0x5B, 0xF7,
  0xB9, 0xE6, 0x78, 0xE6, 0x99, 0xE6, 0x99, 0xE6, 0x99, 0xE6, 0x58, 0xDE, 0x58, 0xDE, 0x37, 0xD6,
  0x1A, 0xF7, 0x7B, 0xFF, 0x5B, 0xFF, 0x5B, 0xFF, 0x5B, 0xFF, 0x5B, 0xFF, 0x5B, 0xFF, 0x5B, 0xFF,
  0x3A, 0xFF, 0x5A, 0xFF, 0x5A, 0xFF, 0x5A, 0xFF, 0x5B, 0xFF, 0x5B, 0xFF, 0x5B, 0xFF, 0x5B, 0xFF,
  0x5B, 0xFF, 0x5B, 0xFF, 0x5B, 0xFF, 0xDA, 0xEE, 0xFA, 0xEE, 0x3B, 0xF7, 0x5C, 0xFF, 0x3B, 0xF7,
  0xFA, 0xF6, 0x1A, 0xF7, 0x1B, 0xF7, 0x5B, 0xF7, 0x3B, 0xF7, 0x3B, 0xF7, 0x5C, 0xF7, 0xD9, 0xEE,
  0xDA, 0xEE, 0xDA, 0xEE, 0xDA, 0xEE, 0x1B, 0xF7, 0x58, 0xDE, 0x37, 0xD6, 0x37, 0xDE, 0x54, 0xBD,
  0x33, 0xB5, 0x37, 0xDE, 0x89, 0x5A, 0x65, 0x31, 0xE7, 0x49, 0xA6, 0x39, 0x86, 0x39, 0x85, 0x39,
  0xA6, 0x39, 0xC6, 0x41, 0xA6, 0x39, 0xE7, 0x49, 0x0B, 0x73, 0x78, 0xE6, 0x78, 0xDE, 0x5C, 0xFF,
  0x5C, 0xF7, 0x5C, 0xFF, 0x5C, 0xFF, 0x3B, 0xF7, 0x3B, 0xF7, 0x5C, 0xFF, 0x5C, 0xFF, 0x5C, 0xFF,
  0x5C, 0xF7, 0x5C, 0xF7, 0x3B, 0xF7, 0x5C, 0xF7, 0x3B, 0xF7, 0xFA, 0xEE, 0x3B, 0xF7, 0x3B, 0xF7,
  0x5C, 0xF7, 0x3B, 0xF7, 0x1B, 0xF7, 0x5C, 0xFF, 0x5C, 0xF7, 0x58, 0xDE, 0xFA, 0xEE, 0x3B, 0xF7,
  0x5C, 0xF7, 0x5C, 0xFF, 0x5C, 0xF7, 0x1B, 0xF7, 0x3B, 0xF7, 0x5C, 0xF7, 0x5C, 0xF7, 0x5C, 0xFF,
  0xFA, 0xEE, 0xEE, 0x8B, 0xAA, 0x62, 0xC6, 0x41, 0xA6, 0x41, 0x85, 0x39, 0x85, 0x39, 0x86, 0x39,
  0x85, 0x39, 0xAA, 0x62, 0xEB, 0x6A, 0xAA, 0x62, 0x3B, 0xF7, 0xB5, 0xC5, 0x78, 0xDE, 0x7C, 0xFF,
  0x5C, 0xF7, 0x1A, 0xF7, 0xB9, 0xE6, 0xFA, 0xEE, 0x1B, 0xF7, 0x58, 0xDE, 0x17, 0xD6, 0x57, 0xDE,
  0xDA, 0xEE, 0xB9, 0xEE, 0xB9, 0xE6, 0xB9, 0xEE, 0x5B, 0xF7, 0xFA, 0xEE, 0x3B, 0xF7, 0x1B, 0xF7,
  0x78, 0xE6, 0x78, 0xE6, 0x99, 0xE6, 0x98, 0xE6, 0x78, 0xE6, 0x58, 0xDE, 0x78, 0xDE, 0x38, 0xD6,
  0xFA, 0xF6, 0x5B, 0xFF, 0x5B, 0xFF, 0x5B, 0xFF, 0x5B, 0xFF, 0x5B, 0xFF, 0x5B, 0xFF, 0x5B, 0xFF,
  0x5A, 0xFF, 0x5B, 0xFF, 0x5A, 0xFF, 0x5A, 0xFF, 0x5A, 0xFF, 0x5B, 0xFF, 0x5B, 0xFF, 0x5B, 0xFF,
  0x5B, 0xFF, 0x5B, 0xFF, 0x3B, 0xFF, 0xFA, 0xEE, 0xFA, 0xEE, 0x3B, 0xF7, 0x5C, 0xFF, 0x3B, 0xF7,
  0xFA, 0xEE, 0x1A, 0xF7, 0x1A, 0xF7, 0x5B, 0xF7, 0x3B, 0xF7, 0x3B, 0xF7, 0x5C, 0xFF, 0xFA, 0xEE,
  0xB9, 0xEE, 0xFA, 0xEE, 0xB9, 0xEE, 0x1B, 0xF7, 0x99, 0xE6, 0xF6, 0xD5, 0x17, 0xD6, 0x91, 0xA4,
  0xD6, 0xCD, 0x16, 0xCE, 0x27, 0x52, 0x45, 0x31, 0xE7, 0x49, 0xA6, 0x39, 0x86, 0x39, 0x85, 0x39,
  0xA6, 0x41, 0xC6, 0x41, 0xA6, 0x39, 0xE7, 0x49, 0xAD, 0x83, 0xFA, 0xEE, 0x78, 0xDE, 0x5C, 0xFF,
  0x5C, 0xF7, 0x5C, 0xFF, 0x5C, 0xFF, 0x5C, 0xF7, 0x3B, 0xF7, 0x5C, 0xFF, 0x5C, 0xFF, 0x5C, 0xF7,
  0x5C, 0xF7, 0x5C, 0xF7, 0x3B, 0xF7, 0x5C, 0xF7, 0x5C, 0xF7, 0xFA, 0xEE, 0xFA, 0xEE, 0x3B, 0xF7,
  0x5C, 0xF7, 0x1B, 0xF7, 0x1A, 0xEF, 0x3B, 0xF7, 0x5C, 0xF7, 0x99, 0xE6, 0x1B, 0xF7, 0x5C, 0xF7,
  0x3B, 0xF7, 0x5B, 0xF7, 0x3B, 0xF7, 0x3B, 0xF7, 0x5C, 0xF7, 0x5C, 0xF7, 0x5C, 0xF7, 0x5C, 0xF7,
  0x99, 0xDE, 0x8D, 0x83, 0x6C, 0x7B, 0x07, 0x4A, 0xC6, 0x41, 0x65, 0x31, 0x86, 0x39, 0xA6, 0x39,
  0x86, 0x39, 0xEB, 0x6A, 0xAD, 0x83, 0x49, 0x52, 0xD9, 0xE6, 0x74, 0xBD, 0xB9, 0xE6, 0x5C, 0xF7,
  0x3B, 0xF7, 0x1B, 0xF7, 0x99, 0xE6, 0xDA, 0xEE, 0xFA, 0xEE, 0x17, 0xD6, 0xD6, 0xCD, 0x78, 0xE6,
  0xB9, 0xE6, 0xB9, 0xE6, 0x98, 0xE6, 0x1A, 0xEF, 0x3B, 0xF7, 0x1B, 0xF7, 0x3B, 0xF7, 0xB9, 0xE6,
  0x78, 0xE6, 0x99, 0xE6, 0x99, 0xE6, 0x98, 0xE6, 0x78, 0xE6, 0x58, 0xDE, 0x78, 0xDE, 0x58, 0xDE,
  0xFA, 0xEE, 0x5B, 0xFF, 0x5A, 0xFF, 0x5B, 0xFF, 0x5A, 0xFF, 0x5B, 0xFF, 0x5A, 0xFF, 0x5B, 0xFF,
  0x3A, 0xFF, 0x5A, 0xFF, 0x3A, 0xFF, 0x5A, 0xFF, 0x3A, 0xFF, 0x3A, 0xFF, 0x5B, 0xFF, 0x5B, 0xFF,
  0x5B, 0xFF, 0x5B, 0xFF, 0x3A, 0xF7, 0x1A, 0xF7, 0xFA, 0xEE, 0x1B, 0xF7, 0x5C, 0xF7, 0x3B, 0xF7,
  0xFA, 0xEE, 0x1A, 0xF7, 0xFA, 0xF6, 0x3B, 0xF7, 0x3B, 0xF7, 0x1B, 0xF7, 0x5B, 0xF7, 0x3B, 0xF7,
  0x99, 0xE6, 0xDA, 0xEE, 0xDA, 0xEE, 0xDA, 0xEE, 0xB9, 0xEE, 0x17, 0xD6, 0xD6, 0xCD, 0x2F, 0x94,
  0x98, 0xE6, 0x33, 0xB5, 0xE7, 0x49, 0xA6, 0x41, 0xE7, 0x49, 0xC6, 0x41, 0x86, 0x39, 0x86, 0x39,
  0xC6, 0x41, 0xA6, 0x41, 0xC6, 0x41, 0xE7, 0x49, 0x30, 0x94, 0x1B, 0xF7, 0x78, 0xDE, 0x7C, 0xFF,
  0x5C, 0xF7, 0x5C, 0xFF, 0x5C, 0xFF, 0x5C, 0xF7, 0x5B, 0xF7, 0x5C, 0xF7, 0x5C, 0xFF, 0x5C, 0xF7,
  0x5C, 0xF7, 0x5B, 0xF7, 0x5C, 0xF7, 0x5B, 0xF7, 0x5C, 0xF7, 0x1A, 0xEF, 0xFA, 0xEE, 0x3B, 0xF7,
  0x5B, 0xF7, 0x1A, 0xF7, 0x1B, 0xF7, 0xFA, 0xEE, 0x5C, 0xF7, 0x98, 0xE6, 0x3B, 0xF7, 0x3B, 0xF7,
  0x1A, 0xF7, 0x3B, 0xF7, 0x3B, 0xF7, 0x5C, 0xF7, 0x5C, 0xF7, 0x5C, 0xF7, 0x5C, 0xF7, 0x5C, 0xF7,
  0x57, 0xD6, 0xAD, 0x83, 0x0F, 0x94, 0x07, 0x4A, 0xC6, 0x41, 0x65, 0x31, 0xC6, 0x41, 0xC7, 0x41,
  0x85, 0x39, 0xCA, 0x62, 0x91, 0xA4, 0x28, 0x52, 0x17, 0xD6, 0x54, 0xB5, 0x1B, 0xEF, 0x3B, 0xF7,
  0x3B, 0xF7, 0x3B, 0xF7, 0x99, 0xE6, 0xB9, 0xE6, 0xDA, 0xEE, 0xF6, 0xD5, 0xF6, 0xCD, 0x99, 0xE6,
  0x99, 0xE6, 0x99, 0xE6, 0xB9, 0xE6, 0x3B, 0xF7, 0x3B, 0xF7, 0x3B, 0xF7, 0x3B, 0xF7, 0x98, 0xE6,
  0x78, 0xE6, 0x99, 0xE6, 0x99, 0xE6, 0x99, 0xE6, 0x78, 0xDE, 0x58, 0xDE, 0x79, 0xDE, 0x58, 0xDE,
  0xFA, 0xEE, 0x5B, 0xFF, 0x5B, 0xFF, 0x5B, 0xFF, 0x5B, 0xFF, 0x5B, 0xFF, 0x5B, 0xFF, 0x5B, 0xFF,
  0x5B, 0xFF, 0x5A, 0xFF, 0x5A, 0xFF, 0x5A, 0xFF, 0x5A, 0xFF, 0x5A, 0xFF, 0x5B, 0xFF, 0x5B, 0xFF,
  0x5B, 0xFF, 0x5B, 0xFF, 0x1A, 0xF7, 0x1B, 0xF7, 0xFA, 0xEE, 0x1A, 0xF7, 0x5C, 0xF7, 0x5B, 0xF7,
  0xFA, 0xEE, 0x1A, 0xF7, 0x1A, 0xF7, 0x1B, 0xF7, 0x3B, 0xF7, 0x1B, 0xF7, 0x3B, 0xF7, 0x5C, 0xF7,
  0xB9, 0xEE, 0xB9, 0xE6, 0xFA, 0xEE, 0xD9, 0xEE, 0xDA, 0xEE, 0x37, 0xDE, 0x54, 0xBD, 0x30, 0x94,
  0x1A, 0xF7, 0x0F, 0x94, 0xE6, 0x49, 0x28, 0x4A, 0xC6, 0x41, 0xC6, 0x41, 0x85, 0x39, 0x86, 0x39,
  0xA6, 0x41, 0xA6, 0x39, 0x07, 0x4A, 0xE7, 0x49, 0xB1, 0xA4, 0x3B, 0xF7, 0x78, 0xDE, 0x7C, 0xFF,
  0x5C, 0xF7, 0x5C, 0xFF, 0x5C, 0xF7, 0x5C, 0xFF, 0x5C, 0xFF, 0x5C, 0xF7, 0x5C, 0xF7, 0x5B, 0xF7,
  0x5B, 0xF7, 0x3B, 0xF7, 0x5C, 0xF7, 0x5C, 0xF7, 0x5C, 0xF7, 0x1B, 0xF7, 0xDA, 0xEE, 0x1B, 0xF7,
  0x5B, 0xF7, 0xFA, 0xEE, 0xFA, 0xEE, 0xDA, 0xEE, 0x5B, 0xF7, 0x58, 0xDE, 0xDA, 0xEE, 0x1A, 0xF7,
  0x3B, 0xF7, 0x3B, 0xF7, 0x3B, 0xF7, 0x5C, 0xF7, 0x5C, 0xF7, 0x5C, 0xF7, 0x5B, 0xF7, 0x5B, 0xF7,
  0xF6, 0xCD, 0xEE, 0x8B, 0xD2, 0xAC, 0xE6, 0x49, 0xC6, 0x41, 0x85, 0x31, 0xC7, 0x41, 0xE7, 0x41,
  0x86, 0x39, 0xEB, 0x6A, 0x74, 0xC5, 0x89, 0x5A, 0xB1, 0xA4, 0x95, 0xBD, 0x5B, 0xF7, 0x3B, 0xF7,
  0x3B, 0xF7, 0x3B, 0xF7, 0xB9, 0xE6, 0x78, 0xE6, 0x99, 0xE6, 0xB5, 0xC5, 0xF6, 0xCD, 0x99, 0xE6,
  0x99, 0xE6, 0x99, 0xE6, 0xDA, 0xEE, 0x5B, 0xF7, 0x3B, 0xF7, 0x5B, 0xF7, 0xFA, 0xEE, 0x78, 0xDE,
  0x78, 0xE6, 0x99, 0xE6, 0x99, 0xE6, 0x99, 0xE6, 0x78, 0xDE, 0x58, 0xDE, 0x79, 0xDE, 0x58, 0xDE,
  0xFA, 0xEE, 0x5B, 0xFF, 0x5B, 0xFF, 0x5B, 0xFF, 0x5B, 0xFF, 0x5B, 0xFF, 0x5B, 0xFF, 0x5B, 0xFF,
  0x5B, 0xFF, 0x5B, 0xFF, 0x5A, 0xFF, 0x5A, 0xFF, 0x5A, 0xFF, 0x5A, 0xFF, 0x5B, 0xFF, 0x5B, 0xFF,
  0x5B, 0xFF, 0x5B, 0xFF, 0x1A, 0xF7, 0x3B, 0xF7, 0xFA, 0xEE, 0xFA, 0xEE, 0x5C, 0xF7, 0x5C, 0xF7,
  0x1A, 0xF7, 0xFA, 0xF6, 0x1A, 0xF7, 0xFA, 0xEE, 0x3B, 0xF7, 0x3B, 0xF7, 0x1B, 0xF7, 0x5C, 0xF7,
  0x1B, 0xF7, 0x78, 0xE6, 0xDA, 0xEE, 0xDA, 0xEE, 0xB9, 0xE6, 0x78, 0xDE, 0x13, 0xB5, 0x91, 0xA4,
  0x1B, 0xF7, 0xAD, 0x83, 0x07, 0x4A, 0x69, 0x5A, 0xA6, 0x39, 0xA6, 0x41, 0x85, 0x39, 0x86, 0x39,
  0xA6, 0x39, 0xC6, 0x41, 0x69, 0x5A, 0xE7, 0x49, 0x13, 0xB5, 0x5C, 0xFF, 0x78, 0xDE, 0x5C, 0xFF,
  0x5C, 0xF7, 0x5C, 0xFF, 0x5C, 0xF7, 0x5C, 0xFF, 0x5C, 0xF7, 0x5B, 0xF7, 0x5B, 0xF7, 0x3B, 0xF7,
  0x5B, 0xF7, 0x3B, 0xF7, 0x3B, 0xF7, 0x5C, 0xF7, 0x7C, 0xFF, 0x5B, 0xF7, 0xFA, 0xEE, 0x3B, 0xF7,
  0x5C, 0xF7, 0x3B, 0xF7, 0xDA, 0xEE, 0x5B, 0xF7, 0x5C, 0xF7, 0x37, 0xDE, 0xB9, 0xEE, 0x1B, 0xF7,
  0x5C, 0xF7, 0x5B, 0xF7, 0x5C, 0xF7, 0x5C, 0xF7, 0x5C, 0xF7, 0x5B, 0xF7, 0x3B, 0xF7, 0x5C, 0xFF,
  0xB5, 0xC5, 0x2F, 0x94, 0x74, 0xBD, 0xC6, 0x49, 0xC6, 0x41, 0x65, 0x31, 0xA6, 0x41, 0xC6, 0x41,
  0xA6, 0x39, 0x0B, 0x6B, 0xF6, 0xD5, 0x2C, 0x73, 0x2B, 0x6B, 0x37, 0xD6, 0x5C, 0xF7, 0x3B, 0xF7,
  0x3B, 0xF7, 0x3B, 0xF7, 0x99, 0xE6, 0x78, 0xDE, 0x78, 0xE6, 0x75, 0xBD, 0xF6, 0xCD, 0x78, 0xDE,
  0x99, 0xE6, 0x99, 0xE6, 0x1B, 0xF7, 0x3B, 0xF7, 0x3B, 0xF7, 0x3B, 0xF7, 0x99, 0xE6, 0x78, 0xE6,
  0x98, 0xE6, 0x99, 0xE6, 0x99, 0xE6, 0x99, 0xE6, 0x58, 0xDE, 0x78, 0xDE, 0x79, 0xDE, 0x58, 0xD6,
  0xF9, 0xEE, 0x5B, 0xFF, 0x5B, 0xFF, 0x5B, 0xFF, 0x5B, 0xFF, 0x5B, 0xFF, 0x5B, 0xFF, 0x5B, 0xFF,
};

const lv_image_dsc_t emotion_funny = {
  .header = {
    .magic = LV_IMAGE_HEADER_MAGIC,
    .cf = LV_COLOR_FORMAT_RGB565,
    .flags = 0,
    .w = 128,
    .h = 128,
    .stride = 256,
    .reserved_2 = 0,
  },
  .data_size = 32768,
  .data = emotion_funny_map,
  .reserved = NULL,
};
